frame,video_timestamp,submission_time,queue_entry_time,queue_wait_ms,dropped_before_inference,drop_reason,http_status,http_statuses,http_requests,http_error_or_timeout,returned_keypoints,keypoint_count,keypoint_confidence,local_validation_result,local_refusal_reason,calibration_state,calibration_accepted,inference_latency_ms,outcome,detector_error,payload_predictions
1,00:00.040,1791382647.0147324,1791382647.0147324,1.18,no,,200,200,1,PitchDetectError: response held no keypoints,False,0,,no keypoints to validate,,no_calibration,,1491.62,no_keypoints,response held no keypoints,0
6,00:00.240,1791382648.65718,1791382648.65718,0.48,no,,200,200,1,PitchDetectError: response held no keypoints,False,0,,no keypoints to validate,,no_calibration,,529.99,no_keypoints,response held no keypoints,0
11,00:00.440,1791382648.8418674,1791382648.8418674,346.36,no,,200,200,1,PitchDetectError: response held no keypoints,False,0,,no keypoints to validate,,no_calibration,,523.11,no_keypoints,response held no keypoints,0
16,00:00.640,1791382649.0193996,1791382649.0193996,344.39,yes,queue_full_evicted_by_newer_frame,,,0,,,,,never validated (dropped before inference),,,,,queue_drop_evicted,,
21,00:00.840,1791382649.1876218,1791382649.1876218,355.15,yes,queue_full_evicted_by_newer_frame,,,0,,,,,never validated (dropped before inference),,,,,queue_drop_evicted,,
26,00:01.040,1791382649.3631873,1791382649.3631873,347.84,no,,200,200,1,PitchDetectError: response held no keypoints,False,0,,no keypoints to validate,,no_calibration,,535.01,no_keypoints,response held no keypoints,0
31,00:01.240,1791382649.5459042,1791382649.5459042,366.02,yes,queue_full_evicted_by_newer_frame,,,0,,,,,never validated (dropped before inference),,,,,queue_drop_evicted,,
36,00:01.440,1791382649.7328508,1791382649.7328508,359.93,yes,queue_full_evicted_by_newer_frame,,,0,,,,,never validated (dropped before inference),,,,,queue_drop_evicted,,
41,00:01.640,1791382649.9124107,1791382649.9124107,335.07,no,,200,200,1,PitchDetectError: response held no keypoints,False,0,,no keypoints to validate,,no_calibration,,514.39,no_keypoints,response held no keypoints,0
46,00:01.840,1791382650.0926354,1791382650.0926354,360.13,yes,queue_full_evicted_by_newer_frame,,,0,,,,,never validated (dropped before inference),,,,,queue_drop_evicted,,
51,00:02.040,1791382650.2726612,1791382650.2726612,351.77,yes,queue_full_evicted_by_newer_frame,,,0,,,,,never validated (dropped before inference),,,,,queue_drop_evicted,,
56,00:02.240,1791382650.4535532,1791382650.4535532,308.68,no,,200,200,1,PitchDetectError: response held no keypoints,False,0,,no keypoints to validate,,no_calibration,,505.39,no_keypoints,response held no keypoints,0
61,00:02.440,1791382650.626416,1791382650.626416,350.27,yes,queue_full_evicted_by_newer_frame,,,0,,,,,never validated (dropped before inference),,,,,queue_drop_evicted,,
66,00:02.640,1791382650.802896,1791382650.802896,349.75,yes,queue_full_evicted_by_newer_frame,,,0,,,,,never validated (dropped before inference),,,,,queue_drop_evicted,,
71,00:02.840,1791382650.975435,1791382650.975435,290.93,no,,200,200,1,PitchDetectError: response held no keypoints,False,0,,no keypoints to validate,,no_calibration,,512.02,no_keypoints,response held no keypoints,0
76,00:03.040,1791382651.1527896,1791382651.1527896,381.37,yes,queue_full_evicted_by_newer_frame,,,0,,,,,never validated (dropped before inference),,,,,queue_drop_evicted,,
81,00:03.240,1791382651.3326163,1791382651.3326163,387.79,yes,queue_full_evicted_by_newer_frame,,,0,,,,,never validated (dropped before inference),,,,,queue_drop_evicted,,
86,00:03.440,1791382651.5346093,1791382651.5346093,245.75,no,,200,200,1,PitchDetectError: response held no keypoints,False,0,,no keypoints to validate,,no_calibration,,515.13,no_keypoints,response held no keypoints,0
91,00:03.640,1791382651.7201087,1791382651.7201087,354.33,yes,queue_full_evicted_by_newer_frame,,,0,,,,,never validated (dropped before inference),,,,,queue_drop_evicted,,
96,00:03.840,1791382651.9024792,1791382651.9024792,339.22,yes,queue_full_evicted_by_newer_frame,,,0,,,,,never validated (dropped before inference),,,,,queue_drop_evicted,,
101,00:04.040,1791382652.0747414,1791382652.0747414,220.83,no,,200,200,1,,True,4,0.8674,accepted,,no_calibration,yes,579.9,detected,,1
106,00:04.240,1791382652.2418187,1791382652.2418187,375.71,yes,queue_full_evicted_by_newer_frame,,,0,,,,,never validated (dropped before inference),,,,,queue_drop_evicted,,
111,00:04.440,1791382652.4024653,1791382652.4024653,391.04,yes,queue_full_evicted_by_newer_frame,,,0,,,,,never validated (dropped before inference),,,,,queue_drop_evicted,,
116,00:04.640,1791382652.6176355,1791382652.6176355,259.37,no,,200,200,1,,True,4,0.8545,accepted,,calibrated,yes,596.09,detected,,1
121,00:04.840,1791382652.799708,1791382652.799708,358.0,yes,queue_full_evicted_by_newer_frame,,,0,,,,,never validated (dropped before inference),,,,,queue_drop_evicted,,
126,00:05.040,1791382652.9856856,1791382652.9856856,340.53,yes,queue_full_evicted_by_newer_frame,,,0,,,,,never validated (dropped before inference),,,,,queue_drop_evicted,,
131,00:05.240,1791382653.1587384,1791382653.1587384,315.22,no,,200,200,1,PitchDetectError: response held no keypoints,False,0,,no keypoints to validate,,calibrated,,577.51,no_keypoints,response held no keypoints,0
136,00:05.440,1791382653.3259158,1791382653.3259158,345.85,yes,queue_full_evicted_by_newer_frame,,,0,,,,,never validated (dropped before inference),,,,,queue_drop_evicted,,
141,00:05.640,1791382653.4988685,1791382653.4988685,335.82,yes,queue_full_evicted_by_newer_frame,,,0,,,,,never validated (dropped before inference),,,,,queue_drop_evicted,,
146,00:05.840,1791382653.6728077,1791382653.6728077,336.81,yes,queue_full_evicted_by_newer_frame,,,0,,,,,never validated (dropped before inference),,,,,queue_drop_evicted,,
151,00:06.040,1791382653.8348157,1791382653.8348157,216.24,no,,200,200,1,PitchDetectError: response held no keypoints,False,0,,no keypoints to validate,,calibration_expired,,583.45,no_keypoints,response held no keypoints,0
156,00:06.240,1791382654.0128913,1791382654.0128913,622.01,no,,200,200,1,PitchDetectError: response held no keypoints,False,0,,no keypoints to validate,,calibration_expired,,553.08,no_keypoints,response held no keypoints,0
161,00:06.440,1791382654.1763012,1791382654.1763012,1011.86,no,,200,200,1,PitchDetectError: response held no keypoints,False,0,,no keypoints to validate,,calibration_expired,,549.29,no_keypoints,response held no keypoints,0
166,00:06.640,1791382656.3457341,1791382656.3457341,0.34,no,,200,200,1,PitchDetectError: response held no keypoints,False,0,,no keypoints to validate,,calibration_expired,,563.56,no_keypoints,response held no keypoints,0
171,00:06.840,1791382656.5297153,1791382656.5297153,361.43,yes,queue_full_evicted_by_newer_frame,,,0,,,,,never validated (dropped before inference),,,,,queue_drop_evicted,,
176,00:07.040,1791382656.709574,1791382656.709574,200.7,no,,200,200,1,PitchDetectError: response held no keypoints,False,0,,no keypoints to validate,,calibration_expired,,577.93,no_keypoints,response held no keypoints,0
181,00:07.240,1791382656.8915923,1791382656.8915923,391.53,yes,queue_full_evicted_by_newer_frame,,,0,,,,,never validated (dropped before inference),,,,,queue_drop_evicted,,
186,00:07.440,1791382657.088128,1791382657.088128,399.87,no,,200,200,1,PitchDetectError: response held no keypoints,False,0,,no keypoints to validate,,calibration_expired,,597.0,no_keypoints,response held no keypoints,0
191,00:07.640,1791382657.282681,1791382657.282681,426.74,yes,queue_full_evicted_by_newer_frame,,,0,,,,,never validated (dropped before inference),,,,,queue_drop_evicted,,
196,00:07.840,1791382657.5264647,1791382657.5264647,372.56,yes,queue_full_evicted_by_newer_frame,,,0,,,,,never validated (dropped before inference),,,,,queue_drop_evicted,,
201,00:08.040,1791382657.70386,1791382657.70386,369.17,yes,queue_full_evicted_by_newer_frame,,,0,,,,,never validated (dropped before inference),,,,,queue_drop_evicted,,
206,00:08.240,1791382657.899263,1791382657.899263,186.81,no,,200,200,1,PitchDetectError: response held no keypoints,False,0,,no keypoints to validate,,calibration_expired,,573.18,no_keypoints,response held no keypoints,0
211,00:08.440,1791382658.0786798,1791382658.0786798,334.64,yes,queue_full_evicted_by_newer_frame,,,0,,,,,never validated (dropped before inference),,,,,queue_drop_evicted,,
216,00:08.640,1791382658.244723,1791382658.244723,348.31,yes,queue_full_evicted_by_newer_frame,,,0,,,,,never validated (dropped before inference),,,,,queue_drop_evicted,,
221,00:08.840,1791382658.41286,1791382658.41286,246.1,no,,200,200,1,PitchDetectError: response held no keypoints,False,0,,no keypoints to validate,,calibration_expired,,424.99,no_keypoints,response held no keypoints,0
226,00:09.040,1791382658.5926642,1791382658.5926642,356.48,yes,queue_full_evicted_by_newer_frame,,,0,,,,,never validated (dropped before inference),,,,,queue_drop_evicted,,
231,00:09.240,1791382658.7774298,1791382658.7774298,306.78,no,,200,200,1,PitchDetectError: response held no keypoints,False,0,,no keypoints to validate,,calibration_expired,,426.25,no_keypoints,response held no keypoints,0
236,00:09.440,1791382658.9495485,1791382658.9495485,335.33,yes,queue_full_evicted_by_newer_frame,,,0,,,,,never validated (dropped before inference),,,,,queue_drop_evicted,,
241,00:09.640,1791382659.1210685,1791382659.1210685,335.59,yes,queue_full_evicted_by_newer_frame,,,0,,,,,never validated (dropped before inference),,,,,queue_drop_evicted,,
246,00:09.840,1791382659.2845304,1791382659.2845304,226.88,no,,200,200,1,PitchDetectError: response held no keypoints,False,0,,no keypoints to validate,,calibration_expired,,433.83,no_keypoints,response held no keypoints,0
251,00:10.040,1791382659.4574478,1791382659.4574478,349.48,yes,queue_full_evicted_by_newer_frame,,,0,,,,,never validated (dropped before inference),,,,,queue_drop_evicted,,
256,00:10.240,1791382659.6251376,1791382659.6251376,317.22,no,,200,200,1,PitchDetectError: response held no keypoints,False,0,,no keypoints to validate,,calibration_expired,,444.32,no_keypoints,response held no keypoints,0
261,00:10.440,1791382659.804104,1791382659.804104,394.73,yes,queue_full_evicted_by_newer_frame,,,0,,,,,never validated (dropped before inference),,,,,queue_drop_evicted,,
266,00:10.640,1791382660.0032296,1791382660.0032296,386.38,no,,200,200,1,PitchDetectError: response held no keypoints,False,0,,no keypoints to validate,,calibration_expired,,509.58,no_keypoints,response held no keypoints,0
271,00:10.840,1791382660.2009733,1791382660.2009733,383.7,yes,queue_full_evicted_by_newer_frame,,,0,,,,,never validated (dropped before inference),,,,,queue_drop_evicted,,
276,00:11.040,1791382660.3907342,1791382660.3907342,373.9,yes,queue_full_evicted_by_newer_frame,,,0,,,,,never validated (dropped before inference),,,,,queue_drop_evicted,,
281,00:11.240,1791382660.584775,1791382660.584775,314.8,no,,200,200,1,PitchDetectError: response held no keypoints,False,0,,no keypoints to validate,,calibration_expired,,494.64,no_keypoints,response held no keypoints,0
286,00:11.440,1791382660.7652261,1791382660.7652261,262.56,yes,queue_full_evicted_by_newer_frame,,,0,,,,,never validated (dropped before inference),,,,,queue_drop_evicted,,
291,00:11.640,1791382660.901386,1791382660.901386,439.51,yes,queue_full_evicted_by_newer_frame,,,0,,,,,never validated (dropped before inference),,,,,queue_drop_evicted,,
296,00:11.840,1791382661.028191,1791382661.028191,366.88,no,,200,200,1,PitchDetectError: response held no keypoints,False,0,,no keypoints to validate,,calibration_expired,,534.41,no_keypoints,response held no keypoints,0
301,00:12.040,1791382661.3407269,1791382661.3407269,252.95,yes,queue_full_evicted_by_newer_frame,,,0,,,,,never validated (dropped before inference),,,,,queue_drop_evicted,,
306,00:12.240,1791382661.4686284,1791382661.4686284,241.65,yes,queue_full_evicted_by_newer_frame,,,0,,,,,never validated (dropped before inference),,,,,queue_drop_evicted,,
311,00:12.440,1791382661.5938025,1791382661.5938025,236.11,yes,queue_full_evicted_by_newer_frame,,,0,,,,,never validated (dropped before inference),,,,,queue_drop_evicted,,
316,00:12.640,1791382661.7109783,1791382661.7109783,218.47,no,,200,200,1,PitchDetectError: response held no keypoints,False,0,,no keypoints to validate,,calibration_expired,,528.17,no_keypoints,response held no keypoints,0
321,00:12.840,1791382661.8305776,1791382661.8305776,230.26,yes,queue_full_evicted_by_newer_frame,,,0,,,,,never validated (dropped before inference),,,,,queue_drop_evicted,,
326,00:13.040,1791382661.9477644,1791382661.9477644,227.67,yes,queue_full_evicted_by_newer_frame,,,0,,,,,never validated (dropped before inference),,,,,queue_drop_evicted,,
331,00:13.240,1791382662.0602121,1791382662.0602121,247.1,yes,queue_full_evicted_by_newer_frame,,,0,,,,,never validated (dropped before inference),,,,,queue_drop_evicted,,
336,00:13.440,1791382662.1755648,1791382662.1755648,275.33,yes,queue_full_evicted_by_newer_frame,,,0,,,,,never validated (dropped before inference),,,,,queue_drop_evicted,,
341,00:13.640,1791382662.307155,1791382662.307155,150.06,no,,200,200,1,,True,4,0.8328,accepted,,calibration_expired,yes,482.54,detected,,1
346,00:13.840,1791382662.4500864,1791382662.4500864,399.29,yes,queue_full_evicted_by_newer_frame,,,0,,,,,never validated (dropped before inference),,,,,queue_drop_evicted,,
351,00:14.040,1791382662.6445029,1791382662.6445029,288.57,no,,200,200,1,,True,4,0.7603,refused: only_2_usable_keypoints,only_2_usable_keypoints,calibrated,no,445.33,refused,,1
356,00:14.240,1791382662.850475,1791382662.850475,346.65,yes,queue_full_evicted_by_newer_frame,,,0,,,,,never validated (dropped before inference),,,,,queue_drop_evicted,,
361,00:14.440,1791382663.0123873,1791382663.0123873,361.44,yes,queue_full_evicted_by_newer_frame,,,0,,,,,never validated (dropped before inference),,,,,queue_drop_evicted,,
366,00:14.640,1791382663.1965883,1791382663.1965883,189.74,no,,200,200,1,,True,4,0.7982,refused: keypoint_hull_too_small,keypoint_hull_too_small,temporary_loss,no,467.62,refused,,1
371,00:14.840,1791382663.3757396,1791382663.3757396,363.02,yes,queue_full_evicted_by_newer_frame,,,0,,,,,never validated (dropped before inference),,,,,queue_drop_evicted,,
376,00:15.040,1791382663.552612,1791382663.552612,301.78,no,,200,200,1,PitchDetectError: response held no keypoints,False,0,,no keypoints to validate,,calibration_expired,,459.23,no_keypoints,response held no keypoints,0
381,00:15.240,1791382663.7327764,1791382663.7327764,575.45,no,,200,200,1,PitchDetectError: response held no keypoints,False,0,,no keypoints to validate,,calibration_expired,,547.89,no_keypoints,response held no keypoints,0
386,00:15.440,1791382664.8594134,1791382664.8594134,2.28,no,,200,200,1,PitchDetectError: response held no keypoints,False,0,,no keypoints to validate,,calibration_expired,,479.62,no_keypoints,response held no keypoints,0
391,00:15.640,1791382664.9831343,1791382664.9831343,229.22,yes,queue_full_evicted_by_newer_frame,,,0,,,,,never validated (dropped before inference),,,,,queue_drop_evicted,,
396,00:15.840,1791382665.1002026,1791382665.1002026,242.02,no,,200,200,1,PitchDetectError: response held no keypoints,False,0,,no keypoints to validate,,calibration_expired,,452.34,no_keypoints,response held no keypoints,0
401,00:16.040,1791382665.2128048,1791382665.2128048,268.16,yes,queue_full_evicted_by_newer_frame,,,0,,,,,never validated (dropped before inference),,,,,queue_drop_evicted,,
406,00:16.240,1791382665.3557622,1791382665.3557622,233.93,yes,queue_full_evicted_by_newer_frame,,,0,,,,,never validated (dropped before inference),,,,,queue_drop_evicted,,
411,00:16.440,1791382665.480903,1791382665.480903,229.98,yes,queue_full_evicted_by_newer_frame,,,0,,,,,never validated (dropped before inference),,,,,queue_drop_evicted,,
416,00:16.640,1791382665.5904107,1791382665.5904107,204.56,no,,200,200,1,PitchDetectError: response held no keypoints,False,0,,no keypoints to validate,,calibration_expired,,480.17,no_keypoints,response held no keypoints,0
421,00:16.840,1791382665.7104604,1791382665.7104604,237.89,yes,queue_full_evicted_by_newer_frame,,,0,,,,,never validated (dropped before inference),,,,,queue_drop_evicted,,
426,00:17.040,1791382665.8373828,1791382665.8373828,225.43,yes,queue_full_evicted_by_newer_frame,,,0,,,,,never validated (dropped before inference),,,,,queue_drop_evicted,,
431,00:17.240,1791382665.9475791,1791382665.9475791,239.03,yes,queue_full_evicted_by_newer_frame,,,0,,,,,never validated (dropped before inference),,,,,queue_drop_evicted,,
436,00:17.440,1791382666.0626206,1791382666.0626206,212.57,no,,200,200,1,PitchDetectError: response held no keypoints,False,0,,no keypoints to validate,,calibration_expired,,491.02,no_keypoints,response held no keypoints,0
441,00:17.640,1791382666.1871543,1791382666.1871543,237.96,yes,queue_full_evicted_by_newer_frame,,,0,,,,,never validated (dropped before inference),,,,,queue_drop_evicted,,
446,00:17.840,1791382666.3036754,1791382666.3036754,235.86,yes,queue_full_evicted_by_newer_frame,,,0,,,,,never validated (dropped before inference),,,,,queue_drop_evicted,,
451,00:18.040,1791382666.4248576,1791382666.4248576,231.06,yes,queue_full_evicted_by_newer_frame,,,0,,,,,never validated (dropped before inference),,,,,queue_drop_evicted,,
456,00:18.240,1791382666.5397713,1791382666.5397713,226.85,no,,200,200,1,PitchDetectError: response held no keypoints,False,0,,no keypoints to validate,,calibration_expired,,495.62,no_keypoints,response held no keypoints,0
461,00:18.440,1791382666.6537414,1791382666.6537414,232.28,yes,queue_full_evicted_by_newer_frame,,,0,,,,,never validated (dropped before inference),,,,,queue_drop_evicted,,
466,00:18.640,1791382666.7734795,1791382666.7734795,229.97,yes,queue_full_evicted_by_newer_frame,,,0,,,,,never validated (dropped before inference),,,,,queue_drop_evicted,,
471,00:18.840,1791382666.8889568,1791382666.8889568,234.27,yes,queue_full_evicted_by_newer_frame,,,0,,,,,never validated (dropped before inference),,,,,queue_drop_evicted,,
476,00:19.040,1791382667.0037458,1791382667.0037458,236.47,yes,queue_full_evicted_by_newer_frame,,,0,,,,,never validated (dropped before inference),,,,,queue_drop_evicted,,
481,00:19.240,1791382667.1226866,1791382667.1226866,139.14,no,,200,200,1,PitchDetectError: response held no keypoints,False,0,,no keypoints to validate,,calibration_expired,,623.24,no_keypoints,response held no keypoints,0
486,00:19.440,1791382667.24063,1791382667.24063,241.1,yes,queue_full_evicted_by_newer_frame,,,0,,,,,never validated (dropped before inference),,,,,queue_drop_evicted,,
491,00:19.640,1791382667.356298,1791382667.356298,232.49,yes,queue_full_evicted_by_newer_frame,,,0,,,,,never validated (dropped before inference),,,,,queue_drop_evicted,,
496,00:19.840,1791382667.4810588,1791382667.4810588,223.76,yes,queue_full_evicted_by_newer_frame,,,0,,,,,never validated (dropped before inference),,,,,queue_drop_evicted,,
501,00:20.040,1791382667.588769,1791382667.588769,232.03,yes,queue_full_evicted_by_newer_frame,,,0,,,,,never validated (dropped before inference),,,,,queue_drop_evicted,,
506,00:20.240,1791382667.7049546,1791382667.7049546,180.15,no,,200,200,1,PitchDetectError: response held no keypoints,False,0,,no keypoints to validate,,calibration_expired,,494.78,no_keypoints,response held no keypoints,0
511,00:20.440,1791382667.8215911,1791382667.8215911,244.43,yes,queue_full_evicted_by_newer_frame,,,0,,,,,never validated (dropped before inference),,,,,queue_drop_evicted,,
516,00:20.640,1791382667.9492416,1791382667.9492416,224.34,yes,queue_full_evicted_by_newer_frame,,,0,,,,,never validated (dropped before inference),,,,,queue_drop_evicted,,
521,00:20.840,1791382668.0659518,1791382668.0659518,218.84,yes,queue_full_evicted_by_newer_frame,,,0,,,,,never validated (dropped before inference),,,,,queue_drop_evicted,,
526,00:21.040,1791382668.1739473,1791382668.1739473,206.53,no,,200,200,1,PitchDetectError: response held no keypoints,False,0,,no keypoints to validate,,calibration_expired,,458.59,no_keypoints,response held no keypoints,0
531,00:21.240,1791382668.2846293,1791382668.2846293,241.5,yes,queue_full_evicted_by_newer_frame,,,0,,,,,never validated (dropped before inference),,,,,queue_drop_evicted,,
536,00:21.440,1791382668.4075704,1791382668.4075704,230.16,yes,queue_full_evicted_by_newer_frame,,,0,,,,,never validated (dropped before inference),,,,,queue_drop_evicted,,
541,00:21.640,1791382668.525463,1791382668.525463,226.66,yes,queue_full_evicted_by_newer_frame,,,0,,,,,never validated (dropped before inference),,,,,queue_drop_evicted,,
546,00:21.840,1791382668.6379528,1791382668.6379528,201.48,no,,200,200,1,PitchDetectError: response held no keypoints,False,0,,no keypoints to validate,,calibration_expired,,451.73,no_keypoints,response held no keypoints,0
551,00:22.040,1791382668.7524164,1791382668.7524164,234.84,yes,queue_full_evicted_by_newer_frame,,,0,,,,,never validated (dropped before inference),,,,,queue_drop_evicted,,
556,00:22.240,1791382668.8735578,1791382668.8735578,222.32,yes,queue_full_evicted_by_newer_frame,,,0,,,,,never validated (dropped before inference),,,,,queue_drop_evicted,,
561,00:22.440,1791382668.9868362,1791382668.9868362,219.84,yes,queue_full_evicted_by_newer_frame,,,0,,,,,never validated (dropped before inference),,,,,queue_drop_evicted,,
566,00:22.640,1791382669.096248,1791382669.096248,194.72,no,,200,200,1,PitchDetectError: response held no keypoints,False,0,,no keypoints to validate,,calibration_expired,,445.89,no_keypoints,response held no keypoints,0
571,00:22.840,1791382669.2067387,1791382669.2067387,230.66,yes,queue_full_evicted_by_newer_frame,,,0,,,,,never validated (dropped before inference),,,,,queue_drop_evicted,,
576,00:23.040,1791382669.3239796,1791382669.3239796,242.44,yes,queue_full_evicted_by_newer_frame,,,0,,,,,never validated (dropped before inference),,,,,queue_drop_evicted,,
581,00:23.240,1791382669.437845,1791382669.437845,252.12,yes,queue_full_evicted_by_newer_frame,,,0,,,,,never validated (dropped before inference),,,,,queue_drop_evicted,,
586,00:23.440,1791382669.5667644,1791382669.5667644,170.7,no,,200,200,1,PitchDetectError: response held no keypoints,False,0,,no keypoints to validate,,calibration_expired,,506.05,no_keypoints,response held no keypoints,0
591,00:23.640,1791382669.689646,1791382669.689646,236.8,yes,queue_full_evicted_by_newer_frame,,,0,,,,,never validated (dropped before inference),,,,,queue_drop_evicted,,
596,00:23.840,1791382669.8106189,1791382669.8106189,231.25,yes,queue_full_evicted_by_newer_frame,,,0,,,,,never validated (dropped before inference),,,,,queue_drop_evicted,,
601,00:24.040,1791382669.9263287,1791382669.9263287,231.9,yes,queue_full_evicted_by_newer_frame,,,0,,,,,never validated (dropped before inference),,,,,queue_drop_evicted,,
606,00:24.240,1791382670.042736,1791382670.042736,200.91,no,,200,200,1,,True,4,0.8118,accepted,,calibration_expired,yes,463.72,detected,,1
611,00:24.440,1791382670.1582835,1791382670.1582835,235.06,yes,queue_full_evicted_by_newer_frame,,,0,,,,,never validated (dropped before inference),,,,,queue_drop_evicted,,
616,00:24.640,1791382670.277955,1791382670.277955,234.75,yes,queue_full_evicted_by_newer_frame,,,0,,,,,never validated (dropped before inference),,,,,queue_drop_evicted,,
621,00:24.840,1791382670.3935254,1791382670.3935254,229.57,yes,queue_full_evicted_by_newer_frame,,,0,,,,,never validated (dropped before inference),,,,,queue_drop_evicted,,
626,00:25.040,1791382670.5124636,1791382670.5124636,194.65,no,,200,200,1,,True,4,0.8194,refused: keypoint_hull_too_small,keypoint_hull_too_small,temporary_loss,no,467.51,refused,,1
631,00:25.240,1791382670.6235304,1791382670.6235304,247.13,yes,queue_full_evicted_by_newer_frame,,,0,,,,,never validated (dropped before inference),,,,,queue_drop_evicted,,
636,00:25.440,1791382670.742759,1791382670.742759,256.42,yes,queue_full_evicted_by_newer_frame,,,0,,,,,never validated (dropped before inference),,,,,queue_drop_evicted,,
641,00:25.640,1791382670.8704352,1791382670.8704352,247.3,yes,queue_full_evicted_by_newer_frame,,,0,,,,,never validated (dropped before inference),,,,,queue_drop_evicted,,
646,00:25.840,1791382670.998539,1791382670.998539,176.09,no,,200,200,1,PitchDetectError: response held no keypoints,False,0,,no keypoints to validate,,calibration_expired,,454.45,no_keypoints,response held no keypoints,0
651,00:26.040,1791382671.1171963,1791382671.1171963,247.98,yes,queue_full_evicted_by_newer_frame,,,0,,,,,never validated (dropped before inference),,,,,queue_drop_evicted,,
656,00:26.240,1791382671.2454348,1791382671.2454348,236.21,yes,queue_full_evicted_by_newer_frame,,,0,,,,,never validated (dropped before inference),,,,,queue_drop_evicted,,
661,00:26.440,1791382671.3653252,1791382671.3653252,234.77,yes,queue_full_evicted_by_newer_frame,,,0,,,,,never validated (dropped before inference),,,,,queue_drop_evicted,,
666,00:26.640,1791382671.4815867,1791382671.4815867,147.79,no,,200,200,1,PitchDetectError: response held no keypoints,False,0,,no keypoints to validate,,calibration_expired,,439.27,no_keypoints,response held no keypoints,0
671,00:26.840,1791382671.5999875,1791382671.5999875,235.78,yes,queue_full_evicted_by_newer_frame,,,0,,,,,never validated (dropped before inference),,,,,queue_drop_evicted,,
676,00:27.040,1791382671.7190697,1791382671.7190697,235.77,yes,queue_full_evicted_by_newer_frame,,,0,,,,,never validated (dropped before inference),,,,,queue_drop_evicted,,
681,00:27.240,1791382671.8363764,1791382671.8363764,233.26,no,,200,200,1,PitchDetectError: response held no keypoints,False,0,,no keypoints to validate,,calibration_expired,,507.47,no_keypoints,response held no keypoints,0
686,00:27.440,1791382671.955853,1791382671.955853,249.09,yes,queue_full_evicted_by_newer_frame,,,0,,,,,never validated (dropped before inference),,,,,queue_drop_evicted,,
691,00:27.640,1791382672.0809228,1791382672.0809228,246.9,yes,queue_full_evicted_by_newer_frame,,,0,,,,,never validated (dropped before inference),,,,,queue_drop_evicted,,
696,00:27.840,1791382672.2040908,1791382672.2040908,247.99,yes,queue_full_evicted_by_newer_frame,,,0,,,,,never validated (dropped before inference),,,,,queue_drop_evicted,,
701,00:28.040,1791382672.3271885,1791382672.3271885,249.32,no,,200,200,1,PitchDetectError: response held no keypoints,False,0,,no keypoints to validate,,calibration_expired,,524.85,no_keypoints,response held no keypoints,0
706,00:28.240,1791382672.4525638,1791382672.4525638,254.56,yes,queue_full_evicted_by_newer_frame,,,0,,,,,never validated (dropped before inference),,,,,queue_drop_evicted,,
711,00:28.440,1791382672.5785463,1791382672.5785463,254.91,yes,queue_full_evicted_by_newer_frame,,,0,,,,,never validated (dropped before inference),,,,,queue_drop_evicted,,
716,00:28.640,1791382672.7072535,1791382672.7072535,253.4,yes,queue_full_evicted_by_newer_frame,,,0,,,,,never validated (dropped before inference),,,,,queue_drop_evicted,,
721,00:28.840,1791382672.83287,1791382672.83287,254.1,yes,queue_full_evicted_by_newer_frame,,,0,,,,,never validated (dropped before inference),,,,,queue_drop_evicted,,
726,00:29.040,1791382672.960755,1791382672.960755,141.41,no,,200,200,1,PitchDetectError: response held no keypoints,False,0,,no keypoints to validate,,calibration_expired,,559.45,no_keypoints,response held no keypoints,0
731,00:29.240,1791382673.0867476,1791382673.0867476,256.88,yes,queue_full_evicted_by_newer_frame,,,0,,,,,never validated (dropped before inference),,,,,queue_drop_evicted,,
736,00:29.440,1791382673.2212226,1791382673.2212226,236.02,yes,queue_full_evicted_by_newer_frame,,,0,,,,,never validated (dropped before inference),,,,,queue_drop_evicted,,
741,00:29.640,1791382673.3441617,1791382673.3441617,227.83,yes,queue_full_evicted_by_newer_frame,,,0,,,,,never validated (dropped before inference),,,,,queue_drop_evicted,,
746,00:29.840,1791382673.4573212,1791382673.4573212,204.57,no,,200,200,1,PitchDetectError: response held no keypoints,False,0,,no keypoints to validate,,calibration_expired,,434.34,no_keypoints,response held no keypoints,0
751,00:30.040,1791382673.5715232,1791382673.5715232,237.85,yes,queue_full_evicted_by_newer_frame,,,0,,,,,never validated (dropped before inference),,,,,queue_drop_evicted,,
756,00:30.240,1791382673.6875398,1791382673.6875398,253.79,yes,queue_full_evicted_by_newer_frame,,,0,,,,,never validated (dropped before inference),,,,,queue_drop_evicted,,
761,00:30.440,1791382673.8099458,1791382673.8099458,262.93,yes,queue_full_evicted_by_newer_frame,,,0,,,,,never validated (dropped before inference),,,,,queue_drop_evicted,,
766,00:30.640,1791382673.9420114,1791382673.9420114,154.21,no,,200,200,1,PitchDetectError: response held no keypoints,False,0,,no keypoints to validate,,calibration_expired,,492.92,no_keypoints,response held no keypoints,0
771,00:30.840,1791382674.0724254,1791382674.0724254,267.98,yes,queue_full_evicted_by_newer_frame,,,0,,,,,never validated (dropped before inference),,,,,queue_drop_evicted,,
776,00:31.040,1791382674.205963,1791382674.205963,269.33,yes,queue_full_evicted_by_newer_frame,,,0,,,,,never validated (dropped before inference),,,,,queue_drop_evicted,,
781,00:31.240,1791382674.3406143,1791382674.3406143,248.52,no,,200,200,1,,True,4,0.6973,refused: only_1_usable_keypoints,only_1_usable_keypoints,calibration_expired,no,537.15,refused,,1
786,00:31.440,1791382674.4750073,1791382674.4750073,260.34,yes,queue_full_evicted_by_newer_frame,,,0,,,,,never validated (dropped before inference),,,,,queue_drop_evicted,,
791,00:31.640,1791382674.6075766,1791382674.6075766,270.46,yes,queue_full_evicted_by_newer_frame,,,0,,,,,never validated (dropped before inference),,,,,queue_drop_evicted,,
796,00:31.840,1791382674.7353776,1791382674.7353776,273.13,yes,queue_full_evicted_by_newer_frame,,,0,,,,,never validated (dropped before inference),,,,,queue_drop_evicted,,
801,00:32.040,1791382674.8787503,1791382674.8787503,247.79,no,,200,200,1,PitchDetectError: response held no keypoints,False,0,,no keypoints to validate,,calibration_expired,,470.1,no_keypoints,response held no keypoints,0
806,00:32.240,1791382675.008227,1791382675.008227,262.86,yes,queue_full_evicted_by_newer_frame,,,0,,,,,never validated (dropped before inference),,,,,queue_drop_evicted,,
811,00:32.440,1791382675.1407142,1791382675.1407142,261.06,yes,queue_full_evicted_by_newer_frame,,,0,,,,,never validated (dropped before inference),,,,,queue_drop_evicted,,
816,00:32.640,1791382675.2708938,1791382675.2708938,256.92,yes,queue_full_evicted_by_newer_frame,,,0,,,,,never validated (dropped before inference),,,,,queue_drop_evicted,,
821,00:32.840,1791382675.4016302,1791382675.4016302,194.82,no,,200,200,1,PitchDetectError: response held no keypoints,False,0,,no keypoints to validate,,calibration_expired,,503.26,no_keypoints,response held no keypoints,0
826,00:33.040,1791382675.528727,1791382675.528727,239.95,yes,queue_full_evicted_by_newer_frame,,,0,,,,,never validated (dropped before inference),,,,,queue_drop_evicted,,
831,00:33.240,1791382675.6490798,1791382675.6490798,240.2,yes,queue_full_evicted_by_newer_frame,,,0,,,,,never validated (dropped before inference),,,,,queue_drop_evicted,,
836,00:33.440,1791382675.7687833,1791382675.7687833,243.64,yes,queue_full_evicted_by_newer_frame,,,0,,,,,never validated (dropped before inference),,,,,queue_drop_evicted,,
841,00:33.640,1791382675.8888931,1791382675.8888931,210.54,no,,200,200,1,PitchDetectError: response held no keypoints,False,0,,no keypoints to validate,,calibration_expired,,437.36,no_keypoints,response held no keypoints,0
846,00:33.840,1791382676.0118902,1791382676.0118902,250.31,yes,queue_full_evicted_by_newer_frame,,,0,,,,,never validated (dropped before inference),,,,,queue_drop_evicted,,
851,00:34.040,1791382676.1359572,1791382676.1359572,251.5,yes,queue_full_evicted_by_newer_frame,,,0,,,,,never validated (dropped before inference),,,,,queue_drop_evicted,,
856,00:34.240,1791382676.2624397,1791382676.2624397,251.01,yes,queue_full_evicted_by_newer_frame,,,0,,,,,never validated (dropped before inference),,,,,queue_drop_evicted,,
861,00:34.440,1791382676.387573,1791382676.387573,150.4,no,,200,200,1,PitchDetectError: response held no keypoints,False,0,,no keypoints to validate,,calibration_expired,,448.15,no_keypoints,response held no keypoints,0
866,00:34.640,1791382676.513153,1791382676.513153,245.22,yes,queue_full_evicted_by_newer_frame,,,0,,,,,never validated (dropped before inference),,,,,queue_drop_evicted,,
871,00:34.840,1791382676.6367667,1791382676.6367667,241.58,yes,queue_full_evicted_by_newer_frame,,,0,,,,,never validated (dropped before inference),,,,,queue_drop_evicted,,
876,00:35.040,1791382676.7581127,1791382676.7581127,227.71,no,,200,200,1,,True,4,0.7948,accepted,,calibration_expired,yes,458.92,detected,,1
881,00:35.240,1791382676.8784287,1791382676.8784287,259.34,yes,queue_full_evicted_by_newer_frame,,,0,,,,,never validated (dropped before inference),,,,,queue_drop_evicted,,
886,00:35.440,1791382677.006684,1791382677.006684,438.67,no,,200,200,1,,True,4,0.8493,refused: keypoint_hull_too_small,keypoint_hull_too_small,calibrated,no,475.72,refused,,1
891,00:35.640,1791382677.1376674,1791382677.1376674,783.34,no,,200,200,1,,True,4,0.7608,refused: keypoint_hull_too_small,keypoint_hull_too_small,calibrated,no,482.22,refused,,1
896,00:35.840,1791382678.251332,1791382678.251332,152.38,no,,200,200,1,PitchDetectError: response held no keypoints,False,0,,no keypoints to validate,,temporary_loss,,450.79,no_keypoints,response held no keypoints,0
901,00:36.040,1791382678.3784285,1791382678.3784285,249.09,yes,queue_full_evicted_by_newer_frame,,,0,,,,,never validated (dropped before inference),,,,,queue_drop_evicted,,
906,00:36.240,1791382678.5138702,1791382678.5138702,252.09,yes,queue_full_evicted_by_newer_frame,,,0,,,,,never validated (dropped before inference),,,,,queue_drop_evicted,,
911,00:36.440,1791382678.6278365,1791382678.6278365,227.39,no,,200,200,1,PitchDetectError: response held no keypoints,False,0,,no keypoints to validate,,calibration_expired,,441.03,no_keypoints,response held no keypoints,0
916,00:36.640,1791382678.7666585,1791382678.7666585,232.66,yes,queue_full_evicted_by_newer_frame,,,0,,,,,never validated (dropped before inference),,,,,queue_drop_evicted,,
921,00:36.840,1791382678.88006,1791382678.88006,231.26,yes,queue_full_evicted_by_newer_frame,,,0,,,,,never validated (dropped before inference),,,,,queue_drop_evicted,,
926,00:37.040,1791382678.9983525,1791382678.9983525,227.06,yes,queue_full_evicted_by_newer_frame,,,0,,,,,never validated (dropped before inference),,,,,queue_drop_evicted,,
931,00:37.240,1791382679.111638,1791382679.111638,184.7,no,,200,200,1,PitchDetectError: response held no keypoints,False,0,,no keypoints to validate,,calibration_expired,,434.96,no_keypoints,response held no keypoints,0
936,00:37.440,1791382679.2256265,1791382679.2256265,219.3,yes,queue_full_evicted_by_newer_frame,,,0,,,,,never validated (dropped before inference),,,,,queue_drop_evicted,,
941,00:37.640,1791382679.343126,1791382679.343126,198.45,yes,queue_full_evicted_by_newer_frame,,,0,,,,,never validated (dropped before inference),,,,,queue_drop_evicted,,
946,00:37.840,1791382679.4452298,1791382679.4452298,190.73,yes,queue_full_evicted_by_newer_frame,,,0,,,,,never validated (dropped before inference),,,,,queue_drop_evicted,,
951,00:38.040,1791382679.5419137,1791382679.5419137,189.57,no,,200,200,1,PitchDetectError: response held no keypoints,False,0,,no keypoints to validate,,calibration_expired,,418.77,no_keypoints,response held no keypoints,0
956,00:38.240,1791382679.6356454,1791382679.6356454,197.37,yes,queue_full_evicted_by_newer_frame,,,0,,,,,never validated (dropped before inference),,,,,queue_drop_evicted,,
961,00:38.440,1791382679.7318022,1791382679.7318022,217.98,yes,queue_full_evicted_by_newer_frame,,,0,,,,,never validated (dropped before inference),,,,,queue_drop_evicted,,
966,00:38.640,1791382679.833034,1791382679.833034,215.24,yes,queue_full_evicted_by_newer_frame,,,0,,,,,never validated (dropped before inference),,,,,queue_drop_evicted,,
971,00:38.840,1791382679.9498184,1791382679.9498184,196.84,yes,queue_full_evicted_by_newer_frame,,,0,,,,,never validated (dropped before inference),,,,,queue_drop_evicted,,
976,00:39.040,1791382680.048093,1791382680.048093,101.7,no,,200,200,1,PitchDetectError: response held no keypoints,False,0,,no keypoints to validate,,calibration_expired,,429.29,no_keypoints,response held no keypoints,0
981,00:39.240,1791382680.146354,1791382680.146354,213.26,yes,queue_full_evicted_by_newer_frame,,,0,,,,,never validated (dropped before inference),,,,,queue_drop_evicted,,
986,00:39.440,1791382680.249933,1791382680.249933,204.48,yes,queue_full_evicted_by_newer_frame,,,0,,,,,never validated (dropped before inference),,,,,queue_drop_evicted,,
991,00:39.640,1791382680.359875,1791382680.359875,193.81,yes,queue_full_evicted_by_newer_frame,,,0,,,,,never validated (dropped before inference),,,,,queue_drop_evicted,,
996,00:39.840,1791382680.4549081,1791382680.4549081,125.15,no,,200,200,1,PitchDetectError: response held no keypoints,False,0,,no keypoints to validate,,calibration_expired,,419.73,no_keypoints,response held no keypoints,0
1001,00:40.040,1791382680.5538573,1791382680.5538573,210.98,yes,queue_full_evicted_by_newer_frame,,,0,,,,,never validated (dropped before inference),,,,,queue_drop_evicted,,
1006,00:40.240,1791382680.6652522,1791382680.6652522,203.17,yes,queue_full_evicted_by_newer_frame,,,0,,,,,never validated (dropped before inference),,,,,queue_drop_evicted,,
1011,00:40.440,1791382680.764681,1791382680.764681,206.03,yes,queue_full_evicted_by_newer_frame,,,0,,,,,never validated (dropped before inference),,,,,queue_drop_evicted,,
1016,00:40.640,1791382680.868296,1791382680.868296,130.87,no,,200,200,1,PitchDetectError: response held no keypoints,False,0,,no keypoints to validate,,calibration_expired,,448.7,no_keypoints,response held no keypoints,0
1021,00:40.840,1791382680.971259,1791382680.971259,219.84,yes,queue_full_evicted_by_newer_frame,,,0,,,,,never validated (dropped before inference),,,,,queue_drop_evicted,,
1026,00:41.040,1791382681.0860884,1791382681.0860884,213.49,yes,queue_full_evicted_by_newer_frame,,,0,,,,,never validated (dropped before inference),,,,,queue_drop_evicted,,
1031,00:41.240,1791382681.190291,1791382681.190291,219.01,yes,queue_full_evicted_by_newer_frame,,,0,,,,,never validated (dropped before inference),,,,,queue_drop_evicted,,
1036,00:41.440,1791382681.3005018,1791382681.3005018,148.25,no,,200,200,1,PitchDetectError: response held no keypoints,False,0,,no keypoints to validate,,calibration_expired,,436.62,no_keypoints,response held no keypoints,0
1041,00:41.640,1791382681.4100351,1791382681.4100351,217.27,yes,queue_full_evicted_by_newer_frame,,,0,,,,,never validated (dropped before inference),,,,,queue_drop_evicted,,
1046,00:41.840,1791382681.518905,1791382681.518905,219.54,yes,queue_full_evicted_by_newer_frame,,,0,,,,,never validated (dropped before inference),,,,,queue_drop_evicted,,
1051,00:42.040,1791382681.6273508,1791382681.6273508,230.36,yes,queue_full_evicted_by_newer_frame,,,0,,,,,never validated (dropped before inference),,,,,queue_drop_evicted,,
1056,00:42.240,1791382681.7385,1791382681.7385,146.9,no,,200,200,1,PitchDetectError: response held no keypoints,False,0,,no keypoints to validate,,calibration_expired,,463.68,no_keypoints,response held no keypoints,0
1061,00:42.440,1791382681.8571923,1791382681.8571923,243.72,yes,queue_full_evicted_by_newer_frame,,,0,,,,,never validated (dropped before inference),,,,,queue_drop_evicted,,
1066,00:42.640,1791382681.97741,1791382681.97741,254.91,yes,queue_full_evicted_by_newer_frame,,,0,,,,,never validated (dropped before inference),,,,,queue_drop_evicted,,
1071,00:42.840,1791382682.1009498,1791382682.1009498,248.0,no,,200,200,1,PitchDetectError: response held no keypoints,False,0,,no keypoints to validate,,calibration_expired,,707.18,no_keypoints,response held no keypoints,0
1076,00:43.040,1791382682.232763,1791382682.232763,236.35,yes,queue_full_evicted_by_newer_frame,,,0,,,,,never validated (dropped before inference),,,,,queue_drop_evicted,,
1081,00:43.240,1791382682.3502724,1791382682.3502724,235.34,yes,queue_full_evicted_by_newer_frame,,,0,,,,,never validated (dropped before inference),,,,,queue_drop_evicted,,
1086,00:43.440,1791382682.468824,1791382682.468824,232.91,yes,queue_full_evicted_by_newer_frame,,,0,,,,,never validated (dropped before inference),,,,,queue_drop_evicted,,
1091,00:43.640,1791382682.589154,1791382682.589154,224.05,yes,queue_full_evicted_by_newer_frame,,,0,,,,,never validated (dropped before inference),,,,,queue_drop_evicted,,
1096,00:43.840,1791382682.7019954,1791382682.7019954,225.68,yes,queue_full_evicted_by_newer_frame,,,0,,,,,never validated (dropped before inference),,,,,queue_drop_evicted,,
1101,00:44.040,1791382682.8134816,1791382682.8134816,232.53,yes,queue_full_evicted_by_newer_frame,,,0,,,,,never validated (dropped before inference),,,,,queue_drop_evicted,,
1106,00:44.240,1791382682.9276383,1791382682.9276383,128.83,no,,200,200,1,PitchDetectError: response held no keypoints,False,0,,no keypoints to validate,,calibration_expired,,470.82,no_keypoints,response held no keypoints,0
1111,00:44.440,1791382683.0456,1791382683.0456,230.91,yes,queue_full_evicted_by_newer_frame,,,0,,,,,never validated (dropped before inference),,,,,queue_drop_evicted,,
1116,00:44.640,1791382683.159235,1791382683.159235,222.89,yes,queue_full_evicted_by_newer_frame,,,0,,,,,never validated (dropped before inference),,,,,queue_drop_evicted,,
1121,00:44.840,1791382683.276993,1791382683.276993,250.56,no,,200,200,1,PitchDetectError: response held no keypoints,False,0,,no keypoints to validate,,calibration_expired,,437.11,no_keypoints,response held no keypoints,0
1126,00:45.040,1791382683.3829467,1791382683.3829467,274.86,yes,queue_full_evicted_by_newer_frame,,,0,,,,,never validated (dropped before inference),,,,,queue_drop_evicted,,
1131,00:45.240,1791382683.5237186,1791382683.5237186,251.82,yes,queue_full_evicted_by_newer_frame,,,0,,,,,never validated (dropped before inference),,,,,queue_drop_evicted,,
1136,00:45.440,1791382683.657137,1791382683.657137,240.83,yes,queue_full_evicted_by_newer_frame,,,0,,,,,never validated (dropped before inference),,,,,queue_drop_evicted,,
1141,00:45.640,1791382683.77909,1791382683.77909,185.17,no,,200,200,1,PitchDetectError: response held no keypoints,False,0,,no keypoints to validate,,calibration_expired,,626.44,no_keypoints,response held no keypoints,0
1146,00:45.840,1791382683.891089,1791382683.891089,231.65,yes,queue_full_evicted_by_newer_frame,,,0,,,,,never validated (dropped before inference),,,,,queue_drop_evicted,,
1151,00:46.040,1791382684.002971,1791382684.002971,229.92,yes,queue_full_evicted_by_newer_frame,,,0,,,,,never validated (dropped before inference),,,,,queue_drop_evicted,,
1156,00:46.240,1791382684.1302178,1791382684.1302178,227.4,yes,queue_full_evicted_by_newer_frame,,,0,,,,,never validated (dropped before inference),,,,,queue_drop_evicted,,
1161,00:46.440,1791382684.235242,1791382684.235242,236.15,yes,queue_full_evicted_by_newer_frame,,,0,,,,,never validated (dropped before inference),,,,,queue_drop_evicted,,
1166,00:46.640,1791382684.3568919,1791382684.3568919,234.05,no,,200,200,1,PitchDetectError: response held no keypoints,False,0,,no keypoints to validate,,calibration_expired,,433.5,no_keypoints,response held no keypoints,0
1171,00:46.840,1791382684.4673119,1791382684.4673119,249.31,yes,queue_full_evicted_by_newer_frame,,,0,,,,,never validated (dropped before inference),,,,,queue_drop_evicted,,
1176,00:47.040,1791382684.5932887,1791382684.5932887,251.89,yes,queue_full_evicted_by_newer_frame,,,0,,,,,never validated (dropped before inference),,,,,queue_drop_evicted,,
1181,00:47.240,1791382684.7209687,1791382684.7209687,295.91,yes,queue_full_evicted_by_newer_frame,,,0,,,,,never validated (dropped before inference),,,,,queue_drop_evicted,,
1186,00:47.440,1791382684.8455663,1791382684.8455663,179.4,no,,200,200,1,PitchDetectError: response held no keypoints,False,0,,no keypoints to validate,,calibration_expired,,666.34,no_keypoints,response held no keypoints,0
1191,00:47.640,1791382685.0200856,1791382685.0200856,370.21,yes,queue_full_evicted_by_newer_frame,,,0,,,,,never validated (dropped before inference),,,,,queue_drop_evicted,,
1196,00:47.840,1791382685.1903121,1791382685.1903121,382.91,yes,queue_full_evicted_by_newer_frame,,,0,,,,,never validated (dropped before inference),,,,,queue_drop_evicted,,
1201,00:48.040,1791382685.3902173,1791382685.3902173,301.77,no,,200,200,1,PitchDetectError: response held no keypoints,False,0,,no keypoints to validate,,calibration_expired,,487.3,no_keypoints,response held no keypoints,0
1206,00:48.240,1791382685.5734625,1791382685.5734625,378.06,yes,queue_full_evicted_by_newer_frame,,,0,,,,,never validated (dropped before inference),,,,,queue_drop_evicted,,
1211,00:48.440,1791382685.7552276,1791382685.7552276,371.29,yes,queue_full_evicted_by_newer_frame,,,0,,,,,never validated (dropped before inference),,,,,queue_drop_evicted,,
1216,00:48.640,1791382685.9466,1791382685.9466,227.94,no,,200,200,1,PitchDetectError: response held no keypoints,False,0,,no keypoints to validate,,calibration_expired,,491.74,no_keypoints,response held no keypoints,0
1221,00:48.840,1791382686.1315231,1791382686.1315231,363.5,yes,queue_full_evicted_by_newer_frame,,,0,,,,,never validated (dropped before inference),,,,,queue_drop_evicted,,
1226,00:49.040,1791382686.3206108,1791382686.3206108,351.1,no,,200,200,1,PitchDetectError: response held no keypoints,False,0,,no keypoints to validate,,calibration_expired,,466.59,no_keypoints,response held no keypoints,0
1231,00:49.240,1791382686.4958303,1791382686.4958303,380.06,yes,queue_full_evicted_by_newer_frame,,,0,,,,,never validated (dropped before inference),,,,,queue_drop_evicted,,
1236,00:49.440,1791382686.6822596,1791382686.6822596,373.44,yes,queue_full_evicted_by_newer_frame,,,0,,,,,never validated (dropped before inference),,,,,queue_drop_evicted,,
1241,00:49.640,1791382686.875402,1791382686.875402,263.03,no,,200,200,1,PitchDetectError: response held no keypoints,False,0,,no keypoints to validate,,calibration_expired,,478.33,no_keypoints,response held no keypoints,0
1246,00:49.840,1791382687.0559962,1791382687.0559962,353.83,yes,queue_full_evicted_by_newer_frame,,,0,,,,,never validated (dropped before inference),,,,,queue_drop_evicted,,
1251,00:50.040,1791382687.2338355,1791382687.2338355,343.98,yes,queue_full_evicted_by_newer_frame,,,0,,,,,never validated (dropped before inference),,,,,queue_drop_evicted,,
1256,00:50.240,1791382687.4089575,1791382687.4089575,207.87,no,,200,200,1,PitchDetectError: response held no keypoints,False,0,,no keypoints to validate,,calibration_expired,,429.12,no_keypoints,response held no keypoints,0
1261,00:50.440,1791382687.5780082,1791382687.5780082,338.59,yes,queue_full_evicted_by_newer_frame,,,0,,,,,never validated (dropped before inference),,,,,queue_drop_evicted,,
1266,00:50.640,1791382687.7447245,1791382687.7447245,298.85,no,,200,200,1,PitchDetectError: response held no keypoints,False,0,,no keypoints to validate,,calibration_expired,,426.92,no_keypoints,response held no keypoints,0
1271,00:50.840,1791382687.9173846,1791382687.9173846,330.13,yes,queue_full_evicted_by_newer_frame,,,0,,,,,never validated (dropped before inference),,,,,queue_drop_evicted,,
1276,00:51.040,1791382688.0788777,1791382688.0788777,339.89,yes,queue_full_evicted_by_newer_frame,,,0,,,,,never validated (dropped before inference),,,,,queue_drop_evicted,,
1281,00:51.240,1791382688.2443936,1791382688.2443936,226.79,no,,200,200,1,PitchDetectError: response held no keypoints,False,0,,no keypoints to validate,,calibration_expired,,414.9,no_keypoints,response held no keypoints,0
1286,00:51.440,1791382688.4112003,1791382688.4112003,346.54,yes,queue_full_evicted_by_newer_frame,,,0,,,,,never validated (dropped before inference),,,,,queue_drop_evicted,,
1291,00:51.640,1791382688.5927675,1791382688.5927675,296.49,no,,200,200,1,PitchDetectError: response held no keypoints,False,0,,no keypoints to validate,,calibration_expired,,473.3,no_keypoints,response held no keypoints,0
1296,00:51.840,1791382688.7653065,1791382688.7653065,364.45,yes,queue_full_evicted_by_newer_frame,,,0,,,,,never validated (dropped before inference),,,,,queue_drop_evicted,,
1301,00:52.040,1791382688.9477277,1791382688.9477277,373.88,yes,queue_full_evicted_by_newer_frame,,,0,,,,,never validated (dropped before inference),,,,,queue_drop_evicted,,
1306,00:52.240,1791382689.1289356,1791382689.1289356,232.95,no,,200,200,1,PitchDetectError: response held no keypoints,False,0,,no keypoints to validate,,calibration_expired,,417.03,no_keypoints,response held no keypoints,0
1311,00:52.440,1791382689.3230064,1791382689.3230064,411.62,yes,queue_full_evicted_by_newer_frame,,,0,,,,,never validated (dropped before inference),,,,,queue_drop_evicted,,
1316,00:52.640,1791382689.5261936,1791382689.5261936,254.17,no,,200,200,1,PitchDetectError: response held no keypoints,False,0,,no keypoints to validate,,calibration_expired,,409.91,no_keypoints,response held no keypoints,0
1321,00:52.840,1791382689.7335105,1791382689.7335105,377.54,yes,queue_full_evicted_by_newer_frame,,,0,,,,,never validated (dropped before inference),,,,,queue_drop_evicted,,
1326,00:53.040,1791382689.9268594,1791382689.9268594,262.94,no,,200,200,1,PitchDetectError: response held no keypoints,False,0,,no keypoints to validate,,calibration_expired,,420.12,no_keypoints,response held no keypoints,0
1331,00:53.240,1791382690.1121893,1791382690.1121893,376.19,yes,queue_full_evicted_by_newer_frame,,,0,,,,,never validated (dropped before inference),,,,,queue_drop_evicted,,
1336,00:53.440,1791382690.3007317,1791382690.3007317,309.51,no,,200,200,1,PitchDetectError: response held no keypoints,False,0,,no keypoints to validate,,calibration_expired,,416.15,no_keypoints,response held no keypoints,0
1341,00:53.640,1791382690.488174,1791382690.488174,374.88,yes,queue_full_evicted_by_newer_frame,,,0,,,,,never validated (dropped before inference),,,,,queue_drop_evicted,,
1346,00:53.840,1791382690.6702156,1791382690.6702156,357.21,no,,200,200,1,PitchDetectError: response held no keypoints,False,0,,no keypoints to validate,,calibration_expired,,419.24,no_keypoints,response held no keypoints,0
1351,00:54.040,1791382690.8624635,1791382690.8624635,354.53,yes,queue_full_evicted_by_newer_frame,,,0,,,,,never validated (dropped before inference),,,,,queue_drop_evicted,,
1356,00:54.240,1791382691.0417833,1791382691.0417833,352.31,yes,queue_full_evicted_by_newer_frame,,,0,,,,,never validated (dropped before inference),,,,,queue_drop_evicted,,
1361,00:54.440,1791382691.2174942,1791382691.2174942,229.74,no,,200,200,1,PitchDetectError: response held no keypoints,False,0,,no keypoints to validate,,calibration_expired,,432.62,no_keypoints,response held no keypoints,0
1366,00:54.640,1791382691.3943489,1791382691.3943489,355.25,yes,queue_full_evicted_by_newer_frame,,,0,,,,,never validated (dropped before inference),,,,,queue_drop_evicted,,
1371,00:54.840,1791382691.560315,1791382691.560315,311.26,no,,200,200,1,PitchDetectError: response held no keypoints,False,0,,no keypoints to validate,,calibration_expired,,466.99,no_keypoints,response held no keypoints,0
1376,00:55.040,1791382691.7492454,1791382691.7492454,364.55,yes,queue_full_evicted_by_newer_frame,,,0,,,,,never validated (dropped before inference),,,,,queue_drop_evicted,,
1381,00:55.240,1791382691.9294329,1791382691.9294329,369.79,yes,queue_full_evicted_by_newer_frame,,,0,,,,,never validated (dropped before inference),,,,,queue_drop_evicted,,
1386,00:55.440,1791382692.1140137,1791382692.1140137,233.16,no,,200,200,1,PitchDetectError: response held no keypoints,False,0,,no keypoints to validate,,calibration_expired,,453.85,no_keypoints,response held no keypoints,0
1391,00:55.640,1791382692.2946823,1791382692.2946823,347.87,yes,queue_full_evicted_by_newer_frame,,,0,,,,,never validated (dropped before inference),,,,,queue_drop_evicted,,
1396,00:55.840,1791382692.4742773,1791382692.4742773,327.03,no,,200,200,1,PitchDetectError: response held no keypoints,False,0,,no keypoints to validate,,calibration_expired,,450.44,no_keypoints,response held no keypoints,0
1401,00:56.040,1791382692.646752,1791382692.646752,356.48,yes,queue_full_evicted_by_newer_frame,,,0,,,,,never validated (dropped before inference),,,,,queue_drop_evicted,,
1406,00:56.240,1791382692.8133757,1791382692.8133757,364.61,yes,queue_full_evicted_by_newer_frame,,,0,,,,,never validated (dropped before inference),,,,,queue_drop_evicted,,
1411,00:56.440,1791382693.003118,1791382693.003118,248.31,no,,200,200,1,,True,4,0.7515,refused: only_2_usable_keypoints,only_2_usable_keypoints,calibration_expired,no,519.72,refused,,1
1416,00:56.640,1791382693.1784692,1791382693.1784692,366.64,yes,queue_full_evicted_by_newer_frame,,,0,,,,,never validated (dropped before inference),,,,,queue_drop_evicted,,
1421,00:56.840,1791382693.3618774,1791382693.3618774,410.17,no,,200,200,1,PitchDetectError: response held no keypoints,False,0,,no keypoints to validate,,calibration_expired,,809.49,no_keypoints,response held no keypoints,0
1426,00:57.040,1791382693.5446005,1791382693.5446005,1036.44,no,,200,200,1,PitchDetectError: response held no keypoints,False,0,,no keypoints to validate,,calibration_expired,,678.66,no_keypoints,response held no keypoints,0
1431,00:57.240,1791382695.2854304,1791382695.2854304,0.31,no,,200,200,1,PitchDetectError: response held no keypoints,False,0,,no keypoints to validate,,calibration_expired,,757.92,no_keypoints,response held no keypoints,0
1436,00:57.440,1791382695.4822395,1791382695.4822395,384.09,yes,queue_full_evicted_by_newer_frame,,,0,,,,,never validated (dropped before inference),,,,,queue_drop_evicted,,
1441,00:57.640,1791382695.6765943,1791382695.6765943,366.4,no,,200,200,1,PitchDetectError: response held no keypoints,False,0,,no keypoints to validate,,calibration_expired,,663.27,no_keypoints,response held no keypoints,0
1446,00:57.840,1791382695.8685741,1791382695.8685741,378.4,yes,queue_full_evicted_by_newer_frame,,,0,,,,,never validated (dropped before inference),,,,,queue_drop_evicted,,
1451,00:58.040,1791382696.0570989,1791382696.0570989,383.43,yes,queue_full_evicted_by_newer_frame,,,0,,,,,never validated (dropped before inference),,,,,queue_drop_evicted,,
1456,00:58.240,1791382696.2463708,1791382696.2463708,406.6,yes,queue_full_evicted_by_newer_frame,,,0,,,,,never validated (dropped before inference),,,,,queue_drop_evicted,,
1461,00:58.440,1791382696.440332,1791382696.440332,267.49,no,,200,200,1,PitchDetectError: response held no keypoints,False,0,,no keypoints to validate,,calibration_expired,,515.49,no_keypoints,response held no keypoints,0
1466,00:58.640,1791382696.6532204,1791382696.6532204,349.79,yes,queue_full_evicted_by_newer_frame,,,0,,,,,never validated (dropped before inference),,,,,queue_drop_evicted,,
1471,00:58.840,1791382696.825675,1791382696.825675,349.2,yes,queue_full_evicted_by_newer_frame,,,0,,,,,never validated (dropped before inference),,,,,queue_drop_evicted,,
1476,00:59.040,1791382697.0032926,1791382697.0032926,220.53,no,,200,200,1,PitchDetectError: response held no keypoints,False,0,,no keypoints to validate,,calibration_expired,,496.18,no_keypoints,response held no keypoints,0
1481,00:59.240,1791382697.1751883,1791382697.1751883,367.05,yes,queue_full_evicted_by_newer_frame,,,0,,,,,never validated (dropped before inference),,,,,queue_drop_evicted,,
1486,00:59.440,1791382697.358343,1791382697.358343,361.3,no,,200,200,1,PitchDetectError: response held no keypoints,False,0,,no keypoints to validate,,calibration_expired,,479.08,no_keypoints,response held no keypoints,0
1491,00:59.640,1791382697.5429673,1791382697.5429673,385.74,yes,queue_full_evicted_by_newer_frame,,,0,,,,,never validated (dropped before inference),,,,,queue_drop_evicted,,
1496,00:59.840,1791382697.7317939,1791382697.7317939,393.12,yes,queue_full_evicted_by_newer_frame,,,0,,,,,never validated (dropped before inference),,,,,queue_drop_evicted,,
1501,01:00.040,1791382697.9261,1791382697.9261,270.96,no,,200,200,1,PitchDetectError: response held no keypoints,False,0,,no keypoints to validate,,calibration_expired,,528.5,no_keypoints,response held no keypoints,0
1506,01:00.240,1791382698.126194,1791382698.126194,408.34,yes,queue_full_evicted_by_newer_frame,,,0,,,,,never validated (dropped before inference),,,,,queue_drop_evicted,,
1511,01:00.440,1791382698.3221228,1791382698.3221228,403.62,no,,200,200,1,PitchDetectError: response held no keypoints,False,0,,no keypoints to validate,,calibration_expired,,509.97,no_keypoints,response held no keypoints,0
1516,01:00.640,1791382698.5349295,1791382698.5349295,417.01,yes,queue_full_evicted_by_newer_frame,,,0,,,,,never validated (dropped before inference),,,,,queue_drop_evicted,,
1521,01:00.840,1791382698.7432334,1791382698.7432334,412.47,yes,queue_full_evicted_by_newer_frame,,,0,,,,,never validated (dropped before inference),,,,,queue_drop_evicted,,
1526,01:01.040,1791382698.9513676,1791382698.9513676,286.64,no,,200,200,1,PitchDetectError: response held no keypoints,False,0,,no keypoints to validate,,calibration_expired,,480.51,no_keypoints,response held no keypoints,0
1531,01:01.240,1791382699.1550982,1791382699.1550982,411.35,yes,queue_full_evicted_by_newer_frame,,,0,,,,,never validated (dropped before inference),,,,,queue_drop_evicted,,
1536,01:01.440,1791382699.3623025,1791382699.3623025,356.38,no,,200,200,1,PitchDetectError: response held no keypoints,False,0,,no keypoints to validate,,calibration_expired,,483.56,no_keypoints,response held no keypoints,0
1541,01:01.640,1791382699.567752,1791382699.567752,402.91,yes,queue_full_evicted_by_newer_frame,,,0,,,,,never validated (dropped before inference),,,,,queue_drop_evicted,,
1546,01:01.840,1791382699.7672977,1791382699.7672977,400.13,yes,queue_full_evicted_by_newer_frame,,,0,,,,,never validated (dropped before inference),,,,,queue_drop_evicted,,
1551,01:02.040,1791382699.9666703,1791382699.9666703,232.75,no,,200,200,1,PitchDetectError: response held no keypoints,False,0,,no keypoints to validate,,calibration_expired,,489.28,no_keypoints,response held no keypoints,0
1556,01:02.240,1791382700.1664507,1791382700.1664507,393.85,yes,queue_full_evicted_by_newer_frame,,,0,,,,,never validated (dropped before inference),,,,,queue_drop_evicted,,
1561,01:02.440,1791382700.362051,1791382700.362051,329.86,no,,200,200,1,PitchDetectError: response held no keypoints,False,0,,no keypoints to validate,,calibration_expired,,433.22,no_keypoints,response held no keypoints,0
1566,01:02.640,1791382700.5607328,1791382700.5607328,386.62,yes,queue_full_evicted_by_newer_frame,,,0,,,,,never validated (dropped before inference),,,,,queue_drop_evicted,,
1571,01:02.840,1791382700.7521293,1791382700.7521293,372.29,no,,200,200,1,PitchDetectError: response held no keypoints,False,0,,no keypoints to validate,,calibration_expired,,451.09,no_keypoints,response held no keypoints,0
1576,01:03.040,1791382700.9458392,1791382700.9458392,385.23,yes,queue_full_evicted_by_newer_frame,,,0,,,,,never validated (dropped before inference),,,,,queue_drop_evicted,,
1581,01:03.240,1791382701.137279,1791382701.137279,390.82,yes,queue_full_evicted_by_newer_frame,,,0,,,,,never validated (dropped before inference),,,,,queue_drop_evicted,,
1586,01:03.440,1791382701.3320642,1791382701.3320642,244.85,no,,200,200,1,PitchDetectError: response held no keypoints,False,0,,no keypoints to validate,,calibration_expired,,450.35,no_keypoints,response held no keypoints,0
1591,01:03.640,1791382701.5284805,1791382701.5284805,392.97,yes,queue_full_evicted_by_newer_frame,,,0,,,,,never validated (dropped before inference),,,,,queue_drop_evicted,,
1596,01:03.840,1791382701.7238164,1791382701.7238164,304.66,no,,200,200,1,PitchDetectError: response held no keypoints,False,0,,no keypoints to validate,,calibration_expired,,462.82,no_keypoints,response held no keypoints,0
1601,01:04.040,1791382701.9194605,1791382701.9194605,397.5,yes,queue_full_evicted_by_newer_frame,,,0,,,,,never validated (dropped before inference),,,,,queue_drop_evicted,,
1606,01:04.240,1791382702.1196828,1791382702.1196828,371.62,no,,200,200,1,PitchDetectError: response held no keypoints,False,0,,no keypoints to validate,,calibration_expired,,453.1,no_keypoints,response held no keypoints,0
1611,01:04.440,1791382702.3190506,1791382702.3190506,379.71,yes,queue_full_evicted_by_newer_frame,,,0,,,,,never validated (dropped before inference),,,,,queue_drop_evicted,,
1616,01:04.640,1791382702.5106637,1791382702.5106637,381.49,yes,queue_full_evicted_by_newer_frame,,,0,,,,,never validated (dropped before inference),,,,,queue_drop_evicted,,
1621,01:04.840,1791382702.6985145,1791382702.6985145,246.24,no,,200,200,1,,True,4,0.7746,refused: keypoint_hull_too_small,keypoint_hull_too_small,calibration_expired,no,440.53,refused,,1
1626,01:05.040,1791382702.892124,1791382702.892124,403.14,yes,queue_full_evicted_by_newer_frame,,,0,,,,,never validated (dropped before inference),,,,,queue_drop_evicted,,
1631,01:05.240,1791382703.0934803,1791382703.0934803,292.43,no,,200,200,1,PitchDetectError: response held no keypoints,False,0,,no keypoints to validate,,calibration_expired,,436.89,no_keypoints,response held no keypoints,0
1636,01:05.440,1791382703.2957842,1791382703.2957842,382.22,yes,queue_full_evicted_by_newer_frame,,,0,,,,,never validated (dropped before inference),,,,,queue_drop_evicted,,
1641,01:05.640,1791382703.4922683,1791382703.4922683,330.96,no,,200,200,1,PitchDetectError: response held no keypoints,False,0,,no keypoints to validate,,calibration_expired,,425.19,no_keypoints,response held no keypoints,0
1646,01:05.840,1791382703.6780534,1791382703.6780534,368.57,yes,queue_full_evicted_by_newer_frame,,,0,,,,,never validated (dropped before inference),,,,,queue_drop_evicted,,
1651,01:06.040,1791382703.859465,1791382703.859465,375.97,yes,queue_full_evicted_by_newer_frame,,,0,,,,,never validated (dropped before inference),,,,,queue_drop_evicted,,
1656,01:06.240,1791382704.0460286,1791382704.0460286,202.42,no,,200,200,1,,True,4,0.8152,accepted,,calibration_expired,yes,454.0,detected,,1
1661,01:06.440,1791382704.2361934,1791382704.2361934,405.32,yes,queue_full_evicted_by_newer_frame,,,0,,,,,never validated (dropped before inference),,,,,queue_drop_evicted,,
1666,01:06.640,1791382704.4275117,1791382704.4275117,275.92,no,,200,200,1,PitchDetectError: response held no keypoints,False,0,,no keypoints to validate,,calibrated,,498.68,no_keypoints,response held no keypoints,0
1671,01:06.840,1791382704.6407766,1791382704.6407766,561.13,no,,200,200,1,PitchDetectError: response held no keypoints,False,0,,no keypoints to validate,,calibrated,,594.29,no_keypoints,response held no keypoints,0
1676,01:07.040,1791382706.412895,1791382706.412895,0.26,no,,200,200,1,PitchDetectError: response held no keypoints,False,0,,no keypoints to validate,,temporary_loss,,529.81,no_keypoints,response held no keypoints,0
1681,01:07.240,1791382706.607718,1791382706.607718,336.31,no,,200,200,1,PitchDetectError: response held no keypoints,False,0,,no keypoints to validate,,temporary_loss,,738.36,no_keypoints,response held no keypoints,0
1686,01:07.440,1791382706.8050134,1791382706.8050134,399.62,yes,queue_full_evicted_by_newer_frame,,,0,,,,,never validated (dropped before inference),,,,,queue_drop_evicted,,
1691,01:07.640,1791382707.0057461,1791382707.0057461,390.97,yes,queue_full_evicted_by_newer_frame,,,0,,,,,never validated (dropped before inference),,,,,queue_drop_evicted,,
1696,01:07.840,1791382707.2058814,1791382707.2058814,438.07,yes,queue_full_evicted_by_newer_frame,,,0,,,,,never validated (dropped before inference),,,,,queue_drop_evicted,,
1701,01:08.040,1791382707.3964722,1791382707.3964722,285.77,no,,200,200,1,PitchDetectError: response held no keypoints,False,0,,no keypoints to validate,,calibration_expired,,588.05,no_keypoints,response held no keypoints,0
1706,01:08.240,1791382707.6395836,1791382707.6395836,412.96,yes,queue_full_evicted_by_newer_frame,,,0,,,,,never validated (dropped before inference),,,,,queue_drop_evicted,,
1711,01:08.440,1791382707.8720367,1791382707.8720367,355.59,yes,queue_full_evicted_by_newer_frame,,,0,,,,,never validated (dropped before inference),,,,,queue_drop_evicted,,
1716,01:08.640,1791382708.0573769,1791382708.0573769,213.81,no,,200,200,1,PitchDetectError: response held no keypoints,False,0,,no keypoints to validate,,calibration_expired,,662.43,no_keypoints,response held no keypoints,0
1721,01:08.840,1791382708.227753,1791382708.227753,418.81,yes,queue_full_evicted_by_newer_frame,,,0,,,,,never validated (dropped before inference),,,,,queue_drop_evicted,,
1726,01:09.040,1791382708.4110157,1791382708.4110157,433.66,yes,queue_full_evicted_by_newer_frame,,,0,,,,,never validated (dropped before inference),,,,,queue_drop_evicted,,
1731,01:09.240,1791382708.6448047,1791382708.6448047,286.97,no,,200,200,1,PitchDetectError: response held no keypoints,False,0,,no keypoints to validate,,calibration_expired,,585.47,no_keypoints,response held no keypoints,0
1736,01:09.440,1791382708.8386824,1791382708.8386824,399.36,yes,queue_full_evicted_by_newer_frame,,,0,,,,,never validated (dropped before inference),,,,,queue_drop_evicted,,
1741,01:09.640,1791382709.0428934,1791382709.0428934,391.53,yes,queue_full_evicted_by_newer_frame,,,0,,,,,never validated (dropped before inference),,,,,queue_drop_evicted,,
1746,01:09.840,1791382709.2444618,1791382709.2444618,275.1,no,,200,200,1,PitchDetectError: response held no keypoints,False,0,,no keypoints to validate,,calibration_expired,,537.67,no_keypoints,response held no keypoints,0
1751,01:10.040,1791382709.433953,1791382709.433953,402.17,yes,queue_full_evicted_by_newer_frame,,,0,,,,,never validated (dropped before inference),,,,,queue_drop_evicted,,
1756,01:10.240,1791382709.626955,1791382709.626955,400.56,yes,queue_full_evicted_by_newer_frame,,,0,,,,,never validated (dropped before inference),,,,,queue_drop_evicted,,
1761,01:10.440,1791382709.83675,1791382709.83675,220.6,no,,200,200,1,PitchDetectError: response held no keypoints,False,0,,no keypoints to validate,,calibration_expired,,518.62,no_keypoints,response held no keypoints,0
1766,01:10.640,1791382710.032942,1791382710.032942,385.01,yes,queue_full_evicted_by_newer_frame,,,0,,,,,never validated (dropped before inference),,,,,queue_drop_evicted,,
1771,01:10.840,1791382710.2277308,1791382710.2277308,347.48,no,,200,200,1,PitchDetectError: response held no keypoints,False,0,,no keypoints to validate,,calibration_expired,,443.89,no_keypoints,response held no keypoints,0
1776,01:11.040,1791382710.4171147,1791382710.4171147,401.06,yes,queue_full_evicted_by_newer_frame,,,0,,,,,never validated (dropped before inference),,,,,queue_drop_evicted,,
1781,01:11.240,1791382710.610494,1791382710.610494,405.15,yes,queue_full_evicted_by_newer_frame,,,0,,,,,never validated (dropped before inference),,,,,queue_drop_evicted,,
1786,01:11.440,1791382710.8182468,1791382710.8182468,201.19,no,,200,200,1,PitchDetectError: response held no keypoints,False,0,,no keypoints to validate,,calibration_expired,,542.19,no_keypoints,response held no keypoints,0
1791,01:11.640,1791382711.0155659,1791382711.0155659,387.01,yes,queue_full_evicted_by_newer_frame,,,0,,,,,never validated (dropped before inference),,,,,queue_drop_evicted,,
1796,01:11.840,1791382711.1998127,1791382711.1998127,355.08,no,,200,200,1,PitchDetectError: response held no keypoints,False,0,,no keypoints to validate,,calibration_expired,,436.05,no_keypoints,response held no keypoints,0
1801,01:12.040,1791382711.4033215,1791382711.4033215,389.95,yes,queue_full_evicted_by_newer_frame,,,0,,,,,never validated (dropped before inference),,,,,queue_drop_evicted,,
1806,01:12.240,1791382711.5976756,1791382711.5976756,382.35,yes,queue_full_evicted_by_newer_frame,,,0,,,,,never validated (dropped before inference),,,,,queue_drop_evicted,,
1811,01:12.440,1791382711.783676,1791382711.783676,205.79,no,,200,200,1,PitchDetectError: response held no keypoints,False,0,,no keypoints to validate,,calibration_expired,,448.35,no_keypoints,response held no keypoints,0
1816,01:12.640,1791382711.9824727,1791382711.9824727,374.59,yes,queue_full_evicted_by_newer_frame,,,0,,,,,never validated (dropped before inference),,,,,queue_drop_evicted,,
1821,01:12.840,1791382712.1716595,1791382712.1716595,275.81,no,,200,200,1,PitchDetectError: response held no keypoints,False,0,,no keypoints to validate,,calibration_expired,,494.58,no_keypoints,response held no keypoints,0
1826,01:13.040,1791382712.347687,1791382712.347687,366.74,yes,queue_full_evicted_by_newer_frame,,,0,,,,,never validated (dropped before inference),,,,,queue_drop_evicted,,
1831,01:13.240,1791382712.5417192,1791382712.5417192,366.9,yes,queue_full_evicted_by_newer_frame,,,0,,,,,never validated (dropped before inference),,,,,queue_drop_evicted,,
1836,01:13.440,1791382712.7232454,1791382712.7232454,218.57,no,,200,200,1,,True,4,0.8482,refused: keypoint_hull_too_small,keypoint_hull_too_small,calibration_expired,no,459.81,refused,,1
1841,01:13.640,1791382712.910805,1791382712.910805,346.6,yes,queue_full_evicted_by_newer_frame,,,0,,,,,never validated (dropped before inference),,,,,queue_drop_evicted,,
1846,01:13.840,1791382713.0839763,1791382713.0839763,318.11,no,,200,200,1,,True,4,0.8099,accepted,,calibration_expired,yes,486.13,detected,,1
1851,01:14.040,1791382713.256908,1791382713.256908,371.98,yes,queue_full_evicted_by_newer_frame,,,0,,,,,never validated (dropped before inference),,,,,queue_drop_evicted,,
1856,01:14.240,1791382713.4352784,1791382713.4352784,381.87,yes,queue_full_evicted_by_newer_frame,,,0,,,,,never validated (dropped before inference),,,,,queue_drop_evicted,,
1861,01:14.440,1791382713.6251178,1791382713.6251178,259.69,no,,200,200,1,,True,4,0.788,refused: only_2_usable_keypoints,only_2_usable_keypoints,calibrated,no,456.58,refused,,1
1866,01:14.640,1791382713.8172178,1791382713.8172178,345.87,yes,queue_full_evicted_by_newer_frame,,,0,,,,,never validated (dropped before inference),,,,,queue_drop_evicted,,
1871,01:14.840,1791382713.9876773,1791382713.9876773,334.68,yes,queue_full_evicted_by_newer_frame,,,0,,,,,never validated (dropped before inference),,,,,queue_drop_evicted,,
1876,01:15.040,1791382714.159745,1791382714.159745,182.52,no,,200,200,1,PitchDetectError: response held no keypoints,False,0,,no keypoints to validate,,temporary_loss,,447.3,no_keypoints,response held no keypoints,0
1881,01:15.240,1791382714.3196924,1791382714.3196924,346.0,yes,queue_full_evicted_by_newer_frame,,,0,,,,,never validated (dropped before inference),,,,,queue_drop_evicted,,
1886,01:15.440,1791382714.4866736,1791382714.4866736,305.59,no,,200,200,1,PitchDetectError: response held no keypoints,False,0,,no keypoints to validate,,calibration_expired,,477.32,no_keypoints,response held no keypoints,0
1891,01:15.640,1791382714.667356,1791382714.667356,602.09,no,,200,200,1,PitchDetectError: response held no keypoints,False,0,,no keypoints to validate,,calibration_expired,,478.86,no_keypoints,response held no keypoints,0
1896,01:15.840,1791382714.834776,1791382714.834776,914.91,no,,200,200,1,PitchDetectError: response held no keypoints,False,0,,no keypoints to validate,,calibration_expired,,475.13,no_keypoints,response held no keypoints,0
1901,01:16.040,1791382716.0826888,1791382716.0826888,142.53,no,,200,200,1,PitchDetectError: response held no keypoints,False,0,,no keypoints to validate,,calibration_expired,,439.07,no_keypoints,response held no keypoints,0
1906,01:16.240,1791382716.2751787,1791382716.2751787,323.19,yes,queue_full_evicted_by_newer_frame,,,0,,,,,never validated (dropped before inference),,,,,queue_drop_evicted,,
1911,01:16.440,1791382716.4402046,1791382716.4402046,224.35,no,,200,200,1,PitchDetectError: response held no keypoints,False,0,,no keypoints to validate,,calibration_expired,,421.68,no_keypoints,response held no keypoints,0
1916,01:16.640,1791382716.5985365,1791382716.5985365,321.38,yes,queue_full_evicted_by_newer_frame,,,0,,,,,never validated (dropped before inference),,,,,queue_drop_evicted,,
1921,01:16.840,1791382716.7575772,1791382716.7575772,316.89,yes,queue_full_evicted_by_newer_frame,,,0,,,,,never validated (dropped before inference),,,,,queue_drop_evicted,,
1926,01:17.040,1791382716.9163942,1791382716.9163942,166.72,no,,200,200,1,PitchDetectError: response held no keypoints,False,0,,no keypoints to validate,,calibration_expired,,377.36,no_keypoints,response held no keypoints,0
1931,01:17.240,1791382717.0699344,1791382717.0699344,293.15,yes,queue_full_evicted_by_newer_frame,,,0,,,,,never validated (dropped before inference),,,,,queue_drop_evicted,,
1936,01:17.440,1791382717.2195406,1791382717.2195406,244.67,no,,200,200,1,PitchDetectError: response held no keypoints,False,0,,no keypoints to validate,,calibration_expired,,374.67,no_keypoints,response held no keypoints,0
1941,01:17.640,1791382717.3683414,1791382717.3683414,296.75,yes,queue_full_evicted_by_newer_frame,,,0,,,,,never validated (dropped before inference),,,,,queue_drop_evicted,,
1946,01:17.840,1791382717.5213523,1791382717.5213523,279.33,yes,queue_full_evicted_by_newer_frame,,,0,,,,,never validated (dropped before inference),,,,,queue_drop_evicted,,
1951,01:18.040,1791382717.6631944,1791382717.6631944,174.41,no,,200,200,1,PitchDetectError: response held no keypoints,False,0,,no keypoints to validate,,calibration_expired,,385.48,no_keypoints,response held no keypoints,0
1956,01:18.240,1791382717.7966557,1791382717.7966557,333.31,yes,queue_full_evicted_by_newer_frame,,,0,,,,,never validated (dropped before inference),,,,,queue_drop_evicted,,
1961,01:18.440,1791382717.9789855,1791382717.9789855,243.79,no,,200,200,1,PitchDetectError: response held no keypoints,False,0,,no keypoints to validate,,calibration_expired,,410.27,no_keypoints,response held no keypoints,0
1966,01:18.640,1791382718.1341908,1791382718.1341908,336.86,yes,queue_full_evicted_by_newer_frame,,,0,,,,,never validated (dropped before inference),,,,,queue_drop_evicted,,
1971,01:18.840,1791382718.2980127,1791382718.2980127,333.43,no,,200,200,1,PitchDetectError: response held no keypoints,False,0,,no keypoints to validate,,calibration_expired,,518.14,no_keypoints,response held no keypoints,0
1976,01:19.040,1791382718.4715188,1791382718.4715188,343.01,yes,queue_full_evicted_by_newer_frame,,,0,,,,,never validated (dropped before inference),,,,,queue_drop_evicted,,
1981,01:19.240,1791382718.6371965,1791382718.6371965,347.24,yes,queue_full_evicted_by_newer_frame,,,0,,,,,never validated (dropped before inference),,,,,queue_drop_evicted,,
1986,01:19.440,1791382718.8118854,1791382718.8118854,339.54,no,,200,200,1,PitchDetectError: response held no keypoints,False,0,,no keypoints to validate,,calibration_expired,,484.04,no_keypoints,response held no keypoints,0
1991,01:19.640,1791382718.984257,1791382718.984257,358.19,yes,queue_full_evicted_by_newer_frame,,,0,,,,,never validated (dropped before inference),,,,,queue_drop_evicted,,
1996,01:19.840,1791382719.1613963,1791382719.1613963,374.99,yes,queue_full_evicted_by_newer_frame,,,0,,,,,never validated (dropped before inference),,,,,queue_drop_evicted,,
2001,01:20.040,1791382719.3409748,1791382719.3409748,295.19,no,,200,200,1,PitchDetectError: response held no keypoints,False,0,,no keypoints to validate,,calibration_expired,,542.42,no_keypoints,response held no keypoints,0
2006,01:20.240,1791382719.5377302,1791382719.5377302,343.17,yes,queue_full_evicted_by_newer_frame,,,0,,,,,never validated (dropped before inference),,,,,queue_drop_evicted,,
2011,01:20.440,1791382719.7215269,1791382719.7215269,313.8,yes,queue_full_evicted_by_newer_frame,,,0,,,,,never validated (dropped before inference),,,,,queue_drop_evicted,,
2016,01:20.640,1791382719.8806906,1791382719.8806906,300.1,no,,200,200,1,PitchDetectError: response held no keypoints,False,0,,no keypoints to validate,,calibration_expired,,439.78,no_keypoints,response held no keypoints,0
2021,01:20.840,1791382720.0351694,1791382720.0351694,334.07,yes,queue_full_evicted_by_newer_frame,,,0,,,,,never validated (dropped before inference),,,,,queue_drop_evicted,,
2026,01:21.040,1791382720.2029123,1791382720.2029123,328.7,yes,queue_full_evicted_by_newer_frame,,,0,,,,,never validated (dropped before inference),,,,,queue_drop_evicted,,
2031,01:21.240,1791382720.3674772,1791382720.3674772,251.17,no,,200,200,1,PitchDetectError: response held no keypoints,False,0,,no keypoints to validate,,calibration_expired,,474.25,no_keypoints,response held no keypoints,0
2036,01:21.440,1791382720.5317228,1791382720.5317228,323.75,yes,queue_full_evicted_by_newer_frame,,,0,,,,,never validated (dropped before inference),,,,,queue_drop_evicted,,
2041,01:21.640,1791382720.6943963,1791382720.6943963,318.89,yes,queue_full_evicted_by_newer_frame,,,0,,,,,never validated (dropped before inference),,,,,queue_drop_evicted,,
2046,01:21.840,1791382720.8554294,1791382720.8554294,239.71,no,,200,200,1,PitchDetectError: response held no keypoints,False,0,,no keypoints to validate,,calibration_expired,,453.14,no_keypoints,response held no keypoints,0
2051,01:22.040,1791382721.013393,1791382721.013393,328.18,yes,queue_full_evicted_by_newer_frame,,,0,,,,,never validated (dropped before inference),,,,,queue_drop_evicted,,
2056,01:22.240,1791382721.1771498,1791382721.1771498,331.21,yes,queue_full_evicted_by_newer_frame,,,0,,,,,never validated (dropped before inference),,,,,queue_drop_evicted,,
2061,01:22.440,1791382721.3397217,1791382721.3397217,207.22,no,,200,200,1,PitchDetectError: response held no keypoints,False,0,,no keypoints to validate,,calibration_expired,,457.64,no_keypoints,response held no keypoints,0
2066,01:22.640,1791382721.5086012,1791382721.5086012,318.58,yes,queue_full_evicted_by_newer_frame,,,0,,,,,never validated (dropped before inference),,,,,queue_drop_evicted,,
2071,01:22.840,1791382721.6671739,1791382721.6671739,324.36,yes,queue_full_evicted_by_newer_frame,,,0,,,,,never validated (dropped before inference),,,,,queue_drop_evicted,,
2076,01:23.040,1791382721.8201873,1791382721.8201873,179.18,no,,200,200,1,PitchDetectError: response held no keypoints,False,0,,no keypoints to validate,,calibration_expired,,409.53,no_keypoints,response held no keypoints,0
2081,01:23.240,1791382721.9900546,1791382721.9900546,331.62,yes,queue_full_evicted_by_newer_frame,,,0,,,,,never validated (dropped before inference),,,,,queue_drop_evicted,,
2086,01:23.440,1791382722.1649551,1791382722.1649551,250.95,no,,200,200,1,PitchDetectError: response held no keypoints,False,0,,no keypoints to validate,,calibration_expired,,415.95,no_keypoints,response held no keypoints,0
2091,01:23.640,1791382722.3243356,1791382722.3243356,336.26,yes,queue_full_evicted_by_newer_frame,,,0,,,,,never validated (dropped before inference),,,,,queue_drop_evicted,,
2096,01:23.840,1791382722.4918368,1791382722.4918368,331.19,yes,queue_full_evicted_by_newer_frame,,,0,,,,,never validated (dropped before inference),,,,,queue_drop_evicted,,
2101,01:24.040,1791382722.6604366,1791382722.6604366,171.47,no,,200,200,1,PitchDetectError: response held no keypoints,False,0,,no keypoints to validate,,calibration_expired,,423.29,no_keypoints,response held no keypoints,0
2106,01:24.240,1791382722.8244727,1791382722.8244727,341.29,yes,queue_full_evicted_by_newer_frame,,,0,,,,,never validated (dropped before inference),,,,,queue_drop_evicted,,
2111,01:24.440,1791382722.9924438,1791382722.9924438,263.34,no,,200,200,1,PitchDetectError: response held no keypoints,False,0,,no keypoints to validate,,calibration_expired,,435.66,no_keypoints,response held no keypoints,0
2116,01:24.640,1791382723.1652222,1791382723.1652222,363.45,yes,queue_full_evicted_by_newer_frame,,,0,,,,,never validated (dropped before inference),,,,,queue_drop_evicted,,
2121,01:24.840,1791382723.3297381,1791382723.3297381,361.02,no,,200,200,1,,True,4,0.7926,accepted,,calibration_expired,yes,468.62,detected,,1
2126,01:25.040,1791382723.5265436,1791382723.5265436,402.58,yes,queue_full_evicted_by_newer_frame,,,0,,,,,never validated (dropped before inference),,,,,queue_drop_evicted,,
2131,01:25.240,1791382723.735471,1791382723.735471,389.64,yes,queue_full_evicted_by_newer_frame,,,0,,,,,never validated (dropped before inference),,,,,queue_drop_evicted,,
2136,01:25.440,1791382723.9324322,1791382723.9324322,228.62,no,,200,200,1,,True,4,0.7959,accepted,,calibrated,yes,479.52,detected,,1
2141,01:25.640,1791382724.1253796,1791382724.1253796,382.61,yes,queue_full_evicted_by_newer_frame,,,0,,,,,never validated (dropped before inference),,,,,queue_drop_evicted,,
2146,01:25.840,1791382724.3128972,1791382724.3128972,328.25,no,,200,200,1,,True,4,0.7342,accepted,,calibrated,yes,432.15,detected,,1
2151,01:26.040,1791382724.505633,1791382724.505633,384.75,yes,queue_full_evicted_by_newer_frame,,,0,,,,,never validated (dropped before inference),,,,,queue_drop_evicted,,
2156,01:26.240,1791382724.6976292,1791382724.6976292,376.14,no,,200,200,1,,True,4,0.7584,refused: only_2_usable_keypoints,only_2_usable_keypoints,calibrated,no,444.09,refused,,1
2161,01:26.440,1791382724.8926656,1791382724.8926656,388.12,yes,queue_full_evicted_by_newer_frame,,,0,,,,,never validated (dropped before inference),,,,,queue_drop_evicted,,
2166,01:26.640,1791382725.0817783,1791382725.0817783,393.95,yes,queue_full_evicted_by_newer_frame,,,0,,,,,never validated (dropped before inference),,,,,queue_drop_evicted,,
2171,01:26.840,1791382725.280874,1791382725.280874,237.9,no,,200,200,1,PitchDetectError: response held no keypoints,False,0,,no keypoints to validate,,temporary_loss,,428.37,no_keypoints,response held no keypoints,0
2176,01:27.040,1791382725.4764225,1791382725.4764225,367.78,yes,queue_full_evicted_by_newer_frame,,,0,,,,,never validated (dropped before inference),,,,,queue_drop_evicted,,
2181,01:27.240,1791382725.6567757,1791382725.6567757,290.33,no,,200,200,1,PitchDetectError: response held no keypoints,False,0,,no keypoints to validate,,calibration_expired,,439.67,no_keypoints,response held no keypoints,0
2186,01:27.440,1791382725.8443453,1791382725.8443453,384.73,yes,queue_full_evicted_by_newer_frame,,,0,,,,,never validated (dropped before inference),,,,,queue_drop_evicted,,
2191,01:27.640,1791382726.0331147,1791382726.0331147,350.63,no,,200,200,1,PitchDetectError: response held no keypoints,False,0,,no keypoints to validate,,calibration_expired,,497.24,no_keypoints,response held no keypoints,0
2196,01:27.840,1791382726.2270129,1791382726.2270129,655.67,no,,200,200,1,PitchDetectError: response held no keypoints,False,0,,no keypoints to validate,,calibration_expired,,1247.49,no_keypoints,response held no keypoints,0
2201,01:28.040,1791382727.221069,1791382727.221069,359.83,yes,queue_full_evicted_by_newer_frame,,,0,,,,,never validated (dropped before inference),,,,,queue_drop_evicted,,
2206,01:28.240,1791382727.4009655,1791382727.4009655,360.12,yes,queue_full_evicted_by_newer_frame,,,0,,,,,never validated (dropped before inference),,,,,queue_drop_evicted,,
2211,01:28.440,1791382727.5812232,1791382727.5812232,370.94,yes,queue_full_evicted_by_newer_frame,,,0,,,,,never validated (dropped before inference),,,,,queue_drop_evicted,,
2216,01:28.640,1791382727.761214,1791382727.761214,366.61,yes,queue_full_evicted_by_newer_frame,,,0,,,,,never validated (dropped before inference),,,,,queue_drop_evicted,,
2221,01:28.840,1791382727.9503202,1791382727.9503202,179.76,no,,200,200,1,PitchDetectError: response held no keypoints,False,0,,no keypoints to validate,,calibration_expired,,495.71,no_keypoints,response held no keypoints,0
2226,01:29.040,1791382728.127727,1791382728.127727,353.99,yes,queue_full_evicted_by_newer_frame,,,0,,,,,never validated (dropped before inference),,,,,queue_drop_evicted,,
2231,01:29.240,1791382728.3105702,1791382728.3105702,316.61,no,,200,200,1,PitchDetectError: response held no keypoints,False,0,,no keypoints to validate,,calibration_expired,,508.97,no_keypoints,response held no keypoints,0
2236,01:29.440,1791382728.4818528,1791382728.4818528,357.07,yes,queue_full_evicted_by_newer_frame,,,0,,,,,never validated (dropped before inference),,,,,queue_drop_evicted,,
2241,01:29.640,1791382728.658066,1791382728.658066,344.62,yes,queue_full_evicted_by_newer_frame,,,0,,,,,never validated (dropped before inference),,,,,queue_drop_evicted,,
2246,01:29.840,1791382728.838788,1791382728.838788,298.59,no,,200,200,1,PitchDetectError: response held no keypoints,False,0,,no keypoints to validate,,calibration_expired,,486.19,no_keypoints,response held no keypoints,0
2251,01:30.040,1791382729.00551,1791382729.00551,342.49,yes,queue_full_evicted_by_newer_frame,,,0,,,,,never validated (dropped before inference),,,,,queue_drop_evicted,,
2256,01:30.240,1791382729.1820168,1791382729.1820168,326.33,yes,queue_full_evicted_by_newer_frame,,,0,,,,,never validated (dropped before inference),,,,,queue_drop_evicted,,
2261,01:30.440,1791382729.3449101,1791382729.3449101,275.59,no,,200,200,1,PitchDetectError: response held no keypoints,False,0,,no keypoints to validate,,calibration_expired,,466.2,no_keypoints,response held no keypoints,0
2266,01:30.640,1791382729.504963,1791382729.504963,329.16,yes,queue_full_evicted_by_newer_frame,,,0,,,,,never validated (dropped before inference),,,,,queue_drop_evicted,,
2271,01:30.840,1791382729.6755922,1791382729.6755922,346.6,yes,queue_full_evicted_by_newer_frame,,,0,,,,,never validated (dropped before inference),,,,,queue_drop_evicted,,
2276,01:31.040,1791382729.83786,1791382729.83786,252.43,no,,200,200,1,PitchDetectError: response held no keypoints,False,0,,no keypoints to validate,,calibration_expired,,472.22,no_keypoints,response held no keypoints,0
2281,01:31.240,1791382730.0189815,1791382730.0189815,385.35,yes,queue_full_evicted_by_newer_frame,,,0,,,,,never validated (dropped before inference),,,,,queue_drop_evicted,,
2286,01:31.440,1791382730.221688,1791382730.221688,340.44,no,,200,200,1,PitchDetectError: response held no keypoints,False,0,,no keypoints to validate,,calibration_expired,,448.7,no_keypoints,response held no keypoints,0
2291,01:31.640,1791382730.4060912,1791382730.4060912,379.25,yes,queue_full_evicted_by_newer_frame,,,0,,,,,never validated (dropped before inference),,,,,queue_drop_evicted,,
2296,01:31.840,1791382730.5876741,1791382730.5876741,390.44,yes,queue_full_evicted_by_newer_frame,,,0,,,,,never validated (dropped before inference),,,,,queue_drop_evicted,,
2301,01:32.040,1791382730.7862458,1791382730.7862458,224.81,no,,200,200,1,PitchDetectError: response held no keypoints,False,0,,no keypoints to validate,,calibration_expired,,453.42,no_keypoints,response held no keypoints,0
2306,01:32.240,1791382730.9767516,1791382730.9767516,378.54,yes,queue_full_evicted_by_newer_frame,,,0,,,,,never validated (dropped before inference),,,,,queue_drop_evicted,,
2311,01:32.440,1791382731.1643467,1791382731.1643467,299.32,no,,200,200,1,PitchDetectError: response held no keypoints,False,0,,no keypoints to validate,,calibration_expired,,456.23,no_keypoints,response held no keypoints,0
2316,01:32.640,1791382731.3563893,1791382731.3563893,382.06,yes,queue_full_evicted_by_newer_frame,,,0,,,,,never validated (dropped before inference),,,,,queue_drop_evicted,,
2321,01:32.840,1791382731.5462294,1791382731.5462294,372.3,no,,200,200,1,PitchDetectError: response held no keypoints,False,0,,no keypoints to validate,,calibration_expired,,481.48,no_keypoints,response held no keypoints,0
2326,01:33.040,1791382731.7381678,1791382731.7381678,383.4,yes,queue_full_evicted_by_newer_frame,,,0,,,,,never validated (dropped before inference),,,,,queue_drop_evicted,,
2331,01:33.240,1791382731.9282844,1791382731.9282844,384.43,yes,queue_full_evicted_by_newer_frame,,,0,,,,,never validated (dropped before inference),,,,,queue_drop_evicted,,
2336,01:33.440,1791382732.1225028,1791382732.1225028,280.85,no,,200,200,1,PitchDetectError: response held no keypoints,False,0,,no keypoints to validate,,calibration_expired,,480.04,no_keypoints,response held no keypoints,0
2341,01:33.640,1791382732.309881,1791382732.309881,400.41,yes,queue_full_evicted_by_newer_frame,,,0,,,,,never validated (dropped before inference),,,,,queue_drop_evicted,,
2346,01:33.840,1791382732.5043209,1791382732.5043209,376.85,no,,200,200,1,PitchDetectError: response held no keypoints,False,0,,no keypoints to validate,,calibration_expired,,468.72,no_keypoints,response held no keypoints,0
2351,01:34.040,1791382732.712399,1791382732.712399,379.45,yes,queue_full_evicted_by_newer_frame,,,0,,,,,never validated (dropped before inference),,,,,queue_drop_evicted,,
2356,01:34.240,1791382732.905847,1791382732.905847,375.54,yes,queue_full_evicted_by_newer_frame,,,0,,,,,never validated (dropped before inference),,,,,queue_drop_evicted,,
2361,01:34.440,1791382733.0932918,1791382733.0932918,258.83,no,,200,200,1,PitchDetectError: response held no keypoints,False,0,,no keypoints to validate,,calibration_expired,,517.48,no_keypoints,response held no keypoints,0
2366,01:34.640,1791382733.281895,1791382733.281895,382.63,yes,queue_full_evicted_by_newer_frame,,,0,,,,,never validated (dropped before inference),,,,,queue_drop_evicted,,
2371,01:34.840,1791382733.470251,1791382733.470251,384.36,yes,queue_full_evicted_by_newer_frame,,,0,,,,,never validated (dropped before inference),,,,,queue_drop_evicted,,
2376,01:35.040,1791382733.6644907,1791382733.6644907,206.0,no,,200,200,1,PitchDetectError: response held no keypoints,False,0,,no keypoints to validate,,calibration_expired,,620.64,no_keypoints,response held no keypoints,0
2381,01:35.240,1791382733.8514082,1791382733.8514082,383.78,yes,queue_full_evicted_by_newer_frame,,,0,,,,,never validated (dropped before inference),,,,,queue_drop_evicted,,
2386,01:35.440,1791382734.043678,1791382734.043678,378.11,yes,queue_full_evicted_by_newer_frame,,,0,,,,,never validated (dropped before inference),,,,,queue_drop_evicted,,
2391,01:35.640,1791382734.2382345,1791382734.2382345,252.68,no,,200,200,1,PitchDetectError: response held no keypoints,False,0,,no keypoints to validate,,calibration_expired,,472.88,no_keypoints,response held no keypoints,0
2396,01:35.840,1791382734.427924,1791382734.427924,368.01,yes,queue_full_evicted_by_newer_frame,,,0,,,,,never validated (dropped before inference),,,,,queue_drop_evicted,,
2401,01:36.040,1791382734.6179612,1791382734.6179612,346.3,no,,200,200,1,PitchDetectError: response held no keypoints,False,0,,no keypoints to validate,,calibration_expired,,496.82,no_keypoints,response held no keypoints,0
2406,01:36.240,1791382734.7958245,1791382734.7958245,391.94,yes,queue_full_evicted_by_newer_frame,,,0,,,,,never validated (dropped before inference),,,,,queue_drop_evicted,,
2411,01:36.440,1791382735.0175867,1791382735.0175867,298.12,yes,queue_full_evicted_by_newer_frame,,,0,,,,,never validated (dropped before inference),,,,,queue_drop_evicted,,
2416,01:36.640,1791382735.1882045,1791382735.1882045,259.3,yes,queue_full_evicted_by_newer_frame,,,0,,,,,never validated (dropped before inference),,,,,queue_drop_evicted,,
2421,01:36.840,1791382735.3162818,1791382735.3162818,144.94,no,,200,200,1,PitchDetectError: response held no keypoints,False,0,,no keypoints to validate,,calibration_expired,,450.67,no_keypoints,response held no keypoints,0
2426,01:37.040,1791382735.4472818,1791382735.4472818,225.26,yes,queue_full_evicted_by_newer_frame,,,0,,,,,never validated (dropped before inference),,,,,queue_drop_evicted,,
2431,01:37.240,1791382735.5630982,1791382735.5630982,247.24,yes,queue_full_evicted_by_newer_frame,,,0,,,,,never validated (dropped before inference),,,,,queue_drop_evicted,,
2436,01:37.440,1791382735.6727262,1791382735.6727262,239.63,no,,200,200,1,PitchDetectError: response held no keypoints,False,0,,no keypoints to validate,,calibration_expired,,458.81,no_keypoints,response held no keypoints,0
2441,01:37.640,1791382735.8104718,1791382735.8104718,285.73,yes,queue_full_evicted_by_newer_frame,,,0,,,,,never validated (dropped before inference),,,,,queue_drop_evicted,,
2446,01:37.840,1791382735.94597,1791382735.94597,380.17,yes,queue_full_evicted_by_newer_frame,,,0,,,,,never validated (dropped before inference),,,,,queue_drop_evicted,,
2451,01:38.040,1791382736.0957086,1791382736.0957086,275.47,no,,200,200,1,PitchDetectError: response held no keypoints,False,0,,no keypoints to validate,,calibration_expired,,417.67,no_keypoints,response held no keypoints,0
2456,01:38.240,1791382736.326094,1791382736.326094,363.96,yes,queue_full_evicted_by_newer_frame,,,0,,,,,never validated (dropped before inference),,,,,queue_drop_evicted,,
2461,01:38.440,1791382736.5095577,1791382736.5095577,279.64,no,,200,200,1,PitchDetectError: response held no keypoints,False,0,,no keypoints to validate,,calibration_expired,,437.51,no_keypoints,response held no keypoints,0
2466,01:38.640,1791382736.6901307,1791382736.6901307,345.14,yes,queue_full_evicted_by_newer_frame,,,0,,,,,never validated (dropped before inference),,,,,queue_drop_evicted,,
2471,01:38.840,1791382736.8625224,1791382736.8625224,360.0,yes,queue_full_evicted_by_newer_frame,,,0,,,,,never validated (dropped before inference),,,,,queue_drop_evicted,,
2476,01:39.040,1791382737.035569,1791382737.035569,191.45,no,,200,200,1,PitchDetectError: response held no keypoints,False,0,,no keypoints to validate,,calibration_expired,,462.62,no_keypoints,response held no keypoints,0
2481,01:39.240,1791382737.22216,1791382737.22216,375.01,yes,queue_full_evicted_by_newer_frame,,,0,,,,,never validated (dropped before inference),,,,,queue_drop_evicted,,
2486,01:39.440,1791382737.408279,1791382737.408279,279.87,no,,200,200,1,PitchDetectError: response held no keypoints,False,0,,no keypoints to validate,,calibration_expired,,460.51,no_keypoints,response held no keypoints,0
2491,01:39.640,1791382737.598066,1791382737.598066,366.8,yes,queue_full_evicted_by_newer_frame,,,0,,,,,never validated (dropped before inference),,,,,queue_drop_evicted,,
2496,01:39.840,1791382737.786915,1791382737.786915,351.3,yes,queue_full_evicted_by_newer_frame,,,0,,,,,never validated (dropped before inference),,,,,queue_drop_evicted,,
2501,01:40.040,1791382737.9641502,1791382737.9641502,186.34,no,,200,200,1,PitchDetectError: response held no keypoints,False,0,,no keypoints to validate,,calibration_expired,,471.49,no_keypoints,response held no keypoints,0
2506,01:40.240,1791382738.1386967,1791382738.1386967,338.74,yes,queue_full_evicted_by_newer_frame,,,0,,,,,never validated (dropped before inference),,,,,queue_drop_evicted,,
2511,01:40.440,1791382738.306563,1791382738.306563,315.82,no,,200,200,1,PitchDetectError: response held no keypoints,False,0,,no keypoints to validate,,calibration_expired,,466.46,no_keypoints,response held no keypoints,0
2516,01:40.640,1791382738.4773226,1791382738.4773226,375.89,yes,queue_full_evicted_by_newer_frame,,,0,,,,,never validated (dropped before inference),,,,,queue_drop_evicted,,
2521,01:40.840,1791382738.6965196,1791382738.6965196,322.13,yes,queue_full_evicted_by_newer_frame,,,0,,,,,never validated (dropped before inference),,,,,queue_drop_evicted,,
2526,01:41.040,1791382738.8530746,1791382738.8530746,235.66,no,,200,200,1,PitchDetectError: response held no keypoints,False,0,,no keypoints to validate,,calibration_expired,,420.92,no_keypoints,response held no keypoints,0
2531,01:41.240,1791382739.0189025,1791382739.0189025,337.09,yes,queue_full_evicted_by_newer_frame,,,0,,,,,never validated (dropped before inference),,,,,queue_drop_evicted,,
2536,01:41.440,1791382739.1855617,1791382739.1855617,323.88,no,,200,200,1,PitchDetectError: response held no keypoints,False,0,,no keypoints to validate,,calibration_expired,,422.0,no_keypoints,response held no keypoints,0
2541,01:41.640,1791382739.3548262,1791382739.3548262,339.94,yes,queue_full_evicted_by_newer_frame,,,0,,,,,never validated (dropped before inference),,,,,queue_drop_evicted,,
2546,01:41.840,1791382739.5251575,1791382739.5251575,346.19,yes,queue_full_evicted_by_newer_frame,,,0,,,,,never validated (dropped before inference),,,,,queue_drop_evicted,,
2551,01:42.040,1791382739.6953607,1791382739.6953607,236.78,no,,200,200,1,PitchDetectError: response held no keypoints,False,0,,no keypoints to validate,,calibration_expired,,417.93,no_keypoints,response held no keypoints,0
2556,01:42.240,1791382739.8702106,1791382739.8702106,384.87,yes,queue_full_evicted_by_newer_frame,,,0,,,,,never validated (dropped before inference),,,,,queue_drop_evicted,,
2561,01:42.440,1791382740.0729258,1791382740.0729258,277.56,no,,200,200,1,PitchDetectError: response held no keypoints,False,0,,no keypoints to validate,,calibration_expired,,474.14,no_keypoints,response held no keypoints,0
2566,01:42.640,1791382740.255849,1791382740.255849,380.27,yes,queue_full_evicted_by_newer_frame,,,0,,,,,never validated (dropped before inference),,,,,queue_drop_evicted,,
2571,01:42.840,1791382740.4359486,1791382740.4359486,386.72,yes,queue_full_evicted_by_newer_frame,,,0,,,,,never validated (dropped before inference),,,,,queue_drop_evicted,,
2576,01:43.040,1791382740.6360254,1791382740.6360254,188.71,no,,200,200,1,PitchDetectError: response held no keypoints,False,0,,no keypoints to validate,,calibration_expired,,488.96,no_keypoints,response held no keypoints,0
2581,01:43.240,1791382740.823075,1791382740.823075,388.61,yes,queue_full_evicted_by_newer_frame,,,0,,,,,never validated (dropped before inference),,,,,queue_drop_evicted,,
2586,01:43.440,1791382741.0159032,1791382741.0159032,298.48,no,,200,200,1,PitchDetectError: response held no keypoints,False,0,,no keypoints to validate,,calibration_expired,,496.77,no_keypoints,response held no keypoints,0
2591,01:43.640,1791382741.211632,1791382741.211632,385.21,yes,queue_full_evicted_by_newer_frame,,,0,,,,,never validated (dropped before inference),,,,,queue_drop_evicted,,
2596,01:43.840,1791382741.4095044,1791382741.4095044,375.28,yes,queue_full_evicted_by_newer_frame,,,0,,,,,never validated (dropped before inference),,,,,queue_drop_evicted,,
2601,01:44.040,1791382741.5948973,1791382741.5948973,214.95,no,,200,200,1,PitchDetectError: response held no keypoints,False,0,,no keypoints to validate,,calibration_expired,,486.94,no_keypoints,response held no keypoints,0
2606,01:44.240,1791382741.7842348,1791382741.7842348,397.39,yes,queue_full_evicted_by_newer_frame,,,0,,,,,never validated (dropped before inference),,,,,queue_drop_evicted,,
2611,01:44.440,1791382741.9842618,1791382741.9842618,313.97,no,,200,200,1,PitchDetectError: response held no keypoints,False,0,,no keypoints to validate,,calibration_expired,,809.9,no_keypoints,response held no keypoints,0
2616,01:44.640,1791382742.181913,1791382742.181913,375.23,yes,queue_full_evicted_by_newer_frame,,,0,,,,,never validated (dropped before inference),,,,,queue_drop_evicted,,
2621,01:44.840,1791382742.36506,1791382742.36506,383.36,yes,queue_full_evicted_by_newer_frame,,,0,,,,,never validated (dropped before inference),,,,,queue_drop_evicted,,
2626,01:45.040,1791382742.5570505,1791382742.5570505,375.76,yes,queue_full_evicted_by_newer_frame,,,0,,,,,never validated (dropped before inference),,,,,queue_drop_evicted,,
2631,01:45.240,1791382742.7484815,1791382742.7484815,359.99,no,,200,200,1,PitchDetectError: response held no keypoints,False,0,,no keypoints to validate,,calibration_expired,,456.79,no_keypoints,response held no keypoints,0
2636,01:45.440,1791382742.9331403,1791382742.9331403,358.49,yes,queue_full_evicted_by_newer_frame,,,0,,,,,never validated (dropped before inference),,,,,queue_drop_evicted,,
2641,01:45.640,1791382743.1115656,1791382743.1115656,351.25,yes,queue_full_evicted_by_newer_frame,,,0,,,,,never validated (dropped before inference),,,,,queue_drop_evicted,,
2646,01:45.840,1791382743.291664,1791382743.291664,274.58,no,,200,200,1,PitchDetectError: response held no keypoints,False,0,,no keypoints to validate,,calibration_expired,,463.6,no_keypoints,response held no keypoints,0
2651,01:46.040,1791382743.4626422,1791382743.4626422,355.68,yes,queue_full_evicted_by_newer_frame,,,0,,,,,never validated (dropped before inference),,,,,queue_drop_evicted,,
2656,01:46.240,1791382743.6518562,1791382743.6518562,347.91,yes,queue_full_evicted_by_newer_frame,,,0,,,,,never validated (dropped before inference),,,,,queue_drop_evicted,,
2661,01:46.440,1791382743.8168716,1791382743.8168716,211.25,no,,200,200,1,PitchDetectError: response held no keypoints,False,0,,no keypoints to validate,,calibration_expired,,440.13,no_keypoints,response held no keypoints,0
2666,01:46.640,1791382744.0006108,1791382744.0006108,370.55,yes,queue_full_evicted_by_newer_frame,,,0,,,,,never validated (dropped before inference),,,,,queue_drop_evicted,,
2671,01:46.840,1791382744.1818764,1791382744.1818764,287.9,no,,200,200,1,PitchDetectError: response held no keypoints,False,0,,no keypoints to validate,,calibration_expired,,435.16,no_keypoints,response held no keypoints,0
2676,01:47.040,1791382744.3705049,1791382744.3705049,379.79,yes,queue_full_evicted_by_newer_frame,,,0,,,,,never validated (dropped before inference),,,,,queue_drop_evicted,,
2681,01:47.240,1791382744.5627613,1791382744.5627613,341.72,no,,200,200,1,PitchDetectError: response held no keypoints,False,0,,no keypoints to validate,,calibration_expired,,442.97,no_keypoints,response held no keypoints,0
2686,01:47.440,1791382744.749774,1791382744.749774,380.48,yes,queue_full_evicted_by_newer_frame,,,0,,,,,never validated (dropped before inference),,,,,queue_drop_evicted,,
2691,01:47.640,1791382744.945208,1791382744.945208,350.98,yes,queue_full_evicted_by_newer_frame,,,0,,,,,never validated (dropped before inference),,,,,queue_drop_evicted,,
2696,01:47.840,1791382745.1315885,1791382745.1315885,217.37,no,,200,200,1,PitchDetectError: response held no keypoints,False,0,,no keypoints to validate,,calibration_expired,,448.06,no_keypoints,response held no keypoints,0
2701,01:48.040,1791382745.2963681,1791382745.2963681,379.47,yes,queue_full_evicted_by_newer_frame,,,0,,,,,never validated (dropped before inference),,,,,queue_drop_evicted,,
2706,01:48.240,1791382745.4862108,1791382745.4862108,310.79,no,,200,200,1,PitchDetectError: response held no keypoints,False,0,,no keypoints to validate,,calibration_expired,,437.65,no_keypoints,response held no keypoints,0
2711,01:48.440,1791382745.6757276,1791382745.6757276,376.76,yes,queue_full_evicted_by_newer_frame,,,0,,,,,never validated (dropped before inference),,,,,queue_drop_evicted,,
2716,01:48.640,1791382745.8638682,1791382745.8638682,370.7,no,,200,200,1,PitchDetectError: response held no keypoints,False,0,,no keypoints to validate,,calibration_expired,,436.05,no_keypoints,response held no keypoints,0
2721,01:48.840,1791382746.05308,1791382746.05308,379.63,yes,queue_full_evicted_by_newer_frame,,,0,,,,,never validated (dropped before inference),,,,,queue_drop_evicted,,
2726,01:49.040,1791382746.2397134,1791382746.2397134,373.28,yes,queue_full_evicted_by_newer_frame,,,0,,,,,never validated (dropped before inference),,,,,queue_drop_evicted,,
2731,01:49.240,1791382746.4316144,1791382746.4316144,238.87,no,,200,200,1,PitchDetectError: response held no keypoints,False,0,,no keypoints to validate,,calibration_expired,,456.85,no_keypoints,response held no keypoints,0
2736,01:49.440,1791382746.6132064,1791382746.6132064,393.17,yes,queue_full_evicted_by_newer_frame,,,0,,,,,never validated (dropped before inference),,,,,queue_drop_evicted,,
2741,01:49.640,1791382746.8182611,1791382746.8182611,309.9,no,,200,200,1,PitchDetectError: response held no keypoints,False,0,,no keypoints to validate,,calibration_expired,,446.2,no_keypoints,response held no keypoints,0
2746,01:49.840,1791382747.0058625,1791382747.0058625,348.52,yes,queue_full_evicted_by_newer_frame,,,0,,,,,never validated (dropped before inference),,,,,queue_drop_evicted,,
2751,01:50.040,1791382747.1784053,1791382747.1784053,348.35,yes,queue_full_evicted_by_newer_frame,,,0,,,,,never validated (dropped before inference),,,,,queue_drop_evicted,,
2756,01:50.240,1791382747.3542566,1791382747.3542566,219.94,no,,200,200,1,,True,4,0.798,accepted,,calibration_expired,yes,440.19,detected,,1
2761,01:50.440,1791382747.5267394,1791382747.5267394,365.74,yes,queue_full_evicted_by_newer_frame,,,0,,,,,never validated (dropped before inference),,,,,queue_drop_evicted,,
2766,01:50.640,1791382747.7088256,1791382747.7088256,306.52,no,,200,200,1,,True,4,0.8396,accepted,,calibrated,yes,441.33,detected,,1
2771,01:50.840,1791382747.8921664,1791382747.8921664,352.86,yes,queue_full_evicted_by_newer_frame,,,0,,,,,never validated (dropped before inference),,,,,queue_drop_evicted,,
2776,01:51.040,1791382748.0657272,1791382748.0657272,371.6,yes,queue_full_evicted_by_newer_frame,,,0,,,,,never validated (dropped before inference),,,,,queue_drop_evicted,,
2781,01:51.240,1791382748.2450447,1791382748.2450447,212.46,no,,200,200,1,,True,4,0.751,refused: only_2_usable_keypoints,only_2_usable_keypoints,calibrated,no,421.36,refused,,1
2786,01:51.440,1791382748.4370954,1791382748.4370954,363.17,yes,queue_full_evicted_by_newer_frame,,,0,,,,,never validated (dropped before inference),,,,,queue_drop_evicted,,
2791,01:51.640,1791382748.622709,1791382748.622709,256.45,no,,200,200,1,,True,4,0.7733,refused: only_2_usable_keypoints,only_2_usable_keypoints,temporary_loss,no,610.97,refused,,1
2796,01:51.840,1791382748.8003843,1791382748.8003843,350.56,yes,queue_full_evicted_by_newer_frame,,,0,,,,,never validated (dropped before inference),,,,,queue_drop_evicted,,
2801,01:52.040,1791382748.9717247,1791382748.9717247,337.04,yes,queue_full_evicted_by_newer_frame,,,0,,,,,never validated (dropped before inference),,,,,queue_drop_evicted,,
2806,01:52.240,1791382749.1503303,1791382749.1503303,321.62,yes,queue_full_evicted_by_newer_frame,,,0,,,,,never validated (dropped before inference),,,,,queue_drop_evicted,,
2811,01:52.440,1791382749.3085709,1791382749.3085709,182.58,no,,200,200,1,PitchDetectError: response held no keypoints,False,0,,no keypoints to validate,,calibration_expired,,451.07,no_keypoints,response held no keypoints,0
2816,01:52.640,1791382749.4718664,1791382749.4718664,470.08,no,,200,200,1,PitchDetectError: response held no keypoints,False,0,,no keypoints to validate,,calibration_expired,,468.39,no_keypoints,response held no keypoints,0
2821,01:52.840,1791382750.9466772,1791382750.9466772,0.29,no,,200,200,1,PitchDetectError: response held no keypoints,False,0,,no keypoints to validate,,calibration_expired,,503.09,no_keypoints,response held no keypoints,0
2826,01:53.040,1791382751.1429036,1791382751.1429036,309.53,no,,200,200,1,PitchDetectError: response held no keypoints,False,0,,no keypoints to validate,,calibration_expired,,566.27,no_keypoints,response held no keypoints,0
2831,01:53.240,1791382751.343086,1791382751.343086,391.17,yes,queue_full_evicted_by_newer_frame,,,0,,,,,never validated (dropped before inference),,,,,queue_drop_evicted,,
2836,01:53.440,1791382751.536082,1791382751.536082,381.89,yes,queue_full_evicted_by_newer_frame,,,0,,,,,never validated (dropped before inference),,,,,queue_drop_evicted,,
2841,01:53.640,1791382751.7339256,1791382751.7339256,284.56,no,,200,200,1,PitchDetectError: response held no keypoints,False,0,,no keypoints to validate,,calibration_expired,,484.8,no_keypoints,response held no keypoints,0
2846,01:53.840,1791382751.918798,1791382751.918798,420.87,yes,queue_full_evicted_by_newer_frame,,,0,,,,,never validated (dropped before inference),,,,,queue_drop_evicted,,
2851,01:54.040,1791382752.1577053,1791382752.1577053,346.51,no,,200,200,1,PitchDetectError: response held no keypoints,False,0,,no keypoints to validate,,calibration_expired,,494.23,no_keypoints,response held no keypoints,0
2856,01:54.240,1791382752.339477,1791382752.339477,347.08,yes,queue_full_evicted_by_newer_frame,,,0,,,,,never validated (dropped before inference),,,,,queue_drop_evicted,,
2861,01:54.440,1791382752.5291061,1791382752.5291061,322.58,yes,queue_full_evicted_by_newer_frame,,,0,,,,,never validated (dropped before inference),,,,,queue_drop_evicted,,
2866,01:54.640,1791382752.6861746,1791382752.6861746,312.29,no,,200,200,1,PitchDetectError: response held no keypoints,False,0,,no keypoints to validate,,calibration_expired,,440.55,no_keypoints,response held no keypoints,0
2871,01:54.840,1791382752.8527143,1791382752.8527143,331.46,yes,queue_full_evicted_by_newer_frame,,,0,,,,,never validated (dropped before inference),,,,,queue_drop_evicted,,
2876,01:55.040,1791382753.0150018,1791382753.0150018,334.37,yes,queue_full_evicted_by_newer_frame,,,0,,,,,never validated (dropped before inference),,,,,queue_drop_evicted,,
2881,01:55.240,1791382753.1840599,1791382753.1840599,256.02,no,,200,200,1,PitchDetectError: response held no keypoints,False,0,,no keypoints to validate,,calibration_expired,,421.87,no_keypoints,response held no keypoints,0
2886,01:55.440,1791382753.3495944,1791382753.3495944,325.63,yes,queue_full_evicted_by_newer_frame,,,0,,,,,never validated (dropped before inference),,,,,queue_drop_evicted,,
2891,01:55.640,1791382753.515828,1791382753.515828,312.5,yes,queue_full_evicted_by_newer_frame,,,0,,,,,never validated (dropped before inference),,,,,queue_drop_evicted,,
2896,01:55.840,1791382753.6745515,1791382753.6745515,186.78,no,,200,200,1,PitchDetectError: response held no keypoints,False,0,,no keypoints to validate,,calibration_expired,,434.92,no_keypoints,response held no keypoints,0
2901,01:56.040,1791382753.8284876,1791382753.8284876,330.4,yes,queue_full_evicted_by_newer_frame,,,0,,,,,never validated (dropped before inference),,,,,queue_drop_evicted,,
2906,01:56.240,1791382754.0009594,1791382754.0009594,295.63,no,,200,200,1,PitchDetectError: response held no keypoints,False,0,,no keypoints to validate,,calibration_expired,,426.18,no_keypoints,response held no keypoints,0
2911,01:56.440,1791382754.1590145,1791382754.1590145,344.46,yes,queue_full_evicted_by_newer_frame,,,0,,,,,never validated (dropped before inference),,,,,queue_drop_evicted,,
2916,01:56.640,1791382754.3371742,1791382754.3371742,339.21,yes,queue_full_evicted_by_newer_frame,,,0,,,,,never validated (dropped before inference),,,,,queue_drop_evicted,,
2921,01:56.840,1791382754.5032806,1791382754.5032806,220.57,no,,200,200,1,PitchDetectError: response held no keypoints,False,0,,no keypoints to validate,,calibration_expired,,409.32,no_keypoints,response held no keypoints,0
2926,01:57.040,1791382754.6757317,1791382754.6757317,360.14,yes,queue_full_evicted_by_newer_frame,,,0,,,,,never validated (dropped before inference),,,,,queue_drop_evicted,,
2931,01:57.240,1791382754.8570976,1791382754.8570976,275.62,no,,200,200,1,PitchDetectError: response held no keypoints,False,0,,no keypoints to validate,,calibration_expired,,433.22,no_keypoints,response held no keypoints,0
2936,01:57.440,1791382755.0373712,1791382755.0373712,343.42,yes,queue_full_evicted_by_newer_frame,,,0,,,,,never validated (dropped before inference),,,,,queue_drop_evicted,,
2941,01:57.640,1791382755.2090492,1791382755.2090492,344.61,yes,queue_full_evicted_by_newer_frame,,,0,,,,,never validated (dropped before inference),,,,,queue_drop_evicted,,
2946,01:57.840,1791382755.3806877,1791382755.3806877,186.6,no,,200,200,1,PitchDetectError: response held no keypoints,False,0,,no keypoints to validate,,calibration_expired,,446.25,no_keypoints,response held no keypoints,0
2951,01:58.040,1791382755.5519145,1791382755.5519145,346.16,yes,queue_full_evicted_by_newer_frame,,,0,,,,,never validated (dropped before inference),,,,,queue_drop_evicted,,
2956,01:58.240,1791382755.7318203,1791382755.7318203,281.7,no,,200,200,1,PitchDetectError: response held no keypoints,False,0,,no keypoints to validate,,calibration_expired,,430.37,no_keypoints,response held no keypoints,0
2961,01:58.440,1791382755.8995025,1791382755.8995025,347.1,yes,queue_full_evicted_by_newer_frame,,,0,,,,,never validated (dropped before inference),,,,,queue_drop_evicted,,
2966,01:58.640,1791382756.0680554,1791382756.0680554,352.02,yes,queue_full_evicted_by_newer_frame,,,0,,,,,never validated (dropped before inference),,,,,queue_drop_evicted,,
2971,01:58.840,1791382756.2450671,1791382756.2450671,197.53,no,,200,200,1,PitchDetectError: response held no keypoints,False,0,,no keypoints to validate,,calibration_expired,,428.92,no_keypoints,response held no keypoints,0
2976,01:59.040,1791382756.4202747,1791382756.4202747,351.57,yes,queue_full_evicted_by_newer_frame,,,0,,,,,never validated (dropped before inference),,,,,queue_drop_evicted,,
2981,01:59.240,1791382756.6007166,1791382756.6007166,272.35,no,,200,200,1,PitchDetectError: response held no keypoints,False,0,,no keypoints to validate,,calibration_expired,,439.24,no_keypoints,response held no keypoints,0
2986,01:59.440,1791382756.7719429,1791382756.7719429,373.32,yes,queue_full_evicted_by_newer_frame,,,0,,,,,never validated (dropped before inference),,,,,queue_drop_evicted,,
2991,01:59.640,1791382756.9587452,1791382756.9587452,353.73,no,,200,200,1,PitchDetectError: response held no keypoints,False,0,,no keypoints to validate,,calibration_expired,,504.11,no_keypoints,response held no keypoints,0
2996,01:59.840,1791382757.1453042,1791382757.1453042,365.11,yes,queue_full_evicted_by_newer_frame,,,0,,,,,never validated (dropped before inference),,,,,queue_drop_evicted,,
3001,02:00.040,1791382757.3323255,1791382757.3323255,358.56,yes,queue_full_evicted_by_newer_frame,,,0,,,,,never validated (dropped before inference),,,,,queue_drop_evicted,,
3006,02:00.240,1791382757.5076814,1791382757.5076814,306.66,no,,200,200,1,PitchDetectError: response held no keypoints,False,0,,no keypoints to validate,,calibration_expired,,452.04,no_keypoints,response held no keypoints,0
3011,02:00.440,1791382757.6908672,1791382757.6908672,359.77,yes,queue_full_evicted_by_newer_frame,,,0,,,,,never validated (dropped before inference),,,,,queue_drop_evicted,,
3016,02:00.640,1791382757.873248,1791382757.873248,365.08,yes,queue_full_evicted_by_newer_frame,,,0,,,,,never validated (dropped before inference),,,,,queue_drop_evicted,,
3021,02:00.840,1791382758.0491486,1791382758.0491486,219.13,no,,200,200,1,PitchDetectError: response held no keypoints,False,0,,no keypoints to validate,,calibration_expired,,504.59,no_keypoints,response held no keypoints,0
3026,02:01.040,1791382758.2381935,1791382758.2381935,353.72,yes,queue_full_evicted_by_newer_frame,,,0,,,,,never validated (dropped before inference),,,,,queue_drop_evicted,,
3031,02:01.240,1791382758.4169846,1791382758.4169846,357.44,no,,200,200,1,PitchDetectError: response held no keypoints,False,0,,no keypoints to validate,,calibration_expired,,449.4,no_keypoints,response held no keypoints,0
3036,02:01.440,1791382758.592232,1791382758.592232,372.36,yes,queue_full_evicted_by_newer_frame,,,0,,,,,never validated (dropped before inference),,,,,queue_drop_evicted,,
3041,02:01.640,1791382758.7770116,1791382758.7770116,364.35,yes,queue_full_evicted_by_newer_frame,,,0,,,,,never validated (dropped before inference),,,,,queue_drop_evicted,,
3046,02:01.840,1791382758.964922,1791382758.964922,259.14,no,,200,200,1,PitchDetectError: response held no keypoints,False,0,,no keypoints to validate,,calibration_expired,,460.71,no_keypoints,response held no keypoints,0
3051,02:02.040,1791382759.1415691,1791382759.1415691,350.33,yes,queue_full_evicted_by_newer_frame,,,0,,,,,never validated (dropped before inference),,,,,queue_drop_evicted,,
3056,02:02.240,1791382759.3241649,1791382759.3241649,348.16,yes,queue_full_evicted_by_newer_frame,,,0,,,,,never validated (dropped before inference),,,,,queue_drop_evicted,,
3061,02:02.440,1791382759.491844,1791382759.491844,192.57,no,,200,200,1,PitchDetectError: response held no keypoints,False,0,,no keypoints to validate,,calibration_expired,,457.06,no_keypoints,response held no keypoints,0
3066,02:02.640,1791382759.6718328,1791382759.6718328,363.75,yes,queue_full_evicted_by_newer_frame,,,0,,,,,never validated (dropped before inference),,,,,queue_drop_evicted,,
3071,02:02.840,1791382759.8546326,1791382759.8546326,287.08,no,,200,200,1,,True,4,0.6779,accepted,,calibration_expired,yes,448.56,detected,,1
3076,02:03.040,1791382760.0358505,1791382760.0358505,353.13,yes,queue_full_evicted_by_newer_frame,,,0,,,,,never validated (dropped before inference),,,,,queue_drop_evicted,,
3081,02:03.240,1791382760.2143135,1791382760.2143135,360.11,yes,queue_full_evicted_by_newer_frame,,,0,,,,,never validated (dropped before inference),,,,,queue_drop_evicted,,
3086,02:03.440,1791382760.3888662,1791382760.3888662,202.82,no,,200,200,1,,True,4,0.6981,accepted,,calibrated,yes,443.87,detected,,1
3091,02:03.640,1791382760.5744014,1791382760.5744014,386.6,yes,queue_full_evicted_by_newer_frame,,,0,,,,,never validated (dropped before inference),,,,,queue_drop_evicted,,
3096,02:03.840,1791382760.7778194,1791382760.7778194,257.54,no,,200,200,1,,True,4,0.7534,refused: only_2_usable_keypoints,only_2_usable_keypoints,calibrated,no,462.64,refused,,1
3101,02:04.040,1791382760.9602633,1791382760.9602633,369.06,yes,queue_full_evicted_by_newer_frame,,,0,,,,,never validated (dropped before inference),,,,,queue_drop_evicted,,
3106,02:04.240,1791382761.1528277,1791382761.1528277,346.2,no,,200,200,1,,True,4,0.7379,refused: only_2_usable_keypoints,only_2_usable_keypoints,temporary_loss,no,449.37,refused,,1
3111,02:04.440,1791382761.3275158,1791382761.3275158,358.13,yes,queue_full_evicted_by_newer_frame,,,0,,,,,never validated (dropped before inference),,,,,queue_drop_evicted,,
3116,02:04.640,1791382761.5048742,1791382761.5048742,359.78,yes,queue_full_evicted_by_newer_frame,,,0,,,,,never validated (dropped before inference),,,,,queue_drop_evicted,,
3121,02:04.840,1791382761.6882067,1791382761.6882067,260.37,no,,200,200,1,PitchDetectError: response held no keypoints,False,0,,no keypoints to validate,,calibration_expired,,450.19,no_keypoints,response held no keypoints,0
3126,02:05.040,1791382761.8632677,1791382761.8632677,534.09,no,,200,200,1,PitchDetectError: response held no keypoints,False,0,,no keypoints to validate,,calibration_expired,,466.46,no_keypoints,response held no keypoints,0
3131,02:05.240,1791382762.0357063,1791382762.0357063,827.9,no,,200,200,1,PitchDetectError: response held no keypoints,False,0,,no keypoints to validate,,calibration_expired,,455.43,no_keypoints,response held no keypoints,0
3136,02:05.440,1791382763.511636,1791382763.511636,0.37,no,,200,200,1,PitchDetectError: response held no keypoints,False,0,,no keypoints to validate,,calibration_expired,,442.04,no_keypoints,response held no keypoints,0
3141,02:05.640,1791382763.7078009,1791382763.7078009,245.57,no,,200,200,1,PitchDetectError: response held no keypoints,False,0,,no keypoints to validate,,calibration_expired,,486.08,no_keypoints,response held no keypoints,0
3146,02:05.840,1791382763.8886573,1791382763.8886573,366.93,yes,queue_full_evicted_by_newer_frame,,,0,,,,,never validated (dropped before inference),,,,,queue_drop_evicted,,
3151,02:06.040,1791382764.0759432,1791382764.0759432,364.39,no,,200,200,1,PitchDetectError: response held no keypoints,False,0,,no keypoints to validate,,calibration_expired,,544.0,no_keypoints,response held no keypoints,0
3156,02:06.240,1791382764.2563827,1791382764.2563827,386.34,yes,queue_full_evicted_by_newer_frame,,,0,,,,,never validated (dropped before inference),,,,,queue_drop_evicted,,
3161,02:06.440,1791382764.4486923,1791382764.4486923,411.63,yes,queue_full_evicted_by_newer_frame,,,0,,,,,never validated (dropped before inference),,,,,queue_drop_evicted,,
3166,02:06.640,1791382764.6421824,1791382764.6421824,342.1,no,,200,200,1,PitchDetectError: response held no keypoints,False,0,,no keypoints to validate,,calibration_expired,,477.17,no_keypoints,response held no keypoints,0
3171,02:06.840,1791382764.860499,1791382764.860499,354.89,yes,queue_full_evicted_by_newer_frame,,,0,,,,,never validated (dropped before inference),,,,,queue_drop_evicted,,
3176,02:07.040,1791382765.0359104,1791382765.0359104,362.33,yes,queue_full_evicted_by_newer_frame,,,0,,,,,never validated (dropped before inference),,,,,queue_drop_evicted,,
3181,02:07.240,1791382765.2160077,1791382765.2160077,246.48,no,,200,200,1,PitchDetectError: response held no keypoints,False,0,,no keypoints to validate,,calibration_expired,,445.21,no_keypoints,response held no keypoints,0
3186,02:07.440,1791382765.397686,1791382765.397686,350.91,yes,queue_full_evicted_by_newer_frame,,,0,,,,,never validated (dropped before inference),,,,,queue_drop_evicted,,
3191,02:07.640,1791382765.5735838,1791382765.5735838,334.29,no,,200,200,1,PitchDetectError: response held no keypoints,False,0,,no keypoints to validate,,calibration_expired,,442.09,no_keypoints,response held no keypoints,0
3196,02:07.840,1791382765.7494154,1791382765.7494154,369.3,yes,queue_full_evicted_by_newer_frame,,,0,,,,,never validated (dropped before inference),,,,,queue_drop_evicted,,
3201,02:08.040,1791382765.9322362,1791382765.9322362,370.31,yes,queue_full_evicted_by_newer_frame,,,0,,,,,never validated (dropped before inference),,,,,queue_drop_evicted,,
3206,02:08.240,1791382766.118301,1791382766.118301,232.05,no,,200,200,1,PitchDetectError: response held no keypoints,False,0,,no keypoints to validate,,calibration_expired,,442.61,no_keypoints,response held no keypoints,0
3211,02:08.440,1791382766.3035724,1791382766.3035724,358.63,yes,queue_full_evicted_by_newer_frame,,,0,,,,,never validated (dropped before inference),,,,,queue_drop_evicted,,
3216,02:08.640,1791382766.4768188,1791382766.4768188,316.61,no,,200,200,1,PitchDetectError: response held no keypoints,False,0,,no keypoints to validate,,calibration_expired,,425.26,no_keypoints,response held no keypoints,0
3221,02:08.840,1791382766.6620092,1791382766.6620092,345.43,yes,queue_full_evicted_by_newer_frame,,,0,,,,,never validated (dropped before inference),,,,,queue_drop_evicted,,
3226,02:09.040,1791382766.826706,1791382766.826706,357.1,yes,queue_full_evicted_by_newer_frame,,,0,,,,,never validated (dropped before inference),,,,,queue_drop_evicted,,
3231,02:09.240,1791382767.0073688,1791382767.0073688,211.74,no,,200,200,1,PitchDetectError: response held no keypoints,False,0,,no keypoints to validate,,calibration_expired,,470.89,no_keypoints,response held no keypoints,0
3236,02:09.440,1791382767.1844182,1791382767.1844182,384.97,yes,queue_full_evicted_by_newer_frame,,,0,,,,,never validated (dropped before inference),,,,,queue_drop_evicted,,
3241,02:09.640,1791382767.374169,1791382767.374169,315.24,no,,200,200,1,PitchDetectError: response held no keypoints,False,0,,no keypoints to validate,,calibration_expired,,471.88,no_keypoints,response held no keypoints,0
3246,02:09.840,1791382767.568854,1791382767.568854,375.92,yes,queue_full_evicted_by_newer_frame,,,0,,,,,never validated (dropped before inference),,,,,queue_drop_evicted,,
3251,02:10.040,1791382767.7606218,1791382767.7606218,358.35,yes,queue_full_evicted_by_newer_frame,,,0,,,,,never validated (dropped before inference),,,,,queue_drop_evicted,,
3256,02:10.240,1791382767.9445953,1791382767.9445953,217.41,no,,200,200,1,PitchDetectError: response held no keypoints,False,0,,no keypoints to validate,,calibration_expired,,521.26,no_keypoints,response held no keypoints,0
3261,02:10.440,1791382768.1187007,1791382768.1187007,326.3,yes,queue_full_evicted_by_newer_frame,,,0,,,,,never validated (dropped before inference),,,,,queue_drop_evicted,,
3266,02:10.640,1791382768.277708,1791382768.277708,397.92,yes,queue_full_evicted_by_newer_frame,,,0,,,,,never validated (dropped before inference),,,,,queue_drop_evicted,,
3271,02:10.840,1791382768.4458027,1791382768.4458027,238.11,no,,200,200,1,PitchDetectError: response held no keypoints,False,0,,no keypoints to validate,,calibration_expired,,435.54,no_keypoints,response held no keypoints,0
3276,02:11.040,1791382768.6728191,1791382768.6728191,362.25,yes,queue_full_evicted_by_newer_frame,,,0,,,,,never validated (dropped before inference),,,,,queue_drop_evicted,,
3281,02:11.240,1791382768.8591557,1791382768.8591557,260.44,no,,200,200,1,PitchDetectError: response held no keypoints,False,0,,no keypoints to validate,,calibration_expired,,442.56,no_keypoints,response held no keypoints,0
3286,02:11.440,1791382769.0381017,1791382769.0381017,366.41,yes,queue_full_evicted_by_newer_frame,,,0,,,,,never validated (dropped before inference),,,,,queue_drop_evicted,,
3291,02:11.640,1791382769.230539,1791382769.230539,331.99,no,,200,200,1,PitchDetectError: response held no keypoints,False,0,,no keypoints to validate,,calibration_expired,,429.64,no_keypoints,response held no keypoints,0
3296,02:11.840,1791382769.4039423,1791382769.4039423,368.64,yes,queue_full_evicted_by_newer_frame,,,0,,,,,never validated (dropped before inference),,,,,queue_drop_evicted,,
3301,02:12.040,1791382769.5843725,1791382769.5843725,361.22,yes,queue_full_evicted_by_newer_frame,,,0,,,,,never validated (dropped before inference),,,,,queue_drop_evicted,,
3306,02:12.240,1791382769.7726696,1791382769.7726696,219.89,no,,200,200,1,PitchDetectError: response held no keypoints,False,0,,no keypoints to validate,,calibration_expired,,419.84,no_keypoints,response held no keypoints,0
3311,02:12.440,1791382769.9460132,1791382769.9460132,353.46,yes,queue_full_evicted_by_newer_frame,,,0,,,,,never validated (dropped before inference),,,,,queue_drop_evicted,,
3316,02:12.640,1791382770.1216228,1791382770.1216228,291.14,no,,200,200,1,PitchDetectError: response held no keypoints,False,0,,no keypoints to validate,,calibration_expired,,423.2,no_keypoints,response held no keypoints,0
3321,02:12.840,1791382770.2994003,1791382770.2994003,375.46,yes,queue_full_evicted_by_newer_frame,,,0,,,,,never validated (dropped before inference),,,,,queue_drop_evicted,,
3326,02:13.040,1791382770.4905357,1791382770.4905357,346.04,no,,200,200,1,PitchDetectError: response held no keypoints,False,0,,no keypoints to validate,,calibration_expired,,441.15,no_keypoints,response held no keypoints,0
3331,02:13.240,1791382770.6736155,1791382770.6736155,374.75,yes,queue_full_evicted_by_newer_frame,,,0,,,,,never validated (dropped before inference),,,,,queue_drop_evicted,,
3336,02:13.440,1791382770.861633,1791382770.861633,364.67,yes,queue_full_evicted_by_newer_frame,,,0,,,,,never validated (dropped before inference),,,,,queue_drop_evicted,,
3341,02:13.640,1791382771.0491908,1791382771.0491908,228.61,no,,200,200,1,PitchDetectError: response held no keypoints,False,0,,no keypoints to validate,,calibration_expired,,453.21,no_keypoints,response held no keypoints,0
3346,02:13.840,1791382771.2285573,1791382771.2285573,387.93,yes,queue_full_evicted_by_newer_frame,,,0,,,,,never validated (dropped before inference),,,,,queue_drop_evicted,,
3351,02:14.040,1791382771.418672,1791382771.418672,313.17,no,,200,200,1,PitchDetectError: response held no keypoints,False,0,,no keypoints to validate,,calibration_expired,,433.84,no_keypoints,response held no keypoints,0
3356,02:14.240,1791382771.6164916,1791382771.6164916,373.29,yes,queue_full_evicted_by_newer_frame,,,0,,,,,never validated (dropped before inference),,,,,queue_drop_evicted,,
3361,02:14.440,1791382771.7989385,1791382771.7989385,364.48,no,,200,200,1,PitchDetectError: response held no keypoints,False,0,,no keypoints to validate,,calibration_expired,,430.04,no_keypoints,response held no keypoints,0
3366,02:14.640,1791382771.989297,1791382771.989297,379.89,yes,queue_full_evicted_by_newer_frame,,,0,,,,,never validated (dropped before inference),,,,,queue_drop_evicted,,
3371,02:14.840,1791382772.1753285,1791382772.1753285,372.49,yes,queue_full_evicted_by_newer_frame,,,0,,,,,never validated (dropped before inference),,,,,queue_drop_evicted,,
3376,02:15.040,1791382772.3693354,1791382772.3693354,226.71,no,,200,200,1,PitchDetectError: response held no keypoints,False,0,,no keypoints to validate,,calibration_expired,,430.06,no_keypoints,response held no keypoints,0
3381,02:15.240,1791382772.5485654,1791382772.5485654,370.5,yes,queue_full_evicted_by_newer_frame,,,0,,,,,never validated (dropped before inference),,,,,queue_drop_evicted,,
3386,02:15.440,1791382772.733377,1791382772.733377,293.16,no,,200,200,1,PitchDetectError: response held no keypoints,False,0,,no keypoints to validate,,calibration_expired,,438.14,no_keypoints,response held no keypoints,0
3391,02:15.640,1791382772.917956,1791382772.917956,373.46,yes,queue_full_evicted_by_newer_frame,,,0,,,,,never validated (dropped before inference),,,,,queue_drop_evicted,,
3396,02:15.840,1791382773.1120074,1791382773.1120074,352.62,no,,200,200,1,PitchDetectError: response held no keypoints,False,0,,no keypoints to validate,,calibration_expired,,437.22,no_keypoints,response held no keypoints,0
3401,02:16.040,1791382773.2918687,1791382773.2918687,364.71,yes,queue_full_evicted_by_newer_frame,,,0,,,,,never validated (dropped before inference),,,,,queue_drop_evicted,,
3406,02:16.240,1791382773.4848058,1791382773.4848058,346.39,yes,queue_full_evicted_by_newer_frame,,,0,,,,,never validated (dropped before inference),,,,,queue_drop_evicted,,
3411,02:16.440,1791382773.6567285,1791382773.6567285,245.6,no,,200,200,1,PitchDetectError: response held no keypoints,False,0,,no keypoints to validate,,calibration_expired,,404.2,no_keypoints,response held no keypoints,0
3416,02:16.640,1791382773.8317478,1791382773.8317478,329.87,yes,queue_full_evicted_by_newer_frame,,,0,,,,,never validated (dropped before inference),,,,,queue_drop_evicted,,
3421,02:16.840,1791382773.9890995,1791382773.9890995,317.58,no,,200,200,1,PitchDetectError: response held no keypoints,False,0,,no keypoints to validate,,calibration_expired,,402.73,no_keypoints,response held no keypoints,0
3426,02:17.040,1791382774.1617253,1791382774.1617253,353.27,yes,queue_full_evicted_by_newer_frame,,,0,,,,,never validated (dropped before inference),,,,,queue_drop_evicted,,
3431,02:17.240,1791382774.3361418,1791382774.3361418,350.19,yes,queue_full_evicted_by_newer_frame,,,0,,,,,never validated (dropped before inference),,,,,queue_drop_evicted,,
3436,02:17.440,1791382774.5144618,1791382774.5144618,195.07,no,,200,200,1,PitchDetectError: response held no keypoints,False,0,,no keypoints to validate,,calibration_expired,,419.09,no_keypoints,response held no keypoints,0
3441,02:17.640,1791382774.6873715,1791382774.6873715,367.26,yes,queue_full_evicted_by_newer_frame,,,0,,,,,never validated (dropped before inference),,,,,queue_drop_evicted,,
3446,02:17.840,1791382774.8673756,1791382774.8673756,261.09,no,,200,200,1,PitchDetectError: response held no keypoints,False,0,,no keypoints to validate,,calibration_expired,,433.46,no_keypoints,response held no keypoints,0
3451,02:18.040,1791382775.053906,1791382775.053906,342.71,yes,queue_full_evicted_by_newer_frame,,,0,,,,,never validated (dropped before inference),,,,,queue_drop_evicted,,
3456,02:18.240,1791382775.228514,1791382775.228514,333.91,no,,200,200,1,PitchDetectError: response held no keypoints,False,0,,no keypoints to validate,,calibration_expired,,605.7,no_keypoints,response held no keypoints,0
3461,02:18.440,1791382775.396942,1791382775.396942,353.58,yes,queue_full_evicted_by_newer_frame,,,0,,,,,never validated (dropped before inference),,,,,queue_drop_evicted,,
3466,02:18.640,1791382775.57494,1791382775.57494,353.22,yes,queue_full_evicted_by_newer_frame,,,0,,,,,never validated (dropped before inference),,,,,queue_drop_evicted,,
3471,02:18.840,1791382775.749936,1791382775.749936,350.68,yes,queue_full_evicted_by_newer_frame,,,0,,,,,never validated (dropped before inference),,,,,queue_drop_evicted,,
3476,02:19.040,1791382775.9292889,1791382775.9292889,239.6,no,,200,200,1,PitchDetectError: response held no keypoints,False,0,,no keypoints to validate,,calibration_expired,,413.12,no_keypoints,response held no keypoints,0
3481,02:19.240,1791382776.1010065,1791382776.1010065,343.22,yes,queue_full_evicted_by_newer_frame,,,0,,,,,never validated (dropped before inference),,,,,queue_drop_evicted,,
3486,02:19.440,1791382776.2773998,1791382776.2773998,303.89,no,,200,200,1,PitchDetectError: response held no keypoints,False,0,,no keypoints to validate,,calibration_expired,,393.94,no_keypoints,response held no keypoints,0
3491,02:19.640,1791382776.4438474,1791382776.4438474,349.02,yes,queue_full_evicted_by_newer_frame,,,0,,,,,never validated (dropped before inference),,,,,queue_drop_evicted,,
3496,02:19.840,1791382776.6206098,1791382776.6206098,354.94,no,,200,200,1,PitchDetectError: response held no keypoints,False,0,,no keypoints to validate,,calibration_expired,,496.84,no_keypoints,response held no keypoints,0
3501,02:20.040,1791382776.7937272,1791382776.7937272,369.8,yes,queue_full_evicted_by_newer_frame,,,0,,,,,never validated (dropped before inference),,,,,queue_drop_evicted,,
3506,02:20.240,1791382776.9786978,1791382776.9786978,374.41,yes,queue_full_evicted_by_newer_frame,,,0,,,,,never validated (dropped before inference),,,,,queue_drop_evicted,,
3511,02:20.440,1791382777.163193,1791382777.163193,310.12,no,,200,200,1,PitchDetectError: response held no keypoints,False,0,,no keypoints to validate,,calibration_expired,,445.58,no_keypoints,response held no keypoints,0
3516,02:20.640,1791382777.3533785,1791382777.3533785,356.49,yes,queue_full_evicted_by_newer_frame,,,0,,,,,never validated (dropped before inference),,,,,queue_drop_evicted,,
3521,02:20.840,1791382777.5377765,1791382777.5377765,356.32,yes,queue_full_evicted_by_newer_frame,,,0,,,,,never validated (dropped before inference),,,,,queue_drop_evicted,,
3526,02:21.040,1791382777.7071486,1791382777.7071486,209.0,no,,200,200,1,PitchDetectError: response held no keypoints,False,0,,no keypoints to validate,,calibration_expired,,452.72,no_keypoints,response held no keypoints,0
3531,02:21.240,1791382777.8939931,1791382777.8939931,351.8,yes,queue_full_evicted_by_newer_frame,,,0,,,,,never validated (dropped before inference),,,,,queue_drop_evicted,,
3536,02:21.440,1791382778.0733306,1791382778.0733306,298.41,no,,200,200,1,PitchDetectError: response held no keypoints,False,0,,no keypoints to validate,,calibration_expired,,429.84,no_keypoints,response held no keypoints,0
3541,02:21.640,1791382778.245338,1791382778.245338,356.1,yes,queue_full_evicted_by_newer_frame,,,0,,,,,never validated (dropped before inference),,,,,queue_drop_evicted,,
3546,02:21.840,1791382778.4304879,1791382778.4304879,348.68,yes,queue_full_evicted_by_newer_frame,,,0,,,,,never validated (dropped before inference),,,,,queue_drop_evicted,,
3551,02:22.040,1791382778.602101,1791382778.602101,200.17,no,,200,200,1,PitchDetectError: response held no keypoints,False,0,,no keypoints to validate,,calibration_expired,,441.86,no_keypoints,response held no keypoints,0
3556,02:22.240,1791382778.778997,1791382778.778997,343.52,yes,queue_full_evicted_by_newer_frame,,,0,,,,,never validated (dropped before inference),,,,,queue_drop_evicted,,
3561,02:22.440,1791382778.9488976,1791382778.9488976,295.42,no,,200,200,1,PitchDetectError: response held no keypoints,False,0,,no keypoints to validate,,calibration_expired,,433.5,no_keypoints,response held no keypoints,0
3566,02:22.640,1791382779.123117,1791382779.123117,348.68,yes,queue_full_evicted_by_newer_frame,,,0,,,,,never validated (dropped before inference),,,,,queue_drop_evicted,,
3571,02:22.840,1791382779.2903078,1791382779.2903078,351.73,yes,queue_full_evicted_by_newer_frame,,,0,,,,,never validated (dropped before inference),,,,,queue_drop_evicted,,
3576,02:23.040,1791382779.4718819,1791382779.4718819,206.24,no,,200,200,1,PitchDetectError: response held no keypoints,False,0,,no keypoints to validate,,calibration_expired,,455.24,no_keypoints,response held no keypoints,0
3581,02:23.240,1791382779.6430597,1791382779.6430597,347.25,yes,queue_full_evicted_by_newer_frame,,,0,,,,,never validated (dropped before inference),,,,,queue_drop_evicted,,
3586,02:23.440,1791382779.8185143,1791382779.8185143,314.27,no,,200,200,1,PitchDetectError: response held no keypoints,False,0,,no keypoints to validate,,calibration_expired,,430.84,no_keypoints,response held no keypoints,0
3591,02:23.640,1791382779.990134,1791382779.990134,368.43,yes,queue_full_evicted_by_newer_frame,,,0,,,,,never validated (dropped before inference),,,,,queue_drop_evicted,,
3596,02:23.840,1791382780.1875143,1791382780.1875143,344.16,yes,queue_full_evicted_by_newer_frame,,,0,,,,,never validated (dropped before inference),,,,,queue_drop_evicted,,
3601,02:24.040,1791382780.3582637,1791382780.3582637,205.53,no,,200,200,1,PitchDetectError: response held no keypoints,False,0,,no keypoints to validate,,calibration_expired,,444.41,no_keypoints,response held no keypoints,0
3606,02:24.240,1791382780.531714,1791382780.531714,361.96,yes,queue_full_evicted_by_newer_frame,,,0,,,,,never validated (dropped before inference),,,,,queue_drop_evicted,,
3611,02:24.440,1791382780.7128086,1791382780.7128086,296.37,no,,200,200,1,PitchDetectError: response held no keypoints,False,0,,no keypoints to validate,,calibration_expired,,464.83,no_keypoints,response held no keypoints,0
3616,02:24.640,1791382780.8938365,1791382780.8938365,359.89,yes,queue_full_evicted_by_newer_frame,,,0,,,,,never validated (dropped before inference),,,,,queue_drop_evicted,,
3621,02:24.840,1791382781.068479,1791382781.068479,376.68,yes,queue_full_evicted_by_newer_frame,,,0,,,,,never validated (dropped before inference),,,,,queue_drop_evicted,,
3626,02:25.040,1791382781.254022,1791382781.254022,220.44,no,,200,200,1,PitchDetectError: response held no keypoints,False,0,,no keypoints to validate,,calibration_expired,,471.05,no_keypoints,response held no keypoints,0
3631,02:25.240,1791382781.4432514,1791382781.4432514,377.55,yes,queue_full_evicted_by_newer_frame,,,0,,,,,never validated (dropped before inference),,,,,queue_drop_evicted,,
3636,02:25.440,1791382781.6268728,1791382781.6268728,318.2,no,,200,200,1,PitchDetectError: response held no keypoints,False,0,,no keypoints to validate,,calibration_expired,,460.67,no_keypoints,response held no keypoints,0
3641,02:25.640,1791382781.823207,1791382781.823207,411.94,yes,queue_full_evicted_by_newer_frame,,,0,,,,,never validated (dropped before inference),,,,,queue_drop_evicted,,
3646,02:25.840,1791382782.0329926,1791382782.0329926,373.49,no,,200,200,1,PitchDetectError: response held no keypoints,False,0,,no keypoints to validate,,calibration_expired,,459.48,no_keypoints,response held no keypoints,0
3651,02:26.040,1791382782.234743,1791382782.234743,378.74,yes,queue_full_evicted_by_newer_frame,,,0,,,,,never validated (dropped before inference),,,,,queue_drop_evicted,,
3656,02:26.240,1791382782.421931,1791382782.421931,383.49,yes,queue_full_evicted_by_newer_frame,,,0,,,,,never validated (dropped before inference),,,,,queue_drop_evicted,,
3661,02:26.440,1791382782.613941,1791382782.613941,252.82,no,,200,200,1,PitchDetectError: response held no keypoints,False,0,,no keypoints to validate,,calibration_expired,,455.06,no_keypoints,response held no keypoints,0
3666,02:26.640,1791382782.8068986,1791382782.8068986,373.53,yes,queue_full_evicted_by_newer_frame,,,0,,,,,never validated (dropped before inference),,,,,queue_drop_evicted,,
3671,02:26.840,1791382782.9937978,1791382782.9937978,327.59,no,,200,200,1,PitchDetectError: response held no keypoints,False,0,,no keypoints to validate,,calibration_expired,,445.7,no_keypoints,response held no keypoints,0
3676,02:27.040,1791382783.1802907,1791382783.1802907,386.4,yes,queue_full_evicted_by_newer_frame,,,0,,,,,never validated (dropped before inference),,,,,queue_drop_evicted,,
3681,02:27.240,1791382783.3731854,1791382783.3731854,383.41,yes,queue_full_evicted_by_newer_frame,,,0,,,,,never validated (dropped before inference),,,,,queue_drop_evicted,,
3686,02:27.440,1791382783.5672443,1791382783.5672443,200.36,no,,200,200,1,PitchDetectError: response held no keypoints,False,0,,no keypoints to validate,,calibration_expired,,438.54,no_keypoints,response held no keypoints,0
3691,02:27.640,1791382783.7548223,1791382783.7548223,401.98,yes,queue_full_evicted_by_newer_frame,,,0,,,,,never validated (dropped before inference),,,,,queue_drop_evicted,,
3696,02:27.840,1791382783.9528546,1791382783.9528546,253.65,no,,200,200,1,PitchDetectError: response held no keypoints,False,0,,no keypoints to validate,,calibration_expired,,439.81,no_keypoints,response held no keypoints,0
3701,02:28.040,1791382784.158386,1791382784.158386,382.63,yes,queue_full_evicted_by_newer_frame,,,0,,,,,never validated (dropped before inference),,,,,queue_drop_evicted,,
3706,02:28.240,1791382784.3555756,1791382784.3555756,290.44,no,,200,200,1,PitchDetectError: response held no keypoints,False,0,,no keypoints to validate,,calibration_expired,,445.93,no_keypoints,response held no keypoints,0
3711,02:28.440,1791382784.5401952,1791382784.5401952,368.85,yes,queue_full_evicted_by_newer_frame,,,0,,,,,never validated (dropped before inference),,,,,queue_drop_evicted,,
3716,02:28.640,1791382784.734575,1791382784.734575,358.38,no,,200,200,1,PitchDetectError: response held no keypoints,False,0,,no keypoints to validate,,calibration_expired,,441.58,no_keypoints,response held no keypoints,0
3721,02:28.840,1791382784.9084334,1791382784.9084334,373.14,yes,queue_full_evicted_by_newer_frame,,,0,,,,,never validated (dropped before inference),,,,,queue_drop_evicted,,
3726,02:29.040,1791382785.0974154,1791382785.0974154,375.81,yes,queue_full_evicted_by_newer_frame,,,0,,,,,never validated (dropped before inference),,,,,queue_drop_evicted,,
3731,02:29.240,1791382785.2815874,1791382785.2815874,251.78,no,,200,200,1,PitchDetectError: response held no keypoints,False,0,,no keypoints to validate,,calibration_expired,,436.88,no_keypoints,response held no keypoints,0
3736,02:29.440,1791382785.4736187,1791382785.4736187,378.74,yes,queue_full_evicted_by_newer_frame,,,0,,,,,never validated (dropped before inference),,,,,queue_drop_evicted,,
3741,02:29.640,1791382785.6601205,1791382785.6601205,310.5,no,,200,200,1,PitchDetectError: response held no keypoints,False,0,,no keypoints to validate,,calibration_expired,,431.49,no_keypoints,response held no keypoints,0
3746,02:29.840,1791382785.851942,1791382785.851942,358.93,yes,queue_full_evicted_by_newer_frame,,,0,,,,,never validated (dropped before inference),,,,,queue_drop_evicted,,
3751,02:30.040,1791382786.0322127,1791382786.0322127,364.54,yes,queue_full_evicted_by_newer_frame,,,0,,,,,never validated (dropped before inference),,,,,queue_drop_evicted,,
3756,02:30.240,1791382786.2104928,1791382786.2104928,192.73,no,,200,200,1,,True,4,0.7808,accepted,,calibration_expired,yes,441.07,detected,,1
3761,02:30.440,1791382786.396184,1791382786.396184,368.0,yes,queue_full_evicted_by_newer_frame,,,0,,,,,never validated (dropped before inference),,,,,queue_drop_evicted,,
3766,02:30.640,1791382786.5739927,1791382786.5739927,270.16,no,,200,200,1,,True,4,0.8199,accepted,,calibrated,yes,452.21,detected,,1
3771,02:30.840,1791382786.7646158,1791382786.7646158,361.32,yes,queue_full_evicted_by_newer_frame,,,0,,,,,never validated (dropped before inference),,,,,queue_drop_evicted,,
3776,02:31.040,1791382786.9488566,1791382786.9488566,349.14,no,,200,200,1,PitchDetectError: response held no keypoints,False,0,,no keypoints to validate,,calibrated,,450.35,no_keypoints,response held no keypoints,0
3781,02:31.240,1791382787.126024,1791382787.126024,375.74,yes,queue_full_evicted_by_newer_frame,,,0,,,,,never validated (dropped before inference),,,,,queue_drop_evicted,,
3786,02:31.440,1791382787.315664,1791382787.315664,361.84,yes,queue_full_evicted_by_newer_frame,,,0,,,,,never validated (dropped before inference),,,,,queue_drop_evicted,,
3791,02:31.640,1791382787.5016105,1791382787.5016105,247.75,no,,200,200,1,PitchDetectError: response held no keypoints,False,0,,no keypoints to validate,,temporary_loss,,439.73,no_keypoints,response held no keypoints,0
3796,02:31.840,1791382787.6785207,1791382787.6785207,353.09,yes,queue_full_evicted_by_newer_frame,,,0,,,,,never validated (dropped before inference),,,,,queue_drop_evicted,,
3801,02:32.040,1791382787.8591373,1791382787.8591373,328.25,no,,200,200,1,,True,4,0.8612,accepted,,calibration_expired,yes,446.02,detected,,1
3806,02:32.240,1791382788.031633,1791382788.031633,367.86,yes,queue_full_evicted_by_newer_frame,,,0,,,,,never validated (dropped before inference),,,,,queue_drop_evicted,,
3811,02:32.440,1791382788.2115486,1791382788.2115486,365.19,yes,queue_full_evicted_by_newer_frame,,,0,,,,,never validated (dropped before inference),,,,,queue_drop_evicted,,
3816,02:32.640,1791382788.3994663,1791382788.3994663,236.86,no,,200,200,1,PitchDetectError: response held no keypoints,False,0,,no keypoints to validate,,calibrated,,456.31,no_keypoints,response held no keypoints,0
3821,02:32.840,1791382788.5769415,1791382788.5769415,364.0,yes,queue_full_evicted_by_newer_frame,,,0,,,,,never validated (dropped before inference),,,,,queue_drop_evicted,,
3826,02:33.040,1791382788.765619,1791382788.765619,326.94,no,,200,200,1,PitchDetectError: response held no keypoints,False,0,,no keypoints to validate,,temporary_loss,,472.86,no_keypoints,response held no keypoints,0
3831,02:33.240,1791382788.9403455,1791382788.9403455,369.69,yes,queue_full_evicted_by_newer_frame,,,0,,,,,never validated (dropped before inference),,,,,queue_drop_evicted,,
3836,02:33.440,1791382789.1322298,1791382789.1322298,361.44,yes,queue_full_evicted_by_newer_frame,,,0,,,,,never validated (dropped before inference),,,,,queue_drop_evicted,,
3841,02:33.640,1791382789.3101845,1791382789.3101845,255.19,no,,200,200,1,PitchDetectError: response held no keypoints,False,0,,no keypoints to validate,,calibration_expired,,473.03,no_keypoints,response held no keypoints,0
3846,02:33.840,1791382789.4938667,1791382789.4938667,364.54,yes,queue_full_evicted_by_newer_frame,,,0,,,,,never validated (dropped before inference),,,,,queue_drop_evicted,,
3851,02:34.040,1791382789.675216,1791382789.675216,359.55,yes,queue_full_evicted_by_newer_frame,,,0,,,,,never validated (dropped before inference),,,,,queue_drop_evicted,,
3856,02:34.240,1791382789.858237,1791382789.858237,180.97,no,,200,200,1,PitchDetectError: response held no keypoints,False,0,,no keypoints to validate,,calibration_expired,,466.17,no_keypoints,response held no keypoints,0
3861,02:34.440,1791382790.0349114,1791382790.0349114,368.27,yes,queue_full_evicted_by_newer_frame,,,0,,,,,never validated (dropped before inference),,,,,queue_drop_evicted,,
3866,02:34.640,1791382790.218854,1791382790.218854,286.2,no,,200,200,1,PitchDetectError: response held no keypoints,False,0,,no keypoints to validate,,calibration_expired,,464.86,no_keypoints,response held no keypoints,0
3871,02:34.840,1791382790.403274,1791382790.403274,369.7,yes,queue_full_evicted_by_newer_frame,,,0,,,,,never validated (dropped before inference),,,,,queue_drop_evicted,,
3876,02:35.040,1791382790.5906198,1791382790.5906198,364.64,yes,queue_full_evicted_by_newer_frame,,,0,,,,,never validated (dropped before inference),,,,,queue_drop_evicted,,
3881,02:35.240,1791382790.7729762,1791382790.7729762,197.08,no,,200,200,1,PitchDetectError: response held no keypoints,False,0,,no keypoints to validate,,calibration_expired,,462.01,no_keypoints,response held no keypoints,0
3886,02:35.440,1791382790.9553452,1791382790.9553452,365.49,yes,queue_full_evicted_by_newer_frame,,,0,,,,,never validated (dropped before inference),,,,,queue_drop_evicted,,
3891,02:35.640,1791382791.135606,1791382791.135606,296.24,no,,200,200,1,PitchDetectError: response held no keypoints,False,0,,no keypoints to validate,,calibration_expired,,486.93,no_keypoints,response held no keypoints,0
3896,02:35.840,1791382791.3209014,1791382791.3209014,384.7,yes,queue_full_evicted_by_newer_frame,,,0,,,,,never validated (dropped before inference),,,,,queue_drop_evicted,,
3901,02:36.040,1791382791.5228498,1791382791.5228498,371.53,yes,queue_full_evicted_by_newer_frame,,,0,,,,,never validated (dropped before inference),,,,,queue_drop_evicted,,
3906,02:36.240,1791382791.705363,1791382791.705363,214.49,no,,200,200,1,PitchDetectError: response held no keypoints,False,0,,no keypoints to validate,,calibration_expired,,465.13,no_keypoints,response held no keypoints,0
3911,02:36.440,1791382791.8948817,1791382791.8948817,366.41,yes,queue_full_evicted_by_newer_frame,,,0,,,,,never validated (dropped before inference),,,,,queue_drop_evicted,,
3916,02:36.640,1791382792.0766253,1791382792.0766253,308.6,no,,200,200,1,PitchDetectError: response held no keypoints,False,0,,no keypoints to validate,,calibration_expired,,466.16,no_keypoints,response held no keypoints,0
3921,02:36.840,1791382792.2601988,1791382792.2601988,371.17,yes,queue_full_evicted_by_newer_frame,,,0,,,,,never validated (dropped before inference),,,,,queue_drop_evicted,,
3926,02:37.040,1791382792.4477434,1791382792.4477434,376.91,yes,queue_full_evicted_by_newer_frame,,,0,,,,,never validated (dropped before inference),,,,,queue_drop_evicted,,
3931,02:37.240,1791382792.6321635,1791382792.6321635,219.26,no,,200,200,1,PitchDetectError: response held no keypoints,False,0,,no keypoints to validate,,calibration_expired,,500.64,no_keypoints,response held no keypoints,0
3936,02:37.440,1791382792.8235781,1791382792.8235781,386.65,yes,queue_full_evicted_by_newer_frame,,,0,,,,,never validated (dropped before inference),,,,,queue_drop_evicted,,
3941,02:37.640,1791382793.0243373,1791382793.0243373,327.47,no,,200,200,1,PitchDetectError: response held no keypoints,False,0,,no keypoints to validate,,calibration_expired,,483.98,no_keypoints,response held no keypoints,0
3946,02:37.840,1791382793.2115498,1791382793.2115498,400.74,yes,queue_full_evicted_by_newer_frame,,,0,,,,,never validated (dropped before inference),,,,,queue_drop_evicted,,
3951,02:38.040,1791382793.4135435,1791382793.4135435,387.29,yes,queue_full_evicted_by_newer_frame,,,0,,,,,never validated (dropped before inference),,,,,queue_drop_evicted,,
3956,02:38.240,1791382793.6117198,1791382793.6117198,224.89,no,,200,200,1,PitchDetectError: response held no keypoints,False,0,,no keypoints to validate,,calibration_expired,,484.28,no_keypoints,response held no keypoints,0
3961,02:38.440,1791382793.8008525,1791382793.8008525,377.37,yes,queue_full_evicted_by_newer_frame,,,0,,,,,never validated (dropped before inference),,,,,queue_drop_evicted,,
3966,02:38.640,1791382793.9940612,1791382793.9940612,327.38,no,,200,200,1,PitchDetectError: response held no keypoints,False,0,,no keypoints to validate,,calibration_expired,,482.76,no_keypoints,response held no keypoints,0
3971,02:38.840,1791382794.178619,1791382794.178619,382.36,yes,queue_full_evicted_by_newer_frame,,,0,,,,,never validated (dropped before inference),,,,,queue_drop_evicted,,
3976,02:39.040,1791382794.3724747,1791382794.3724747,376.58,yes,queue_full_evicted_by_newer_frame,,,0,,,,,never validated (dropped before inference),,,,,queue_drop_evicted,,
3981,02:39.240,1791382794.560566,1791382794.560566,243.91,no,,200,200,1,PitchDetectError: response held no keypoints,False,0,,no keypoints to validate,,calibration_expired,,462.01,no_keypoints,response held no keypoints,0
3986,02:39.440,1791382794.7458372,1791382794.7458372,377.87,yes,queue_full_evicted_by_newer_frame,,,0,,,,,never validated (dropped before inference),,,,,queue_drop_evicted,,
3991,02:39.640,1791382794.9473479,1791382794.9473479,318.96,no,,200,200,1,,True,4,0.8563,accepted,,calibration_expired,yes,439.37,detected,,1
3996,02:39.840,1791382795.12696,1791382795.12696,370.1,yes,queue_full_evicted_by_newer_frame,,,0,,,,,never validated (dropped before inference),,,,,queue_drop_evicted,,
4001,02:40.040,1791382795.3103619,1791382795.3103619,383.37,yes,queue_full_evicted_by_newer_frame,,,0,,,,,never validated (dropped before inference),,,,,queue_drop_evicted,,
4006,02:40.240,1791382795.495628,1791382795.495628,210.14,no,,200,200,1,,True,4,0.8002,accepted,,calibrated,yes,448.49,detected,,1
4011,02:40.440,1791382795.6940863,1791382795.6940863,382.31,yes,queue_full_evicted_by_newer_frame,,,0,,,,,never validated (dropped before inference),,,,,queue_drop_evicted,,
4016,02:40.640,1791382795.8816357,1791382795.8816357,274.22,no,,200,200,1,,True,4,0.8548,accepted,,calibrated,yes,465.89,detected,,1
4021,02:40.840,1791382796.0760295,1791382796.0760295,380.52,yes,queue_full_evicted_by_newer_frame,,,0,,,,,never validated (dropped before inference),,,,,queue_drop_evicted,,
4026,02:41.040,1791382796.266488,1791382796.266488,356.75,no,,200,200,1,,True,4,0.7951,refused: only_2_usable_keypoints,only_2_usable_keypoints,calibrated,no,437.96,refused,,1
4031,02:41.240,1791382796.4564044,1791382796.4564044,392.73,yes,queue_full_evicted_by_newer_frame,,,0,,,,,never validated (dropped before inference),,,,,queue_drop_evicted,,
4036,02:41.440,1791382796.6633284,1791382796.6633284,361.71,yes,queue_full_evicted_by_newer_frame,,,0,,,,,never validated (dropped before inference),,,,,queue_drop_evicted,,
4041,02:41.640,1791382796.84883,1791382796.84883,212.72,no,,200,200,1,,True,4,0.7666,refused: only_2_usable_keypoints,only_2_usable_keypoints,temporary_loss,no,440.41,refused,,1
4046,02:41.840,1791382797.0258384,1791382797.0258384,356.64,yes,queue_full_evicted_by_newer_frame,,,0,,,,,never validated (dropped before inference),,,,,queue_drop_evicted,,
4051,02:42.040,1791382797.198091,1791382797.198091,302.65,no,,200,200,1,,True,4,0.8314,refused: keypoint_hull_too_small,keypoint_hull_too_small,calibration_expired,no,445.05,refused,,1
4056,02:42.240,1791382797.382282,1791382797.382282,379.71,yes,queue_full_evicted_by_newer_frame,,,0,,,,,never validated (dropped before inference),,,,,queue_drop_evicted,,
4061,02:42.440,1791382797.5722873,1791382797.5722873,373.04,no,,200,200,1,PitchDetectError: response held no keypoints,False,0,,no keypoints to validate,,calibration_expired,,500.99,no_keypoints,response held no keypoints,0
4066,02:42.640,1791382797.7618282,1791382797.7618282,687.2,no,,200,200,1,PitchDetectError: response held no keypoints,False,0,,no keypoints to validate,,calibration_expired,,465.82,no_keypoints,response held no keypoints,0
4071,02:42.840,1791382799.3866265,1791382799.3866265,0.29,no,,200,200,1,PitchDetectError: response held no keypoints,False,0,,no keypoints to validate,,calibration_expired,,508.11,no_keypoints,response held no keypoints,0
4076,02:43.040,1791382799.585764,1791382799.585764,307.1,no,,200,200,1,PitchDetectError: response held no keypoints,False,0,,no keypoints to validate,,calibration_expired,,641.65,no_keypoints,response held no keypoints,0
4081,02:43.240,1791382799.7938445,1791382799.7938445,410.31,yes,queue_full_evicted_by_newer_frame,,,0,,,,,never validated (dropped before inference),,,,,queue_drop_evicted,,
4086,02:43.440,1791382800.002083,1791382800.002083,405.8,yes,queue_full_evicted_by_newer_frame,,,0,,,,,never validated (dropped before inference),,,,,queue_drop_evicted,,
4091,02:43.640,1791382800.20459,1791382800.20459,333.56,no,,200,200,1,PitchDetectError: response held no keypoints,False,0,,no keypoints to validate,,calibration_expired,,529.78,no_keypoints,response held no keypoints,0
4096,02:43.840,1791382800.4080448,1791382800.4080448,417.62,yes,queue_full_evicted_by_newer_frame,,,0,,,,,never validated (dropped before inference),,,,,queue_drop_evicted,,
4101,02:44.040,1791382800.6529164,1791382800.6529164,343.0,yes,queue_full_evicted_by_newer_frame,,,0,,,,,never validated (dropped before inference),,,,,queue_drop_evicted,,
4106,02:44.240,1791382800.8253462,1791382800.8253462,242.5,no,,200,200,1,PitchDetectError: response held no keypoints,False,0,,no keypoints to validate,,calibration_expired,,429.84,no_keypoints,response held no keypoints,0
4111,02:44.440,1791382800.995493,1791382800.995493,345.94,yes,queue_full_evicted_by_newer_frame,,,0,,,,,never validated (dropped before inference),,,,,queue_drop_evicted,,
4116,02:44.640,1791382801.1724598,1791382801.1724598,325.86,no,,200,200,1,PitchDetectError: response held no keypoints,False,0,,no keypoints to validate,,calibration_expired,,432.84,no_keypoints,response held no keypoints,0
4121,02:44.840,1791382801.341658,1791382801.341658,338.83,yes,queue_full_evicted_by_newer_frame,,,0,,,,,never validated (dropped before inference),,,,,queue_drop_evicted,,
4126,02:45.040,1791382801.5044906,1791382801.5044906,361.74,yes,queue_full_evicted_by_newer_frame,,,0,,,,,never validated (dropped before inference),,,,,queue_drop_evicted,,
4131,02:45.240,1791382801.680349,1791382801.680349,250.69,no,,200,200,1,PitchDetectError: response held no keypoints,False,0,,no keypoints to validate,,calibration_expired,,427.58,no_keypoints,response held no keypoints,0
4136,02:45.440,1791382801.8656461,1791382801.8656461,367.68,yes,queue_full_evicted_by_newer_frame,,,0,,,,,never validated (dropped before inference),,,,,queue_drop_evicted,,
4141,02:45.640,1791382802.047619,1791382802.047619,311.18,no,,200,200,1,PitchDetectError: response held no keypoints,False,0,,no keypoints to validate,,calibration_expired,,545.54,no_keypoints,response held no keypoints,0
4146,02:45.840,1791382802.233341,1791382802.233341,359.14,yes,queue_full_evicted_by_newer_frame,,,0,,,,,never validated (dropped before inference),,,,,queue_drop_evicted,,
4151,02:46.040,1791382802.41513,1791382802.41513,355.09,yes,queue_full_evicted_by_newer_frame,,,0,,,,,never validated (dropped before inference),,,,,queue_drop_evicted,,
4156,02:46.240,1791382802.592584,1791382802.592584,312.48,no,,200,200,1,PitchDetectError: response held no keypoints,False,0,,no keypoints to validate,,calibration_expired,,448.87,no_keypoints,response held no keypoints,0
4161,02:46.440,1791382802.7706726,1791382802.7706726,374.71,yes,queue_full_evicted_by_newer_frame,,,0,,,,,never validated (dropped before inference),,,,,queue_drop_evicted,,
4166,02:46.640,1791382802.9536963,1791382802.9536963,381.08,yes,queue_full_evicted_by_newer_frame,,,0,,,,,never validated (dropped before inference),,,,,queue_drop_evicted,,
4171,02:46.840,1791382803.1448717,1791382803.1448717,209.21,no,,200,200,1,PitchDetectError: response held no keypoints,False,0,,no keypoints to validate,,calibration_expired,,723.1,no_keypoints,response held no keypoints,0
4176,02:47.040,1791382803.3363447,1791382803.3363447,365.4,yes,queue_full_evicted_by_newer_frame,,,0,,,,,never validated (dropped before inference),,,,,queue_drop_evicted,,
4181,02:47.240,1791382803.5135074,1791382803.5135074,377.95,yes,queue_full_evicted_by_newer_frame,,,0,,,,,never validated (dropped before inference),,,,,queue_drop_evicted,,
4186,02:47.440,1791382803.701666,1791382803.701666,375.79,no,,200,200,1,PitchDetectError: response held no keypoints,False,0,,no keypoints to validate,,calibration_expired,,496.15,no_keypoints,response held no keypoints,0
4191,02:47.640,1791382803.8915932,1791382803.8915932,383.26,yes,queue_full_evicted_by_newer_frame,,,0,,,,,never validated (dropped before inference),,,,,queue_drop_evicted,,
4196,02:47.840,1791382804.0791686,1791382804.0791686,371.31,yes,queue_full_evicted_by_newer_frame,,,0,,,,,never validated (dropped before inference),,,,,queue_drop_evicted,,
4201,02:48.040,1791382804.274385,1791382804.274385,299.8,no,,200,200,1,PitchDetectError: response held no keypoints,False,0,,no keypoints to validate,,calibration_expired,,498.93,no_keypoints,response held no keypoints,0
4206,02:48.240,1791382804.4515831,1791382804.4515831,374.39,yes,queue_full_evicted_by_newer_frame,,,0,,,,,never validated (dropped before inference),,,,,queue_drop_evicted,,
4211,02:48.440,1791382804.6347892,1791382804.6347892,369.09,yes,queue_full_evicted_by_newer_frame,,,0,,,,,never validated (dropped before inference),,,,,queue_drop_evicted,,
4216,02:48.640,1791382804.8260498,1791382804.8260498,247.81,no,,200,200,1,PitchDetectError: response held no keypoints,False,0,,no keypoints to validate,,calibration_expired,,470.3,no_keypoints,response held no keypoints,0
4221,02:48.840,1791382805.0039394,1791382805.0039394,364.93,yes,queue_full_evicted_by_newer_frame,,,0,,,,,never validated (dropped before inference),,,,,queue_drop_evicted,,
4226,02:49.040,1791382805.1919107,1791382805.1919107,352.62,no,,200,200,1,PitchDetectError: response held no keypoints,False,0,,no keypoints to validate,,calibration_expired,,441.06,no_keypoints,response held no keypoints,0
4231,02:49.240,1791382805.3695095,1791382805.3695095,372.91,yes,queue_full_evicted_by_newer_frame,,,0,,,,,never validated (dropped before inference),,,,,queue_drop_evicted,,
4236,02:49.440,1791382805.5548549,1791382805.5548549,364.91,yes,queue_full_evicted_by_newer_frame,,,0,,,,,never validated (dropped before inference),,,,,queue_drop_evicted,,
4241,02:49.640,1791382805.742096,1791382805.742096,243.7,no,,200,200,1,PitchDetectError: response held no keypoints,False,0,,no keypoints to validate,,calibration_expired,,428.01,no_keypoints,response held no keypoints,0
4246,02:49.840,1791382805.9182262,1791382805.9182262,387.05,yes,queue_full_evicted_by_newer_frame,,,0,,,,,never validated (dropped before inference),,,,,queue_drop_evicted,,
4251,02:50.040,1791382806.1163485,1791382806.1163485,297.74,no,,200,200,1,PitchDetectError: response held no keypoints,False,0,,no keypoints to validate,,calibration_expired,,444.16,no_keypoints,response held no keypoints,0
4256,02:50.240,1791382806.3069038,1791382806.3069038,391.57,yes,queue_full_evicted_by_newer_frame,,,0,,,,,never validated (dropped before inference),,,,,queue_drop_evicted,,
4261,02:50.440,1791382806.5036798,1791382806.5036798,354.84,no,,200,200,1,PitchDetectError: response held no keypoints,False,0,,no keypoints to validate,,calibration_expired,,437.28,no_keypoints,response held no keypoints,0
4266,02:50.640,1791382806.698193,1791382806.698193,366.4,yes,queue_full_evicted_by_newer_frame,,,0,,,,,never validated (dropped before inference),,,,,queue_drop_evicted,,
4271,02:50.840,1791382806.8837,1791382806.8837,360.84,yes,queue_full_evicted_by_newer_frame,,,0,,,,,never validated (dropped before inference),,,,,queue_drop_evicted,,
4276,02:51.040,1791382807.0648434,1791382807.0648434,231.66,no,,200,200,1,PitchDetectError: response held no keypoints,False,0,,no keypoints to validate,,calibration_expired,,433.17,no_keypoints,response held no keypoints,0
4281,02:51.240,1791382807.2447739,1791382807.2447739,376.49,yes,queue_full_evicted_by_newer_frame,,,0,,,,,never validated (dropped before inference),,,,,queue_drop_evicted,,
4286,02:51.440,1791382807.4460714,1791382807.4460714,282.09,no,,200,200,1,,True,4,0.8401,refused: keypoint_hull_too_small,keypoint_hull_too_small,calibration_expired,no,449.25,refused,,1
4291,02:51.640,1791382807.6200712,1791382807.6200712,352.0,yes,queue_full_evicted_by_newer_frame,,,0,,,,,never validated (dropped before inference),,,,,queue_drop_evicted,,
4296,02:51.840,1791382807.7932827,1791382807.7932827,357.52,yes,queue_full_evicted_by_newer_frame,,,0,,,,,never validated (dropped before inference),,,,,queue_drop_evicted,,
4301,02:52.040,1791382807.9728687,1791382807.9728687,206.59,no,,200,200,1,PitchDetectError: response held no keypoints,False,0,,no keypoints to validate,,calibration_expired,,580.93,no_keypoints,response held no keypoints,0
4306,02:52.240,1791382808.1517005,1791382808.1517005,609.31,no,,200,200,1,PitchDetectError: response held no keypoints,False,0,,no keypoints to validate,,calibration_expired,,602.0,no_keypoints,response held no keypoints,0
4311,02:52.440,1791382808.3265104,1791382808.3265104,1036.39,no,,200,200,1,PitchDetectError: response held no keypoints,False,0,,no keypoints to validate,,calibration_expired,,481.23,no_keypoints,response held no keypoints,0
4316,02:52.640,1791382810.4669282,1791382810.4669282,0.29,no,,200,200,1,PitchDetectError: response held no keypoints,False,0,,no keypoints to validate,,calibration_expired,,461.54,no_keypoints,response held no keypoints,0
4321,02:52.840,1791382810.646471,1791382810.646471,281.99,no,,200,200,1,PitchDetectError: response held no keypoints,False,0,,no keypoints to validate,,calibration_expired,,663.79,no_keypoints,response held no keypoints,0
4326,02:53.040,1791382810.8447337,1791382810.8447337,391.34,yes,queue_full_evicted_by_newer_frame,,,0,,,,,never validated (dropped before inference),,,,,queue_drop_evicted,,
4331,02:53.240,1791382811.0345304,1791382811.0345304,387.49,yes,queue_full_evicted_by_newer_frame,,,0,,,,,never validated (dropped before inference),,,,,queue_drop_evicted,,
4336,02:53.440,1791382811.2362375,1791382811.2362375,357.22,no,,200,200,1,PitchDetectError: response held no keypoints,False,0,,no keypoints to validate,,calibration_expired,,506.16,no_keypoints,response held no keypoints,0
4341,02:53.640,1791382811.425838,1791382811.425838,423.64,yes,queue_full_evicted_by_newer_frame,,,0,,,,,never validated (dropped before inference),,,,,queue_drop_evicted,,
4346,02:53.840,1791382811.665026,1791382811.665026,361.32,yes,queue_full_evicted_by_newer_frame,,,0,,,,,never validated (dropped before inference),,,,,queue_drop_evicted,,
4351,02:54.040,1791382811.8496037,1791382811.8496037,250.38,no,,200,200,1,PitchDetectError: response held no keypoints,False,0,,no keypoints to validate,,calibration_expired,,489.75,no_keypoints,response held no keypoints,0
4356,02:54.240,1791382812.0261927,1791382812.0261927,347.77,yes,queue_full_evicted_by_newer_frame,,,0,,,,,never validated (dropped before inference),,,,,queue_drop_evicted,,
4361,02:54.440,1791382812.2026224,1791382812.2026224,341.91,yes,queue_full_evicted_by_newer_frame,,,0,,,,,never validated (dropped before inference),,,,,queue_drop_evicted,,
4366,02:54.640,1791382812.3742657,1791382812.3742657,215.62,no,,200,200,1,PitchDetectError: response held no keypoints,False,0,,no keypoints to validate,,calibration_expired,,429.14,no_keypoints,response held no keypoints,0
4371,02:54.840,1791382812.5429702,1791382812.5429702,359.22,yes,queue_full_evicted_by_newer_frame,,,0,,,,,never validated (dropped before inference),,,,,queue_drop_evicted,,
4376,02:55.040,1791382812.7194684,1791382812.7194684,299.68,no,,200,200,1,PitchDetectError: response held no keypoints,False,0,,no keypoints to validate,,calibration_expired,,484.99,no_keypoints,response held no keypoints,0
4381,02:55.240,1791382812.903137,1791382812.903137,383.47,yes,queue_full_evicted_by_newer_frame,,,0,,,,,never validated (dropped before inference),,,,,queue_drop_evicted,,
4386,02:55.440,1791382813.0895505,1791382813.0895505,395.42,yes,queue_full_evicted_by_newer_frame,,,0,,,,,never validated (dropped before inference),,,,,queue_drop_evicted,,
4391,02:55.640,1791382813.2858913,1791382813.2858913,217.24,no,,200,200,1,PitchDetectError: response held no keypoints,False,0,,no keypoints to validate,,calibration_expired,,464.84,no_keypoints,response held no keypoints,0
4396,02:55.840,1791382813.4843478,1791382813.4843478,370.81,yes,queue_full_evicted_by_newer_frame,,,0,,,,,never validated (dropped before inference),,,,,queue_drop_evicted,,
4401,02:56.040,1791382813.6727712,1791382813.6727712,297.18,no,,200,200,1,PitchDetectError: response held no keypoints,False,0,,no keypoints to validate,,calibration_expired,,483.26,no_keypoints,response held no keypoints,0
4406,02:56.240,1791382813.8557308,1791382813.8557308,361.07,yes,queue_full_evicted_by_newer_frame,,,0,,,,,never validated (dropped before inference),,,,,queue_drop_evicted,,
4411,02:56.440,1791382814.0356932,1791382814.0356932,344.38,yes,queue_full_evicted_by_newer_frame,,,0,,,,,never validated (dropped before inference),,,,,queue_drop_evicted,,
4416,02:56.640,1791382814.2164004,1791382814.2164004,237.0,no,,200,200,1,PitchDetectError: response held no keypoints,False,0,,no keypoints to validate,,calibration_expired,,458.16,no_keypoints,response held no keypoints,0
4421,02:56.840,1791382814.3809178,1791382814.3809178,354.77,yes,queue_full_evicted_by_newer_frame,,,0,,,,,never validated (dropped before inference),,,,,queue_drop_evicted,,
4426,02:57.040,1791382814.5570886,1791382814.5570886,355.2,no,,200,200,1,PitchDetectError: response held no keypoints,False,0,,no keypoints to validate,,calibration_expired,,427.9,no_keypoints,response held no keypoints,0
4431,02:57.240,1791382814.7350414,1791382814.7350414,372.6,yes,queue_full_evicted_by_newer_frame,,,0,,,,,never validated (dropped before inference),,,,,queue_drop_evicted,,
4436,02:57.440,1791382814.915402,1791382814.915402,378.22,yes,queue_full_evicted_by_newer_frame,,,0,,,,,never validated (dropped before inference),,,,,queue_drop_evicted,,
4441,02:57.640,1791382815.1079216,1791382815.1079216,232.27,no,,200,200,1,PitchDetectError: response held no keypoints,False,0,,no keypoints to validate,,calibration_expired,,488.85,no_keypoints,response held no keypoints,0
4446,02:57.840,1791382815.2920985,1791382815.2920985,380.35,yes,queue_full_evicted_by_newer_frame,,,0,,,,,never validated (dropped before inference),,,,,queue_drop_evicted,,
4451,02:58.040,1791382815.488006,1791382815.488006,341.09,no,,200,200,1,PitchDetectError: response held no keypoints,False,0,,no keypoints to validate,,calibration_expired,,475.79,no_keypoints,response held no keypoints,0
4456,02:58.240,1791382815.6733577,1791382815.6733577,382.39,yes,queue_full_evicted_by_newer_frame,,,0,,,,,never validated (dropped before inference),,,,,queue_drop_evicted,,
4461,02:58.440,1791382815.8670952,1791382815.8670952,375.49,yes,queue_full_evicted_by_newer_frame,,,0,,,,,never validated (dropped before inference),,,,,queue_drop_evicted,,
4466,02:58.640,1791382816.056231,1791382816.056231,249.21,no,,200,200,1,PitchDetectError: response held no keypoints,False,0,,no keypoints to validate,,calibration_expired,,475.5,no_keypoints,response held no keypoints,0
4471,02:58.840,1791382816.2424212,1791382816.2424212,338.67,yes,queue_full_evicted_by_newer_frame,,,0,,,,,never validated (dropped before inference),,,,,queue_drop_evicted,,
4476,02:59.040,1791382816.4134097,1791382816.4134097,344.59,yes,queue_full_evicted_by_newer_frame,,,0,,,,,never validated (dropped before inference),,,,,queue_drop_evicted,,
4481,02:59.240,1791382816.5816658,1791382816.5816658,199.69,no,,200,200,1,,True,4,0.8809,accepted,,calibration_expired,yes,440.38,detected,,1
4486,02:59.440,1791382816.7587621,1791382816.7587621,363.92,yes,queue_full_evicted_by_newer_frame,,,0,,,,,never validated (dropped before inference),,,,,queue_drop_evicted,,
4491,02:59.640,1791382816.9426699,1791382816.9426699,279.32,no,,200,200,1,,True,4,0.9022,refused: keypoint_hull_too_small,keypoint_hull_too_small,calibrated,no,456.6,refused,,1
4496,02:59.840,1791382817.121952,1791382817.121952,373.69,yes,queue_full_evicted_by_newer_frame,,,0,,,,,never validated (dropped before inference),,,,,queue_drop_evicted,,
4501,03:00.040,1791382817.3047638,1791382817.3047638,374.62,no,,200,200,1,,True,4,0.9038,refused: only_2_usable_keypoints,only_2_usable_keypoints,temporary_loss,no,470.27,refused,,1
4506,03:00.240,1791382817.4919126,1791382817.4919126,373.28,yes,queue_full_evicted_by_newer_frame,,,0,,,,,never validated (dropped before inference),,,,,queue_drop_evicted,,
4511,03:00.440,1791382817.6839647,1791382817.6839647,357.08,yes,queue_full_evicted_by_newer_frame,,,0,,,,,never validated (dropped before inference),,,,,queue_drop_evicted,,
4516,03:00.640,1791382817.8673298,1791382817.8673298,281.21,no,,200,200,1,,True,4,0.8725,refused: only_0_usable_keypoints,only_0_usable_keypoints,calibration_expired,no,453.86,refused,,1
4521,03:00.840,1791382818.0420706,1791382818.0420706,354.03,yes,queue_full_evicted_by_newer_frame,,,0,,,,,never validated (dropped before inference),,,,,queue_drop_evicted,,
4526,03:01.040,1791382818.2187245,1791382818.2187245,346.29,yes,queue_full_evicted_by_newer_frame,,,0,,,,,never validated (dropped before inference),,,,,queue_drop_evicted,,
4531,03:01.240,1791382818.3962007,1791382818.3962007,208.86,no,,200,200,1,,True,4,0.8881,accepted,,calibration_expired,yes,474.72,detected,,1
4536,03:01.440,1791382818.5652313,1791382818.5652313,515.21,no,,200,200,1,,True,4,0.9031,accepted,,calibrated,yes,454.26,detected,,1
4541,03:01.640,1791382818.7449381,1791382818.7449381,790.19,no,,200,200,1,,True,4,0.9082,accepted,,calibrated,yes,476.33,detected,,1
4546,03:01.840,1791382820.3132837,1791382820.3132837,0.52,no,,200,200,1,,True,4,0.9148,accepted,,calibrated,yes,491.55,detected,,1
4551,03:02.040,1791382820.505007,1791382820.505007,301.18,no,,200,200,1,,True,4,0.9031,refused: keypoint_hull_too_small,keypoint_hull_too_small,calibrated,no,461.55,refused,,1
4556,03:02.240,1791382820.7017221,1791382820.7017221,399.12,yes,queue_full_evicted_by_newer_frame,,,0,,,,,never validated (dropped before inference),,,,,queue_drop_evicted,,
4561,03:02.440,1791382820.901921,1791382820.901921,366.23,no,,200,200,1,,True,4,0.8957,refused: keypoint_hull_too_small,keypoint_hull_too_small,calibrated,no,489.75,refused,,1
4566,03:02.640,1791382821.1002192,1791382821.1002192,392.3,yes,queue_full_evicted_by_newer_frame,,,0,,,,,never validated (dropped before inference),,,,,queue_drop_evicted,,
4571,03:02.840,1791382821.3045318,1791382821.3045318,416.7,yes,queue_full_evicted_by_newer_frame,,,0,,,,,never validated (dropped before inference),,,,,queue_drop_evicted,,
4576,03:03.040,1791382821.493183,1791382821.493183,265.82,no,,200,200,1,,True,4,0.9039,refused: keypoint_hull_too_small,keypoint_hull_too_small,temporary_loss,no,642.26,refused,,1
4581,03:03.240,1791382821.722046,1791382821.722046,364.96,yes,queue_full_evicted_by_newer_frame,,,0,,,,,never validated (dropped before inference),,,,,queue_drop_evicted,,
4586,03:03.440,1791382821.907663,1791382821.907663,347.98,yes,queue_full_evicted_by_newer_frame,,,0,,,,,never validated (dropped before inference),,,,,queue_drop_evicted,,
4591,03:03.640,1791382822.088416,1791382822.088416,313.47,no,,200,200,1,PitchDetectError: response held no keypoints,False,0,,no keypoints to validate,,calibration_expired,,435.76,no_keypoints,response held no keypoints,0
4596,03:03.840,1791382822.2561984,1791382822.2561984,357.57,yes,queue_full_evicted_by_newer_frame,,,0,,,,,never validated (dropped before inference),,,,,queue_drop_evicted,,
4601,03:04.040,1791382822.4320698,1791382822.4320698,359.08,yes,queue_full_evicted_by_newer_frame,,,0,,,,,never validated (dropped before inference),,,,,queue_drop_evicted,,
4606,03:04.240,1791382822.6139612,1791382822.6139612,224.23,no,,200,200,1,PitchDetectError: response held no keypoints,False,0,,no keypoints to validate,,calibration_expired,,443.17,no_keypoints,response held no keypoints,0
4611,03:04.440,1791382822.792103,1791382822.792103,366.68,yes,queue_full_evicted_by_newer_frame,,,0,,,,,never validated (dropped before inference),,,,,queue_drop_evicted,,
4616,03:04.640,1791382822.9795723,1791382822.9795723,301.91,no,,200,200,1,PitchDetectError: response held no keypoints,False,0,,no keypoints to validate,,calibration_expired,,458.99,no_keypoints,response held no keypoints,0
4621,03:04.840,1791382823.1590295,1791382823.1590295,376.39,yes,queue_full_evicted_by_newer_frame,,,0,,,,,never validated (dropped before inference),,,,,queue_drop_evicted,,
4626,03:05.040,1791382823.349895,1791382823.349895,365.43,yes,queue_full_evicted_by_newer_frame,,,0,,,,,never validated (dropped before inference),,,,,queue_drop_evicted,,
4631,03:05.240,1791382823.5338454,1791382823.5338454,205.57,no,,200,200,1,PitchDetectError: response held no keypoints,False,0,,no keypoints to validate,,calibration_expired,,444.95,no_keypoints,response held no keypoints,0
4636,03:05.440,1791382823.7156413,1791382823.7156413,358.26,yes,queue_full_evicted_by_newer_frame,,,0,,,,,never validated (dropped before inference),,,,,queue_drop_evicted,,
4641,03:05.640,1791382823.8919923,1791382823.8919923,293.62,no,,200,200,1,PitchDetectError: response held no keypoints,False,0,,no keypoints to validate,,calibration_expired,,466.96,no_keypoints,response held no keypoints,0
4646,03:05.840,1791382824.0736687,1791382824.0736687,372.28,yes,queue_full_evicted_by_newer_frame,,,0,,,,,never validated (dropped before inference),,,,,queue_drop_evicted,,
4651,03:06.040,1791382824.2566714,1791382824.2566714,373.05,yes,queue_full_evicted_by_newer_frame,,,0,,,,,never validated (dropped before inference),,,,,queue_drop_evicted,,
4656,03:06.240,1791382824.4435573,1791382824.4435573,207.52,no,,200,200,1,PitchDetectError: response held no keypoints,False,0,,no keypoints to validate,,calibration_expired,,518.78,no_keypoints,response held no keypoints,0
4661,03:06.440,1791382824.6298122,1791382824.6298122,376.05,yes,queue_full_evicted_by_newer_frame,,,0,,,,,never validated (dropped before inference),,,,,queue_drop_evicted,,
4666,03:06.640,1791382824.8217604,1791382824.8217604,350.25,no,,200,200,1,PitchDetectError: response held no keypoints,False,0,,no keypoints to validate,,calibration_expired,,468.32,no_keypoints,response held no keypoints,0
4671,03:06.840,1791382825.00639,1791382825.00639,379.75,yes,queue_full_evicted_by_newer_frame,,,0,,,,,never validated (dropped before inference),,,,,queue_drop_evicted,,
4676,03:07.040,1791382825.1999142,1791382825.1999142,378.98,yes,queue_full_evicted_by_newer_frame,,,0,,,,,never validated (dropped before inference),,,,,queue_drop_evicted,,
4681,03:07.240,1791382825.3863692,1791382825.3863692,255.15,no,,200,200,1,PitchDetectError: response held no keypoints,False,0,,no keypoints to validate,,calibration_expired,,509.86,no_keypoints,response held no keypoints,0
4686,03:07.440,1791382825.5788293,1791382825.5788293,375.07,yes,queue_full_evicted_by_newer_frame,,,0,,,,,never validated (dropped before inference),,,,,queue_drop_evicted,,
4691,03:07.640,1791382825.7691393,1791382825.7691393,369.8,yes,queue_full_evicted_by_newer_frame,,,0,,,,,never validated (dropped before inference),,,,,queue_drop_evicted,,
4696,03:07.840,1791382825.9539053,1791382825.9539053,197.61,no,,200,200,1,PitchDetectError: response held no keypoints,False,0,,no keypoints to validate,,calibration_expired,,504.53,no_keypoints,response held no keypoints,0
4701,03:08.040,1791382826.138088,1791382826.138088,362.67,yes,queue_full_evicted_by_newer_frame,,,0,,,,,never validated (dropped before inference),,,,,queue_drop_evicted,,
4706,03:08.240,1791382826.3206635,1791382826.3206635,335.2,no,,200,200,1,PitchDetectError: response held no keypoints,False,0,,no keypoints to validate,,calibration_expired,,465.66,no_keypoints,response held no keypoints,0
4711,03:08.440,1791382826.5022068,1791382826.5022068,380.92,yes,queue_full_evicted_by_newer_frame,,,0,,,,,never validated (dropped before inference),,,,,queue_drop_evicted,,
4716,03:08.640,1791382826.6967747,1791382826.6967747,371.65,yes,queue_full_evicted_by_newer_frame,,,0,,,,,never validated (dropped before inference),,,,,queue_drop_evicted,,
4721,03:08.840,1791382826.8831675,1791382826.8831675,239.24,no,,200,200,1,PitchDetectError: response held no keypoints,False,0,,no keypoints to validate,,calibration_expired,,485.57,no_keypoints,response held no keypoints,0
4726,03:09.040,1791382827.0687447,1791382827.0687447,369.06,yes,queue_full_evicted_by_newer_frame,,,0,,,,,never validated (dropped before inference),,,,,queue_drop_evicted,,
4731,03:09.240,1791382827.2552335,1791382827.2552335,352.47,no,,200,200,1,PitchDetectError: response held no keypoints,False,0,,no keypoints to validate,,calibration_expired,,1062.0,no_keypoints,response held no keypoints,0
4736,03:09.440,1791382827.4376655,1791382827.4376655,373.74,yes,queue_full_evicted_by_newer_frame,,,0,,,,,never validated (dropped before inference),,,,,queue_drop_evicted,,
4741,03:09.640,1791382827.6159196,1791382827.6159196,384.92,yes,queue_full_evicted_by_newer_frame,,,0,,,,,never validated (dropped before inference),,,,,queue_drop_evicted,,
4746,03:09.840,1791382827.8118186,1791382827.8118186,388.54,yes,queue_full_evicted_by_newer_frame,,,0,,,,,never validated (dropped before inference),,,,,queue_drop_evicted,,
4751,03:10.040,1791382828.000765,1791382828.000765,382.24,yes,queue_full_evicted_by_newer_frame,,,0,,,,,never validated (dropped before inference),,,,,queue_drop_evicted,,
4756,03:10.240,1791382828.2002194,1791382828.2002194,370.83,yes,queue_full_evicted_by_newer_frame,,,0,,,,,never validated (dropped before inference),,,,,queue_drop_evicted,,
4761,03:10.440,1791382828.3826165,1791382828.3826165,286.98,no,,200,200,1,PitchDetectError: response held no keypoints,False,0,,no keypoints to validate,,calibration_expired,,458.18,no_keypoints,response held no keypoints,0
4766,03:10.640,1791382828.57142,1791382828.57142,360.26,yes,queue_full_evicted_by_newer_frame,,,0,,,,,never validated (dropped before inference),,,,,queue_drop_evicted,,
4771,03:10.840,1791382828.7530615,1791382828.7530615,360.0,yes,queue_full_evicted_by_newer_frame,,,0,,,,,never validated (dropped before inference),,,,,queue_drop_evicted,,
4776,03:11.040,1791382828.929087,1791382828.929087,197.63,no,,200,200,1,,True,4,0.8911,refused: keypoint_hull_too_small,keypoint_hull_too_small,calibration_expired,no,447.43,refused,,1
4781,03:11.240,1791382829.1129966,1791382829.1129966,423.96,yes,queue_full_evicted_by_newer_frame,,,0,,,,,never validated (dropped before inference),,,,,queue_drop_evicted,,
4786,03:11.440,1791382829.3446336,1791382829.3446336,232.12,no,,200,200,1,,True,4,0.898,refused: keypoint_hull_too_small,keypoint_hull_too_small,calibration_expired,no,446.74,refused,,1
4791,03:11.640,1791382829.5376089,1791382829.5376089,486.85,no,,200,200,1,,True,4,0.8992,refused: keypoint_hull_too_small,keypoint_hull_too_small,calibration_expired,no,455.47,refused,,1
4796,03:11.840,1791382831.041673,1791382831.041673,0.45,no,,200,200,1,,True,4,0.8829,refused: keypoint_hull_too_small,keypoint_hull_too_small,calibration_expired,no,472.41,refused,,1
4801,03:12.040,1791382831.2416804,1791382831.2416804,271.81,no,,200,200,1,,True,4,0.8903,refused: keypoint_hull_too_small,keypoint_hull_too_small,calibration_expired,no,450.93,refused,,1
4806,03:12.240,1791382831.4386337,1791382831.4386337,387.02,yes,queue_full_evicted_by_newer_frame,,,0,,,,,never validated (dropped before inference),,,,,queue_drop_evicted,,
4811,03:12.440,1791382831.633365,1791382831.633365,333.3,no,,200,200,1,,True,4,0.881,refused: keypoint_hull_too_small,keypoint_hull_too_small,calibration_expired,no,488.7,refused,,1
4816,03:12.640,1791382831.8240159,1791382831.8240159,445.61,yes,queue_full_evicted_by_newer_frame,,,0,,,,,never validated (dropped before inference),,,,,queue_drop_evicted,,
4821,03:12.840,1791382832.0281687,1791382832.0281687,426.74,no,,200,200,1,,True,4,0.8786,refused: keypoint_hull_too_small,keypoint_hull_too_small,calibration_expired,no,485.45,refused,,1
4826,03:13.040,1791382832.2703555,1791382832.2703555,382.26,yes,queue_full_evicted_by_newer_frame,,,0,,,,,never validated (dropped before inference),,,,,queue_drop_evicted,,
4831,03:13.240,1791382832.4632566,1791382832.4632566,369.78,yes,queue_full_evicted_by_newer_frame,,,0,,,,,never validated (dropped before inference),,,,,queue_drop_evicted,,
4836,03:13.440,1791382832.6536422,1791382832.6536422,287.72,no,,200,200,1,,True,4,0.8285,refused: keypoint_hull_too_small,keypoint_hull_too_small,calibration_expired,no,514.74,refused,,1
4841,03:13.640,1791382832.834668,1791382832.834668,382.21,yes,queue_full_evicted_by_newer_frame,,,0,,,,,never validated (dropped before inference),,,,,queue_drop_evicted,,
4846,03:13.840,1791382833.031738,1791382833.031738,376.81,yes,queue_full_evicted_by_newer_frame,,,0,,,,,never validated (dropped before inference),,,,,queue_drop_evicted,,
4851,03:14.040,1791382833.216566,1791382833.216566,239.58,no,,200,200,1,,True,4,0.8173,refused: keypoint_hull_too_small,keypoint_hull_too_small,calibration_expired,no,495.66,refused,,1
4856,03:14.240,1791382833.4077816,1791382833.4077816,334.48,yes,queue_full_evicted_by_newer_frame,,,0,,,,,never validated (dropped before inference),,,,,queue_drop_evicted,,
4861,03:14.440,1791382833.586577,1791382833.586577,317.97,yes,queue_full_evicted_by_newer_frame,,,0,,,,,never validated (dropped before inference),,,,,queue_drop_evicted,,
4866,03:14.640,1791382833.7443123,1791382833.7443123,207.78,no,,200,200,1,PitchDetectError: response held no keypoints,False,0,,no keypoints to validate,,calibration_expired,,430.4,no_keypoints,response held no keypoints,0
4871,03:14.840,1791382833.9051054,1791382833.9051054,341.03,yes,queue_full_evicted_by_newer_frame,,,0,,,,,never validated (dropped before inference),,,,,queue_drop_evicted,,
4876,03:15.040,1791382834.079427,1791382834.079427,303.66,no,,200,200,1,PitchDetectError: response held no keypoints,False,0,,no keypoints to validate,,calibration_expired,,422.72,no_keypoints,response held no keypoints,0
4881,03:15.240,1791382834.2460237,1791382834.2460237,347.54,yes,queue_full_evicted_by_newer_frame,,,0,,,,,never validated (dropped before inference),,,,,queue_drop_evicted,,
4886,03:15.440,1791382834.4152355,1791382834.4152355,344.96,yes,queue_full_evicted_by_newer_frame,,,0,,,,,never validated (dropped before inference),,,,,queue_drop_evicted,,
4891,03:15.640,1791382834.5939853,1791382834.5939853,212.46,no,,200,200,1,PitchDetectError: response held no keypoints,False,0,,no keypoints to validate,,calibration_expired,,434.81,no_keypoints,response held no keypoints,0
4896,03:15.840,1791382834.7609942,1791382834.7609942,338.46,yes,queue_full_evicted_by_newer_frame,,,0,,,,,never validated (dropped before inference),,,,,queue_drop_evicted,,
4901,03:16.040,1791382834.931995,1791382834.931995,309.48,no,,200,200,1,PitchDetectError: response held no keypoints,False,0,,no keypoints to validate,,calibration_expired,,414.65,no_keypoints,response held no keypoints,0
4906,03:16.240,1791382835.0990958,1791382835.0990958,350.64,yes,queue_full_evicted_by_newer_frame,,,0,,,,,never validated (dropped before inference),,,,,queue_drop_evicted,,
4911,03:16.440,1791382835.2759104,1791382835.2759104,335.89,yes,queue_full_evicted_by_newer_frame,,,0,,,,,never validated (dropped before inference),,,,,queue_drop_evicted,,
4916,03:16.640,1791382835.4495442,1791382835.4495442,206.67,no,,200,200,1,PitchDetectError: response held no keypoints,False,0,,no keypoints to validate,,calibration_expired,,427.19,no_keypoints,response held no keypoints,0
4921,03:16.840,1791382835.6118977,1791382835.6118977,363.78,yes,queue_full_evicted_by_newer_frame,,,0,,,,,never validated (dropped before inference),,,,,queue_drop_evicted,,
4926,03:17.040,1791382835.7856307,1791382835.7856307,298.42,no,,200,200,1,,True,4,0.853,refused: keypoint_hull_too_small,keypoint_hull_too_small,calibration_expired,no,435.4,refused,,1
4931,03:17.240,1791382835.975868,1791382835.975868,366.05,yes,queue_full_evicted_by_newer_frame,,,0,,,,,never validated (dropped before inference),,,,,queue_drop_evicted,,
4936,03:17.440,1791382836.1596682,1791382836.1596682,359.58,no,,200,200,1,,True,4,0.8831,accepted,,calibration_expired,yes,440.23,detected,,1
4941,03:17.640,1791382836.3416553,1791382836.3416553,366.21,yes,queue_full_evicted_by_newer_frame,,,0,,,,,never validated (dropped before inference),,,,,queue_drop_evicted,,
4946,03:17.840,1791382836.5226445,1791382836.5226445,372.28,yes,queue_full_evicted_by_newer_frame,,,0,,,,,never validated (dropped before inference),,,,,queue_drop_evicted,,
4951,03:18.040,1791382836.7045784,1791382836.7045784,252.99,no,,200,200,1,,True,4,0.8919,refused: only_2_usable_keypoints,only_2_usable_keypoints,calibrated,no,424.16,refused,,1
4956,03:18.240,1791382836.8951206,1791382836.8951206,383.22,yes,queue_full_evicted_by_newer_frame,,,0,,,,,never validated (dropped before inference),,,,,queue_drop_evicted,,
4961,03:18.440,1791382837.0841303,1791382837.0841303,301.14,no,,200,200,1,,True,4,0.8903,refused: only_2_usable_keypoints,only_2_usable_keypoints,temporary_loss,no,461.94,refused,,1
4966,03:18.640,1791382837.2784028,1791382837.2784028,387.24,yes,queue_full_evicted_by_newer_frame,,,0,,,,,never validated (dropped before inference),,,,,queue_drop_evicted,,
4971,03:18.840,1791382837.4807756,1791382837.4807756,366.6,no,,200,200,1,,True,4,0.9018,refused: only_1_usable_keypoints,only_1_usable_keypoints,calibration_expired,no,469.85,refused,,1
4976,03:19.040,1791382837.6638775,1791382837.6638775,403.35,yes,queue_full_evicted_by_newer_frame,,,0,,,,,never validated (dropped before inference),,,,,queue_drop_evicted,,
4981,03:19.240,1791382837.8780189,1791382837.8780189,439.15,no,,200,200,1,,True,4,0.8644,refused: only_1_usable_keypoints,only_1_usable_keypoints,calibration_expired,no,477.79,refused,,1
4986,03:19.440,1791382838.068927,1791382838.068927,726.78,no,,200,200,1,PitchDetectError: response held no keypoints,False,0,,no keypoints to validate,,calibration_expired,,463.96,no_keypoints,response held no keypoints,0
4991,03:19.640,1791382839.1119788,1791382839.1119788,148.15,no,,200,200,1,,True,4,0.796,refused: only_1_usable_keypoints,only_1_usable_keypoints,calibration_expired,no,521.27,refused,,1
4996,03:19.840,1791382839.2882228,1791382839.2882228,328.68,yes,queue_full_evicted_by_newer_frame,,,0,,,,,never validated (dropped before inference),,,,,queue_drop_evicted,,
5001,03:20.040,1791382839.4536824,1791382839.4536824,322.52,yes,queue_full_evicted_by_newer_frame,,,0,,,,,never validated (dropped before inference),,,,,queue_drop_evicted,,
5006,03:20.240,1791382839.6157305,1791382839.6157305,165.23,no,,200,200,1,PitchDetectError: response held no keypoints,False,0,,no keypoints to validate,,calibration_expired,,426.64,no_keypoints,response held no keypoints,0
5011,03:20.440,1791382839.7760499,1791382839.7760499,326.36,yes,queue_full_evicted_by_newer_frame,,,0,,,,,never validated (dropped before inference),,,,,queue_drop_evicted,,
5016,03:20.640,1791382839.944,1791382839.944,265.27,no,,200,200,1,PitchDetectError: response held no keypoints,False,0,,no keypoints to validate,,calibration_expired,,419.64,no_keypoints,response held no keypoints,0
5021,03:20.840,1791382840.1029494,1791382840.1029494,370.68,yes,queue_full_evicted_by_newer_frame,,,0,,,,,never validated (dropped before inference),,,,,queue_drop_evicted,,
5026,03:21.040,1791382840.2869408,1791382840.2869408,342.01,no,,200,200,1,PitchDetectError: response held no keypoints,False,0,,no keypoints to validate,,calibration_expired,,523.07,no_keypoints,response held no keypoints,0
5031,03:21.240,1791382840.4734113,1791382840.4734113,383.28,yes,queue_full_evicted_by_newer_frame,,,0,,,,,never validated (dropped before inference),,,,,queue_drop_evicted,,
5036,03:21.440,1791382840.6679413,1791382840.6679413,385.91,yes,queue_full_evicted_by_newer_frame,,,0,,,,,never validated (dropped before inference),,,,,queue_drop_evicted,,
5041,03:21.640,1791382840.8563812,1791382840.8563812,295.71,no,,200,200,1,PitchDetectError: response held no keypoints,False,0,,no keypoints to validate,,calibration_expired,,497.82,no_keypoints,response held no keypoints,0
5046,03:21.840,1791382841.05419,1791382841.05419,388.05,yes,queue_full_evicted_by_newer_frame,,,0,,,,,never validated (dropped before inference),,,,,queue_drop_evicted,,
5051,03:22.040,1791382841.256771,1791382841.256771,371.8,yes,queue_full_evicted_by_newer_frame,,,0,,,,,never validated (dropped before inference),,,,,queue_drop_evicted,,
5056,03:22.240,1791382841.4417088,1791382841.4417088,208.43,no,,200,200,1,PitchDetectError: response held no keypoints,False,0,,no keypoints to validate,,calibration_expired,,499.72,no_keypoints,response held no keypoints,0
5061,03:22.440,1791382841.6284995,1791382841.6284995,385.89,yes,queue_full_evicted_by_newer_frame,,,0,,,,,never validated (dropped before inference),,,,,queue_drop_evicted,,
5066,03:22.640,1791382841.820946,1791382841.820946,329.4,no,,200,200,1,PitchDetectError: response held no keypoints,False,0,,no keypoints to validate,,calibration_expired,,522.0,no_keypoints,response held no keypoints,0
5071,03:22.840,1791382842.0137548,1791382842.0137548,369.0,yes,queue_full_evicted_by_newer_frame,,,0,,,,,never validated (dropped before inference),,,,,queue_drop_evicted,,
5076,03:23.040,1791382842.203853,1791382842.203853,342.24,yes,queue_full_evicted_by_newer_frame,,,0,,,,,never validated (dropped before inference),,,,,queue_drop_evicted,,
5081,03:23.240,1791382842.383544,1791382842.383544,289.19,no,,200,200,1,PitchDetectError: response held no keypoints,False,0,,no keypoints to validate,,calibration_expired,,437.57,no_keypoints,response held no keypoints,0
5086,03:23.440,1791382842.5460272,1791382842.5460272,351.94,yes,queue_full_evicted_by_newer_frame,,,0,,,,,never validated (dropped before inference),,,,,queue_drop_evicted,,
5091,03:23.640,1791382842.718314,1791382842.718314,348.84,yes,queue_full_evicted_by_newer_frame,,,0,,,,,never validated (dropped before inference),,,,,queue_drop_evicted,,
5096,03:23.840,1791382842.8979402,1791382842.8979402,212.07,no,,200,200,1,PitchDetectError: response held no keypoints,False,0,,no keypoints to validate,,calibration_expired,,464.39,no_keypoints,response held no keypoints,0
5101,03:24.040,1791382843.0673473,1791382843.0673473,336.93,yes,queue_full_evicted_by_newer_frame,,,0,,,,,never validated (dropped before inference),,,,,queue_drop_evicted,,
5106,03:24.240,1791382843.2370362,1791382843.2370362,338.02,no,,200,200,1,PitchDetectError: response held no keypoints,False,0,,no keypoints to validate,,calibration_expired,,413.27,no_keypoints,response held no keypoints,0
5111,03:24.440,1791382843.403556,1791382843.403556,344.88,yes,queue_full_evicted_by_newer_frame,,,0,,,,,never validated (dropped before inference),,,,,queue_drop_evicted,,
5116,03:24.640,1791382843.5780478,1791382843.5780478,331.75,yes,queue_full_evicted_by_newer_frame,,,0,,,,,never validated (dropped before inference),,,,,queue_drop_evicted,,
5121,03:24.840,1791382843.7484078,1791382843.7484078,239.86,no,,200,200,1,PitchDetectError: response held no keypoints,False,0,,no keypoints to validate,,calibration_expired,,415.83,no_keypoints,response held no keypoints,0
5126,03:25.040,1791382843.9104154,1791382843.9104154,334.78,yes,queue_full_evicted_by_newer_frame,,,0,,,,,never validated (dropped before inference),,,,,queue_drop_evicted,,
5131,03:25.240,1791382844.0879683,1791382844.0879683,316.16,no,,200,200,1,PitchDetectError: response held no keypoints,False,0,,no keypoints to validate,,calibration_expired,,441.81,no_keypoints,response held no keypoints,0
5136,03:25.440,1791382844.2456698,1791382844.2456698,353.87,yes,queue_full_evicted_by_newer_frame,,,0,,,,,never validated (dropped before inference),,,,,queue_drop_evicted,,
5141,03:25.640,1791382844.4266646,1791382844.4266646,350.77,yes,queue_full_evicted_by_newer_frame,,,0,,,,,never validated (dropped before inference),,,,,queue_drop_evicted,,
5146,03:25.840,1791382844.5994844,1791382844.5994844,247.48,no,,200,200,1,PitchDetectError: response held no keypoints,False,0,,no keypoints to validate,,calibration_expired,,448.05,no_keypoints,response held no keypoints,0
5151,03:26.040,1791382844.7799401,1791382844.7799401,361.45,yes,queue_full_evicted_by_newer_frame,,,0,,,,,never validated (dropped before inference),,,,,queue_drop_evicted,,
5156,03:26.240,1791382844.961967,1791382844.961967,332.53,no,,200,200,1,PitchDetectError: response held no keypoints,False,0,,no keypoints to validate,,calibration_expired,,779.3,no_keypoints,response held no keypoints,0
5161,03:26.440,1791382845.1404524,1791382845.1404524,360.25,yes,queue_full_evicted_by_newer_frame,,,0,,,,,never validated (dropped before inference),,,,,queue_drop_evicted,,
5166,03:26.640,1791382845.3286386,1791382845.3286386,342.54,yes,queue_full_evicted_by_newer_frame,,,0,,,,,never validated (dropped before inference),,,,,queue_drop_evicted,,
5171,03:26.840,1791382845.5015302,1791382845.5015302,337.51,yes,queue_full_evicted_by_newer_frame,,,0,,,,,never validated (dropped before inference),,,,,queue_drop_evicted,,
5176,03:27.040,1791382845.670058,1791382845.670058,341.2,yes,queue_full_evicted_by_newer_frame,,,0,,,,,never validated (dropped before inference),,,,,queue_drop_evicted,,
5181,03:27.240,1791382845.8387663,1791382845.8387663,235.79,no,,200,200,1,PitchDetectError: response held no keypoints,False,0,,no keypoints to validate,,calibration_expired,,475.7,no_keypoints,response held no keypoints,0
5186,03:27.440,1791382846.012676,1791382846.012676,362.0,yes,queue_full_evicted_by_newer_frame,,,0,,,,,never validated (dropped before inference),,,,,queue_drop_evicted,,
5191,03:27.640,1791382846.1957412,1791382846.1957412,354.11,no,,200,200,1,PitchDetectError: response held no keypoints,False,0,,no keypoints to validate,,calibration_expired,,449.6,no_keypoints,response held no keypoints,0
5196,03:27.840,1791382846.3742063,1791382846.3742063,359.22,yes,queue_full_evicted_by_newer_frame,,,0,,,,,never validated (dropped before inference),,,,,queue_drop_evicted,,
5201,03:28.040,1791382846.5532393,1791382846.5532393,369.24,yes,queue_full_evicted_by_newer_frame,,,0,,,,,never validated (dropped before inference),,,,,queue_drop_evicted,,
5206,03:28.240,1791382846.73303,1791382846.73303,266.77,no,,200,200,1,PitchDetectError: response held no keypoints,False,0,,no keypoints to validate,,calibration_expired,,467.45,no_keypoints,response held no keypoints,0
5211,03:28.440,1791382846.9230435,1791382846.9230435,365.39,yes,queue_full_evicted_by_newer_frame,,,0,,,,,never validated (dropped before inference),,,,,queue_drop_evicted,,
5216,03:28.640,1791382847.101465,1791382847.101465,366.28,no,,200,200,1,PitchDetectError: response held no keypoints,False,0,,no keypoints to validate,,calibration_expired,,457.25,no_keypoints,response held no keypoints,0
5221,03:28.840,1791382847.287889,1791382847.287889,360.68,yes,queue_full_evicted_by_newer_frame,,,0,,,,,never validated (dropped before inference),,,,,queue_drop_evicted,,
5226,03:29.040,1791382847.4683502,1791382847.4683502,361.71,yes,queue_full_evicted_by_newer_frame,,,0,,,,,never validated (dropped before inference),,,,,queue_drop_evicted,,
5231,03:29.240,1791382847.6481402,1791382847.6481402,276.78,no,,200,200,1,PitchDetectError: response held no keypoints,False,0,,no keypoints to validate,,calibration_expired,,488.42,no_keypoints,response held no keypoints,0
5236,03:29.440,1791382847.8303778,1791382847.8303778,368.32,yes,queue_full_evicted_by_newer_frame,,,0,,,,,never validated (dropped before inference),,,,,queue_drop_evicted,,
5241,03:29.640,1791382848.0132165,1791382848.0132165,387.45,yes,queue_full_evicted_by_newer_frame,,,0,,,,,never validated (dropped before inference),,,,,queue_drop_evicted,,
5246,03:29.840,1791382848.199437,1791382848.199437,214.41,no,,200,200,1,,True,4,0.6937,accepted,,calibration_expired,yes,488.47,detected,,1
5251,03:30.040,1791382848.4000723,1791382848.4000723,380.5,yes,queue_full_evicted_by_newer_frame,,,0,,,,,never validated (dropped before inference),,,,,queue_drop_evicted,,
5256,03:30.240,1791382848.6030226,1791382848.6030226,299.67,no,,200,200,1,PitchDetectError: response held no keypoints,False,0,,no keypoints to validate,,calibrated,,469.1,no_keypoints,response held no keypoints,0
5261,03:30.440,1791382848.781557,1791382848.781557,356.64,yes,queue_full_evicted_by_newer_frame,,,0,,,,,never validated (dropped before inference),,,,,queue_drop_evicted,,
5266,03:30.640,1791382848.9601583,1791382848.9601583,350.49,yes,queue_full_evicted_by_newer_frame,,,0,,,,,never validated (dropped before inference),,,,,queue_drop_evicted,,
5271,03:30.840,1791382849.138046,1791382849.138046,234.65,no,,200,200,1,PitchDetectError: response held no keypoints,False,0,,no keypoints to validate,,temporary_loss,,428.88,no_keypoints,response held no keypoints,0
5276,03:31.040,1791382849.3115187,1791382849.3115187,367.6,yes,queue_full_evicted_by_newer_frame,,,0,,,,,never validated (dropped before inference),,,,,queue_drop_evicted,,
5281,03:31.240,1791382849.4860818,1791382849.4860818,315.99,no,,200,200,1,PitchDetectError: response held no keypoints,False,0,,no keypoints to validate,,calibration_expired,,412.36,no_keypoints,response held no keypoints,0
5286,03:31.440,1791382849.6794465,1791382849.6794465,357.24,yes,queue_full_evicted_by_newer_frame,,,0,,,,,never validated (dropped before inference),,,,,queue_drop_evicted,,
5291,03:31.640,1791382849.8573875,1791382849.8573875,357.38,no,,200,200,1,PitchDetectError: response held no keypoints,False,0,,no keypoints to validate,,calibration_expired,,427.65,no_keypoints,response held no keypoints,0
5296,03:31.840,1791382850.0364416,1791382850.0364416,361.35,yes,queue_full_evicted_by_newer_frame,,,0,,,,,never validated (dropped before inference),,,,,queue_drop_evicted,,
5301,03:32.040,1791382850.2209876,1791382850.2209876,352.07,yes,queue_full_evicted_by_newer_frame,,,0,,,,,never validated (dropped before inference),,,,,queue_drop_evicted,,
5306,03:32.240,1791382850.3972566,1791382850.3972566,245.32,no,,200,200,1,PitchDetectError: response held no keypoints,False,0,,no keypoints to validate,,calibration_expired,,442.7,no_keypoints,response held no keypoints,0
5311,03:32.440,1791382850.5717762,1791382850.5717762,360.94,yes,queue_full_evicted_by_newer_frame,,,0,,,,,never validated (dropped before inference),,,,,queue_drop_evicted,,
5316,03:32.640,1791382850.7583895,1791382850.7583895,327.23,no,,200,200,1,PitchDetectError: response held no keypoints,False,0,,no keypoints to validate,,calibration_expired,,436.15,no_keypoints,response held no keypoints,0
5321,03:32.840,1791382850.9316204,1791382850.9316204,366.42,yes,queue_full_evicted_by_newer_frame,,,0,,,,,never validated (dropped before inference),,,,,queue_drop_evicted,,
5326,03:33.040,1791382851.1080377,1791382851.1080377,382.19,yes,queue_full_evicted_by_newer_frame,,,0,,,,,never validated (dropped before inference),,,,,queue_drop_evicted,,
5331,03:33.240,1791382851.298353,1791382851.298353,222.01,no,,200,200,1,PitchDetectError: response held no keypoints,False,0,,no keypoints to validate,,calibration_expired,,726.39,no_keypoints,response held no keypoints,0
5336,03:33.440,1791382851.49076,1791382851.49076,362.56,yes,queue_full_evicted_by_newer_frame,,,0,,,,,never validated (dropped before inference),,,,,queue_drop_evicted,,
5341,03:33.640,1791382851.6753566,1791382851.6753566,356.69,yes,queue_full_evicted_by_newer_frame,,,0,,,,,never validated (dropped before inference),,,,,queue_drop_evicted,,
5346,03:33.840,1791382851.853683,1791382851.853683,359.95,yes,queue_full_evicted_by_newer_frame,,,0,,,,,never validated (dropped before inference),,,,,queue_drop_evicted,,
5351,03:34.040,1791382852.0319564,1791382852.0319564,217.09,no,,200,200,1,PitchDetectError: response held no keypoints,False,0,,no keypoints to validate,,calibration_expired,,459.61,no_keypoints,response held no keypoints,0
5356,03:34.240,1791382852.2134743,1791382852.2134743,348.0,yes,queue_full_evicted_by_newer_frame,,,0,,,,,never validated (dropped before inference),,,,,queue_drop_evicted,,
5361,03:34.440,1791382852.3902717,1791382852.3902717,318.26,no,,200,200,1,PitchDetectError: response held no keypoints,False,0,,no keypoints to validate,,calibration_expired,,448.02,no_keypoints,response held no keypoints,0
5366,03:34.640,1791382852.560953,1791382852.560953,330.59,yes,queue_full_evicted_by_newer_frame,,,0,,,,,never validated (dropped before inference),,,,,queue_drop_evicted,,
5371,03:34.840,1791382852.7275753,1791382852.7275753,324.92,yes,queue_full_evicted_by_newer_frame,,,0,,,,,never validated (dropped before inference),,,,,queue_drop_evicted,,
5376,03:35.040,1791382852.8916736,1791382852.8916736,265.47,no,,200,200,1,PitchDetectError: response held no keypoints,False,0,,no keypoints to validate,,calibration_expired,,624.69,no_keypoints,response held no keypoints,0
5381,03:35.240,1791382853.0526047,1791382853.0526047,338.87,yes,queue_full_evicted_by_newer_frame,,,0,,,,,never validated (dropped before inference),,,,,queue_drop_evicted,,
5386,03:35.440,1791382853.2256336,1791382853.2256336,334.23,yes,queue_full_evicted_by_newer_frame,,,0,,,,,never validated (dropped before inference),,,,,queue_drop_evicted,,
5391,03:35.640,1791382853.3906846,1791382853.3906846,329.12,yes,queue_full_evicted_by_newer_frame,,,0,,,,,never validated (dropped before inference),,,,,queue_drop_evicted,,
5396,03:35.840,1791382853.5573041,1791382853.5573041,221.94,no,,200,200,1,PitchDetectError: response held no keypoints,False,0,,no keypoints to validate,,calibration_expired,,415.84,no_keypoints,response held no keypoints,0
5401,03:36.040,1791382853.720457,1791382853.720457,340.27,yes,queue_full_evicted_by_newer_frame,,,0,,,,,never validated (dropped before inference),,,,,queue_drop_evicted,,
5406,03:36.240,1791382853.885515,1791382853.885515,312.07,no,,200,200,1,PitchDetectError: response held no keypoints,False,0,,no keypoints to validate,,calibration_expired,,404.34,no_keypoints,response held no keypoints,0
5411,03:36.440,1791382854.060736,1791382854.060736,368.18,yes,queue_full_evicted_by_newer_frame,,,0,,,,,never validated (dropped before inference),,,,,queue_drop_evicted,,
5416,03:36.640,1791382854.2419572,1791382854.2419572,358.1,yes,queue_full_evicted_by_newer_frame,,,0,,,,,never validated (dropped before inference),,,,,queue_drop_evicted,,
5421,03:36.840,1791382854.428968,1791382854.428968,173.96,no,,200,200,1,PitchDetectError: response held no keypoints,False,0,,no keypoints to validate,,calibration_expired,,430.89,no_keypoints,response held no keypoints,0
5426,03:37.040,1791382854.5993497,1791382854.5993497,369.1,yes,queue_full_evicted_by_newer_frame,,,0,,,,,never validated (dropped before inference),,,,,queue_drop_evicted,,
5431,03:37.240,1791382854.7838295,1791382854.7838295,250.36,no,,200,200,1,,True,4,0.7353,refused: only_0_usable_keypoints,only_0_usable_keypoints,calibration_expired,no,461.38,refused,,1
5436,03:37.440,1791382854.9660459,1791382854.9660459,360.2,yes,queue_full_evicted_by_newer_frame,,,0,,,,,never validated (dropped before inference),,,,,queue_drop_evicted,,
5441,03:37.640,1791382855.152822,1791382855.152822,342.55,no,,200,200,1,PitchDetectError: response held no keypoints,False,0,,no keypoints to validate,,calibration_expired,,446.29,no_keypoints,response held no keypoints,0
5446,03:37.840,1791382855.3293748,1791382855.3293748,351.59,yes,queue_full_evicted_by_newer_frame,,,0,,,,,never validated (dropped before inference),,,,,queue_drop_evicted,,
5451,03:38.040,1791382855.5060213,1791382855.5060213,348.74,yes,queue_full_evicted_by_newer_frame,,,0,,,,,never validated (dropped before inference),,,,,queue_drop_evicted,,
5456,03:38.240,1791382855.6814055,1791382855.6814055,261.1,no,,200,200,1,PitchDetectError: response held no keypoints,False,0,,no keypoints to validate,,calibration_expired,,441.88,no_keypoints,response held no keypoints,0
5461,03:38.440,1791382855.855366,1791382855.855366,359.48,yes,queue_full_evicted_by_newer_frame,,,0,,,,,never validated (dropped before inference),,,,,queue_drop_evicted,,
5466,03:38.640,1791382856.0347106,1791382856.0347106,349.49,no,,200,200,1,PitchDetectError: response held no keypoints,False,0,,no keypoints to validate,,calibration_expired,,455.84,no_keypoints,response held no keypoints,0
5471,03:38.840,1791382856.2148283,1791382856.2148283,347.49,yes,queue_full_evicted_by_newer_frame,,,0,,,,,never validated (dropped before inference),,,,,queue_drop_evicted,,
5476,03:39.040,1791382856.3890488,1791382856.3890488,354.29,yes,queue_full_evicted_by_newer_frame,,,0,,,,,never validated (dropped before inference),,,,,queue_drop_evicted,,
5481,03:39.240,1791382856.5619895,1791382856.5619895,278.11,no,,200,200,1,PitchDetectError: response held no keypoints,False,0,,no keypoints to validate,,calibration_expired,,458.38,no_keypoints,response held no keypoints,0
5486,03:39.440,1791382856.743087,1791382856.743087,364.09,yes,queue_full_evicted_by_newer_frame,,,0,,,,,never validated (dropped before inference),,,,,queue_drop_evicted,,
5491,03:39.640,1791382856.9284055,1791382856.9284055,355.06,yes,queue_full_evicted_by_newer_frame,,,0,,,,,never validated (dropped before inference),,,,,queue_drop_evicted,,
5496,03:39.840,1791382857.1054199,1791382857.1054199,191.36,no,,200,200,1,PitchDetectError: response held no keypoints,False,0,,no keypoints to validate,,calibration_expired,,437.34,no_keypoints,response held no keypoints,0
5501,03:40.040,1791382857.2833667,1791382857.2833667,363.09,yes,queue_full_evicted_by_newer_frame,,,0,,,,,never validated (dropped before inference),,,,,queue_drop_evicted,,
5506,03:40.240,1791382857.4661014,1791382857.4661014,270.5,no,,200,200,1,PitchDetectError: response held no keypoints,False,0,,no keypoints to validate,,calibration_expired,,780.4,no_keypoints,response held no keypoints,0
5511,03:40.440,1791382857.6465678,1791382857.6465678,361.19,yes,queue_full_evicted_by_newer_frame,,,0,,,,,never validated (dropped before inference),,,,,queue_drop_evicted,,
5516,03:40.640,1791382857.8253026,1791382857.8253026,365.51,yes,queue_full_evicted_by_newer_frame,,,0,,,,,never validated (dropped before inference),,,,,queue_drop_evicted,,
5521,03:40.840,1791382858.007631,1791382858.007631,359.39,yes,queue_full_evicted_by_newer_frame,,,0,,,,,never validated (dropped before inference),,,,,queue_drop_evicted,,
5526,03:41.040,1791382858.1907847,1791382858.1907847,326.65,no,,200,200,1,PitchDetectError: response held no keypoints,False,0,,no keypoints to validate,,calibration_expired,,438.41,no_keypoints,response held no keypoints,0
5531,03:41.240,1791382858.3666635,1791382858.3666635,357.44,yes,queue_full_evicted_by_newer_frame,,,0,,,,,never validated (dropped before inference),,,,,queue_drop_evicted,,
5536,03:41.440,1791382858.5502467,1791382858.5502467,339.15,yes,queue_full_evicted_by_newer_frame,,,0,,,,,never validated (dropped before inference),,,,,queue_drop_evicted,,
5541,03:41.640,1791382858.7227526,1791382858.7227526,231.23,no,,200,200,1,PitchDetectError: response held no keypoints,False,0,,no keypoints to validate,,calibration_expired,,414.25,no_keypoints,response held no keypoints,0
5546,03:41.840,1791382858.890083,1791382858.890083,352.42,yes,queue_full_evicted_by_newer_frame,,,0,,,,,never validated (dropped before inference),,,,,queue_drop_evicted,,
5551,03:42.040,1791382859.065608,1791382859.065608,304.99,no,,200,200,1,PitchDetectError: response held no keypoints,False,0,,no keypoints to validate,,calibration_expired,,420.55,no_keypoints,response held no keypoints,0
5556,03:42.240,1791382859.2423403,1791382859.2423403,392.61,yes,queue_full_evicted_by_newer_frame,,,0,,,,,never validated (dropped before inference),,,,,queue_drop_evicted,,
5561,03:42.440,1791382859.4625378,1791382859.4625378,328.13,no,,200,200,1,PitchDetectError: response held no keypoints,False,0,,no keypoints to validate,,calibration_expired,,416.77,no_keypoints,response held no keypoints,0
5566,03:42.640,1791382859.634896,1791382859.634896,365.49,yes,queue_full_evicted_by_newer_frame,,,0,,,,,never validated (dropped before inference),,,,,queue_drop_evicted,,
5571,03:42.840,1791382859.8119137,1791382859.8119137,370.14,yes,queue_full_evicted_by_newer_frame,,,0,,,,,never validated (dropped before inference),,,,,queue_drop_evicted,,
5576,03:43.040,1791382860.000265,1791382860.000265,208.16,no,,200,200,1,PitchDetectError: response held no keypoints,False,0,,no keypoints to validate,,calibration_expired,,436.09,no_keypoints,response held no keypoints,0
5581,03:43.240,1791382860.1816723,1791382860.1816723,354.46,yes,queue_full_evicted_by_newer_frame,,,0,,,,,never validated (dropped before inference),,,,,queue_drop_evicted,,
5586,03:43.440,1791382860.3683686,1791382860.3683686,276.24,no,,200,200,1,PitchDetectError: response held no keypoints,False,0,,no keypoints to validate,,calibration_expired,,452.67,no_keypoints,response held no keypoints,0
5591,03:43.640,1791382860.5366051,1791382860.5366051,336.62,yes,queue_full_evicted_by_newer_frame,,,0,,,,,never validated (dropped before inference),,,,,queue_drop_evicted,,
5596,03:43.840,1791382860.702966,1791382860.702966,343.42,yes,queue_full_evicted_by_newer_frame,,,0,,,,,never validated (dropped before inference),,,,,queue_drop_evicted,,
5601,03:44.040,1791382860.8731637,1791382860.8731637,224.56,no,,200,200,1,PitchDetectError: response held no keypoints,False,0,,no keypoints to validate,,calibration_expired,,409.06,no_keypoints,response held no keypoints,0
5606,03:44.240,1791382861.0469315,1791382861.0469315,373.11,yes,queue_full_evicted_by_newer_frame,,,0,,,,,never validated (dropped before inference),,,,,queue_drop_evicted,,
5611,03:44.440,1791382861.22153,1791382861.22153,285.1,no,,200,200,1,PitchDetectError: response held no keypoints,False,0,,no keypoints to validate,,calibration_expired,,432.78,no_keypoints,response held no keypoints,0
5616,03:44.640,1791382861.4197843,1791382861.4197843,383.74,yes,queue_full_evicted_by_newer_frame,,,0,,,,,never validated (dropped before inference),,,,,queue_drop_evicted,,
5621,03:44.840,1791382861.6048808,1791382861.6048808,334.85,no,,200,200,1,PitchDetectError: response held no keypoints,False,0,,no keypoints to validate,,calibration_expired,,430.03,no_keypoints,response held no keypoints,0
5626,03:45.040,1791382861.8038378,1791382861.8038378,365.12,yes,queue_full_evicted_by_newer_frame,,,0,,,,,never validated (dropped before inference),,,,,queue_drop_evicted,,
5631,03:45.240,1791382861.9861171,1791382861.9861171,362.81,yes,queue_full_evicted_by_newer_frame,,,0,,,,,never validated (dropped before inference),,,,,queue_drop_evicted,,
5636,03:45.440,1791382862.168974,1791382862.168974,202.21,no,,200,200,1,PitchDetectError: response held no keypoints,False,0,,no keypoints to validate,,calibration_expired,,448.03,no_keypoints,response held no keypoints,0
5641,03:45.640,1791382862.347908,1791382862.347908,359.14,yes,queue_full_evicted_by_newer_frame,,,0,,,,,never validated (dropped before inference),,,,,queue_drop_evicted,,
5646,03:45.840,1791382862.529511,1791382862.529511,289.33,no,,200,200,1,PitchDetectError: response held no keypoints,False,0,,no keypoints to validate,,calibration_expired,,461.05,no_keypoints,response held no keypoints,0
5651,03:46.040,1791382862.708282,1791382862.708282,572.54,no,,200,200,1,PitchDetectError: response held no keypoints,False,0,,no keypoints to validate,,calibration_expired,,704.65,no_keypoints,response held no keypoints,0
5656,03:46.240,1791382862.8894093,1791382862.8894093,1095.32,no,,200,200,1,PitchDetectError: response held no keypoints,False,0,,no keypoints to validate,,calibration_expired,,462.67,no_keypoints,response held no keypoints,0
5661,03:46.440,1791382865.4534383,1791382865.4534383,0.49,no,,200,200,1,PitchDetectError: response held no keypoints,False,0,,no keypoints to validate,,calibration_expired,,631.88,no_keypoints,response held no keypoints,0
5666,03:46.640,1791382865.646752,1791382865.646752,372.45,yes,queue_full_evicted_by_newer_frame,,,0,,,,,never validated (dropped before inference),,,,,queue_drop_evicted,,
5671,03:46.840,1791382865.839616,1791382865.839616,246.11,no,,200,200,1,PitchDetectError: response held no keypoints,False,0,,no keypoints to validate,,calibration_expired,,484.58,no_keypoints,response held no keypoints,0
5676,03:47.040,1791382866.0211582,1791382866.0211582,373.69,yes,queue_full_evicted_by_newer_frame,,,0,,,,,never validated (dropped before inference),,,,,queue_drop_evicted,,
5681,03:47.240,1791382866.2030907,1791382866.2030907,367.62,no,,200,200,1,PitchDetectError: response held no keypoints,False,0,,no keypoints to validate,,calibration_expired,,487.92,no_keypoints,response held no keypoints,0
5686,03:47.440,1791382866.3948853,1791382866.3948853,427.43,yes,queue_full_evicted_by_newer_frame,,,0,,,,,never validated (dropped before inference),,,,,queue_drop_evicted,,
5691,03:47.640,1791382866.5844138,1791382866.5844138,416.14,yes,queue_full_evicted_by_newer_frame,,,0,,,,,never validated (dropped before inference),,,,,queue_drop_evicted,,
5696,03:47.840,1791382866.821845,1791382866.821845,237.67,no,,200,200,1,PitchDetectError: response held no keypoints,False,0,,no keypoints to validate,,calibration_expired,,477.29,no_keypoints,response held no keypoints,0
5701,03:48.040,1791382867.0009174,1791382867.0009174,379.12,yes,queue_full_evicted_by_newer_frame,,,0,,,,,never validated (dropped before inference),,,,,queue_drop_evicted,,
5706,03:48.240,1791382867.1916697,1791382867.1916697,345.16,no,,200,200,1,PitchDetectError: response held no keypoints,False,0,,no keypoints to validate,,calibration_expired,,499.26,no_keypoints,response held no keypoints,0
5711,03:48.440,1791382867.3803043,1791382867.3803043,373.28,yes,queue_full_evicted_by_newer_frame,,,0,,,,,never validated (dropped before inference),,,,,queue_drop_evicted,,
5716,03:48.640,1791382867.561462,1791382867.561462,375.58,yes,queue_full_evicted_by_newer_frame,,,0,,,,,never validated (dropped before inference),,,,,queue_drop_evicted,,
5721,03:48.840,1791382867.7530172,1791382867.7530172,283.3,no,,200,200,1,PitchDetectError: response held no keypoints,False,0,,no keypoints to validate,,calibration_expired,,515.91,no_keypoints,response held no keypoints,0
5726,03:49.040,1791382867.937662,1791382867.937662,390.59,yes,queue_full_evicted_by_newer_frame,,,0,,,,,never validated (dropped before inference),,,,,queue_drop_evicted,,
5731,03:49.240,1791382868.1337037,1791382868.1337037,376.52,yes,queue_full_evicted_by_newer_frame,,,0,,,,,never validated (dropped before inference),,,,,queue_drop_evicted,,
5736,03:49.440,1791382868.3286006,1791382868.3286006,224.26,no,,200,200,1,PitchDetectError: response held no keypoints,False,0,,no keypoints to validate,,calibration_expired,,545.04,no_keypoints,response held no keypoints,0
5741,03:49.640,1791382868.5100014,1791382868.5100014,373.04,yes,queue_full_evicted_by_newer_frame,,,0,,,,,never validated (dropped before inference),,,,,queue_drop_evicted,,
5746,03:49.840,1791382868.6941574,1791382868.6941574,372.9,yes,queue_full_evicted_by_newer_frame,,,0,,,,,never validated (dropped before inference),,,,,queue_drop_evicted,,
5751,03:50.040,1791382868.883677,1791382868.883677,215.16,no,,200,200,1,PitchDetectError: response held no keypoints,False,0,,no keypoints to validate,,calibration_expired,,449.15,no_keypoints,response held no keypoints,0
5756,03:50.240,1791382869.0680633,1791382869.0680633,362.49,yes,queue_full_evicted_by_newer_frame,,,0,,,,,never validated (dropped before inference),,,,,queue_drop_evicted,,
5761,03:50.440,1791382869.2570305,1791382869.2570305,290.41,no,,200,200,1,PitchDetectError: response held no keypoints,False,0,,no keypoints to validate,,calibration_expired,,456.54,no_keypoints,response held no keypoints,0
5766,03:50.640,1791382869.4303036,1791382869.4303036,369.84,yes,queue_full_evicted_by_newer_frame,,,0,,,,,never validated (dropped before inference),,,,,queue_drop_evicted,,
5771,03:50.840,1791382869.6126244,1791382869.6126244,364.65,yes,queue_full_evicted_by_newer_frame,,,0,,,,,never validated (dropped before inference),,,,,queue_drop_evicted,,
5776,03:51.040,1791382869.799058,1791382869.799058,205.0,no,,200,200,1,PitchDetectError: response held no keypoints,False,0,,no keypoints to validate,,calibration_expired,,444.64,no_keypoints,response held no keypoints,0
5781,03:51.240,1791382869.9782863,1791382869.9782863,346.82,yes,queue_full_evicted_by_newer_frame,,,0,,,,,never validated (dropped before inference),,,,,queue_drop_evicted,,
5786,03:51.440,1791382870.153017,1791382870.153017,296.6,no,,200,200,1,PitchDetectError: response held no keypoints,False,0,,no keypoints to validate,,calibration_expired,,454.23,no_keypoints,response held no keypoints,0
5791,03:51.640,1791382870.3251524,1791382870.3251524,346.69,yes,queue_full_evicted_by_newer_frame,,,0,,,,,never validated (dropped before inference),,,,,queue_drop_evicted,,
5796,03:51.840,1791382870.4994133,1791382870.4994133,341.33,yes,queue_full_evicted_by_newer_frame,,,0,,,,,never validated (dropped before inference),,,,,queue_drop_evicted,,
5801,03:52.040,1791382870.6716082,1791382870.6716082,232.95,no,,200,200,1,PitchDetectError: response held no keypoints,False,0,,no keypoints to validate,,calibration_expired,,438.14,no_keypoints,response held no keypoints,0
5806,03:52.240,1791382870.8393543,1791382870.8393543,338.47,yes,queue_full_evicted_by_newer_frame,,,0,,,,,never validated (dropped before inference),,,,,queue_drop_evicted,,
5811,03:52.440,1791382871.0140524,1791382871.0140524,328.99,no,,200,200,1,PitchDetectError: response held no keypoints,False,0,,no keypoints to validate,,calibration_expired,,618.94,no_keypoints,response held no keypoints,0
5816,03:52.640,1791382871.179709,1791382871.179709,335.42,yes,queue_full_evicted_by_newer_frame,,,0,,,,,never validated (dropped before inference),,,,,queue_drop_evicted,,
5821,03:52.840,1791382871.3462515,1791382871.3462515,335.72,yes,queue_full_evicted_by_newer_frame,,,0,,,,,never validated (dropped before inference),,,,,queue_drop_evicted,,
5826,03:53.040,1791382871.5144286,1791382871.5144286,336.87,yes,queue_full_evicted_by_newer_frame,,,0,,,,,never validated (dropped before inference),,,,,queue_drop_evicted,,
5831,03:53.240,1791382871.6830723,1791382871.6830723,278.97,no,,200,200,1,PitchDetectError: response held no keypoints,False,0,,no keypoints to validate,,calibration_expired,,423.89,no_keypoints,response held no keypoints,0
5836,03:53.440,1791382871.851732,1791382871.851732,351.72,yes,queue_full_evicted_by_newer_frame,,,0,,,,,never validated (dropped before inference),,,,,queue_drop_evicted,,
5841,03:53.640,1791382872.0274985,1791382872.0274985,354.21,yes,queue_full_evicted_by_newer_frame,,,0,,,,,never validated (dropped before inference),,,,,queue_drop_evicted,,
5846,03:53.840,1791382872.203411,1791382872.203411,183.06,no,,200,200,1,PitchDetectError: response held no keypoints,False,0,,no keypoints to validate,,calibration_expired,,449.33,no_keypoints,response held no keypoints,0
5851,03:54.040,1791382872.381968,1791382872.381968,354.76,yes,queue_full_evicted_by_newer_frame,,,0,,,,,never validated (dropped before inference),,,,,queue_drop_evicted,,
5856,03:54.240,1791382872.5620959,1791382872.5620959,273.18,no,,200,200,1,PitchDetectError: response held no keypoints,False,0,,no keypoints to validate,,calibration_expired,,446.15,no_keypoints,response held no keypoints,0
5861,03:54.440,1791382872.7366557,1791382872.7366557,340.8,yes,queue_full_evicted_by_newer_frame,,,0,,,,,never validated (dropped before inference),,,,,queue_drop_evicted,,
5866,03:54.640,1791382872.9130757,1791382872.9130757,336.93,yes,queue_full_evicted_by_newer_frame,,,0,,,,,never validated (dropped before inference),,,,,queue_drop_evicted,,
5871,03:54.840,1791382873.0773132,1791382873.0773132,204.54,no,,200,200,1,PitchDetectError: response held no keypoints,False,0,,no keypoints to validate,,calibration_expired,,427.79,no_keypoints,response held no keypoints,0
5876,03:55.040,1791382873.2503583,1791382873.2503583,339.9,yes,queue_full_evicted_by_newer_frame,,,0,,,,,never validated (dropped before inference),,,,,queue_drop_evicted,,
5881,03:55.240,1791382873.4220517,1791382873.4220517,287.02,no,,200,200,1,PitchDetectError: response held no keypoints,False,0,,no keypoints to validate,,calibration_expired,,422.45,no_keypoints,response held no keypoints,0
5886,03:55.440,1791382873.5909517,1791382873.5909517,348.14,yes,queue_full_evicted_by_newer_frame,,,0,,,,,never validated (dropped before inference),,,,,queue_drop_evicted,,
5891,03:55.640,1791382873.7661645,1791382873.7661645,351.16,yes,queue_full_evicted_by_newer_frame,,,0,,,,,never validated (dropped before inference),,,,,queue_drop_evicted,,
5896,03:55.840,1791382873.9368808,1791382873.9368808,194.11,no,,200,200,1,PitchDetectError: response held no keypoints,False,0,,no keypoints to validate,,calibration_expired,,425.28,no_keypoints,response held no keypoints,0
5901,03:56.040,1791382874.1172292,1791382874.1172292,368.58,yes,queue_full_evicted_by_newer_frame,,,0,,,,,never validated (dropped before inference),,,,,queue_drop_evicted,,
5906,03:56.240,1791382874.3015606,1791382874.3015606,256.55,no,,200,200,1,PitchDetectError: response held no keypoints,False,0,,no keypoints to validate,,calibration_expired,,439.64,no_keypoints,response held no keypoints,0
5911,03:56.440,1791382874.4857354,1791382874.4857354,353.8,yes,queue_full_evicted_by_newer_frame,,,0,,,,,never validated (dropped before inference),,,,,queue_drop_evicted,,
5916,03:56.640,1791382874.6628692,1791382874.6628692,335.41,no,,200,200,1,PitchDetectError: response held no keypoints,False,0,,no keypoints to validate,,calibration_expired,,446.65,no_keypoints,response held no keypoints,0
5921,03:56.840,1791382874.8379862,1791382874.8379862,377.72,yes,queue_full_evicted_by_newer_frame,,,0,,,,,never validated (dropped before inference),,,,,queue_drop_evicted,,
5926,03:57.040,1791382875.0323486,1791382875.0323486,367.91,yes,queue_full_evicted_by_newer_frame,,,0,,,,,never validated (dropped before inference),,,,,queue_drop_evicted,,
5931,03:57.240,1791382875.2180982,1791382875.2180982,227.5,no,,200,200,1,PitchDetectError: response held no keypoints,False,0,,no keypoints to validate,,calibration_expired,,458.7,no_keypoints,response held no keypoints,0
5936,03:57.440,1791382875.4008512,1791382875.4008512,360.62,yes,queue_full_evicted_by_newer_frame,,,0,,,,,never validated (dropped before inference),,,,,queue_drop_evicted,,
5941,03:57.640,1791382875.5759676,1791382875.5759676,327.63,no,,200,200,1,PitchDetectError: response held no keypoints,False,0,,no keypoints to validate,,calibration_expired,,458.05,no_keypoints,response held no keypoints,0
5946,03:57.840,1791382875.761593,1791382875.761593,364.15,yes,queue_full_evicted_by_newer_frame,,,0,,,,,never validated (dropped before inference),,,,,queue_drop_evicted,,
5951,03:58.040,1791382875.942599,1791382875.942599,368.61,yes,queue_full_evicted_by_newer_frame,,,0,,,,,never validated (dropped before inference),,,,,queue_drop_evicted,,
5956,03:58.240,1791382876.1248558,1791382876.1248558,237.17,no,,200,200,1,PitchDetectError: response held no keypoints,False,0,,no keypoints to validate,,calibration_expired,,446.94,no_keypoints,response held no keypoints,0
5961,03:58.440,1791382876.3105865,1791382876.3105865,345.94,yes,queue_full_evicted_by_newer_frame,,,0,,,,,never validated (dropped before inference),,,,,queue_drop_evicted,,
5966,03:58.640,1791382876.4831965,1791382876.4831965,326.41,no,,200,200,1,PitchDetectError: response held no keypoints,False,0,,no keypoints to validate,,calibration_expired,,435.16,no_keypoints,response held no keypoints,0
5971,03:58.840,1791382876.6568112,1791382876.6568112,350.87,yes,queue_full_evicted_by_newer_frame,,,0,,,,,never validated (dropped before inference),,,,,queue_drop_evicted,,
5976,03:59.040,1791382876.8363893,1791382876.8363893,366.43,yes,queue_full_evicted_by_newer_frame,,,0,,,,,never validated (dropped before inference),,,,,queue_drop_evicted,,
5981,03:59.240,1791382877.0060453,1791382877.0060453,237.18,no,,200,200,1,PitchDetectError: response held no keypoints,False,0,,no keypoints to validate,,calibration_expired,,454.17,no_keypoints,response held no keypoints,0
5986,03:59.440,1791382877.2031848,1791382877.2031848,390.64,yes,queue_full_evicted_by_newer_frame,,,0,,,,,never validated (dropped before inference),,,,,queue_drop_evicted,,
5991,03:59.640,1791382877.3933487,1791382877.3933487,302.96,no,,200,200,1,PitchDetectError: response held no keypoints,False,0,,no keypoints to validate,,calibration_expired,,457.01,no_keypoints,response held no keypoints,0
5996,03:59.840,1791382877.5918994,1791382877.5918994,372.71,yes,queue_full_evicted_by_newer_frame,,,0,,,,,never validated (dropped before inference),,,,,queue_drop_evicted,,
6001,04:00.040,1791382877.7825723,1791382877.7825723,368.47,yes,queue_full_evicted_by_newer_frame,,,0,,,,,never validated (dropped before inference),,,,,queue_drop_evicted,,
6006,04:00.240,1791382877.9655616,1791382877.9655616,190.72,no,,200,200,1,PitchDetectError: response held no keypoints,False,0,,no keypoints to validate,,calibration_expired,,485.37,no_keypoints,response held no keypoints,0
6011,04:00.440,1791382878.1516695,1791382878.1516695,370.43,yes,queue_full_evicted_by_newer_frame,,,0,,,,,never validated (dropped before inference),,,,,queue_drop_evicted,,
6016,04:00.640,1791382878.3418064,1791382878.3418064,299.79,no,,200,200,1,PitchDetectError: response held no keypoints,False,0,,no keypoints to validate,,calibration_expired,,498.41,no_keypoints,response held no keypoints,0
6021,04:00.840,1791382878.5216558,1791382878.5216558,372.6,yes,queue_full_evicted_by_newer_frame,,,0,,,,,never validated (dropped before inference),,,,,queue_drop_evicted,,
6026,04:01.040,1791382878.7147882,1791382878.7147882,372.47,yes,queue_full_evicted_by_newer_frame,,,0,,,,,never validated (dropped before inference),,,,,queue_drop_evicted,,
6031,04:01.240,1791382878.8944786,1791382878.8944786,246.68,no,,200,200,1,PitchDetectError: response held no keypoints,False,0,,no keypoints to validate,,calibration_expired,,470.49,no_keypoints,response held no keypoints,0
6036,04:01.440,1791382879.0877354,1791382879.0877354,377.9,yes,queue_full_evicted_by_newer_frame,,,0,,,,,never validated (dropped before inference),,,,,queue_drop_evicted,,
6041,04:01.640,1791382879.2817972,1791382879.2817972,329.14,no,,200,200,1,PitchDetectError: response held no keypoints,False,0,,no keypoints to validate,,calibration_expired,,452.93,no_keypoints,response held no keypoints,0
6046,04:01.840,1791382879.4639306,1791382879.4639306,376.7,yes,queue_full_evicted_by_newer_frame,,,0,,,,,never validated (dropped before inference),,,,,queue_drop_evicted,,
6051,04:02.040,1791382879.656147,1791382879.656147,376.19,yes,queue_full_evicted_by_newer_frame,,,0,,,,,never validated (dropped before inference),,,,,queue_drop_evicted,,
6056,04:02.240,1791382879.8423183,1791382879.8423183,222.32,no,,200,200,1,PitchDetectError: response held no keypoints,False,0,,no keypoints to validate,,calibration_expired,,465.28,no_keypoints,response held no keypoints,0
6061,04:02.440,1791382880.0327487,1791382880.0327487,361.29,yes,queue_full_evicted_by_newer_frame,,,0,,,,,never validated (dropped before inference),,,,,queue_drop_evicted,,
6066,04:02.640,1791382880.2132752,1791382880.2132752,314.6,no,,200,200,1,PitchDetectError: response held no keypoints,False,0,,no keypoints to validate,,calibration_expired,,475.29,no_keypoints,response held no keypoints,0
6071,04:02.840,1791382880.393527,1791382880.393527,388.51,yes,queue_full_evicted_by_newer_frame,,,0,,,,,never validated (dropped before inference),,,,,queue_drop_evicted,,
6076,04:03.040,1791382880.5818655,1791382880.5818655,391.71,yes,queue_full_evicted_by_newer_frame,,,0,,,,,never validated (dropped before inference),,,,,queue_drop_evicted,,
6081,04:03.240,1791382880.782633,1791382880.782633,223.11,no,,200,200,1,PitchDetectError: response held no keypoints,False,0,,no keypoints to validate,,calibration_expired,,450.1,no_keypoints,response held no keypoints,0
6086,04:03.440,1791382880.973435,1791382880.973435,378.39,yes,queue_full_evicted_by_newer_frame,,,0,,,,,never validated (dropped before inference),,,,,queue_drop_evicted,,
6091,04:03.640,1791382881.1708252,1791382881.1708252,285.59,no,,200,200,1,PitchDetectError: response held no keypoints,False,0,,no keypoints to validate,,calibration_expired,,476.35,no_keypoints,response held no keypoints,0
6096,04:03.840,1791382881.3519828,1791382881.3519828,341.44,yes,queue_full_evicted_by_newer_frame,,,0,,,,,never validated (dropped before inference),,,,,queue_drop_evicted,,
6101,04:04.040,1791382881.5209117,1791382881.5209117,353.44,yes,queue_full_evicted_by_newer_frame,,,0,,,,,never validated (dropped before inference),,,,,queue_drop_evicted,,
6106,04:04.240,1791382881.6928575,1791382881.6928575,239.17,no,,200,200,1,PitchDetectError: response held no keypoints,False,0,,no keypoints to validate,,calibration_expired,,438.67,no_keypoints,response held no keypoints,0
6111,04:04.440,1791382881.874844,1791382881.874844,497.01,no,,200,200,1,PitchDetectError: response held no keypoints,False,0,,no keypoints to validate,,calibration_expired,,444.37,no_keypoints,response held no keypoints,0
6116,04:04.640,1791382883.2929354,1791382883.2929354,0.41,no,,200,200,1,PitchDetectError: response held no keypoints,False,0,,no keypoints to validate,,calibration_expired,,450.06,no_keypoints,response held no keypoints,0
6121,04:04.840,1791382883.4815497,1791382883.4815497,261.8,no,,200,200,1,PitchDetectError: response held no keypoints,False,0,,no keypoints to validate,,calibration_expired,,641.28,no_keypoints,response held no keypoints,0
6126,04:05.040,1791382883.6994207,1791382883.6994207,368.93,yes,queue_full_evicted_by_newer_frame,,,0,,,,,never validated (dropped before inference),,,,,queue_drop_evicted,,
6131,04:05.240,1791382883.8867135,1791382883.8867135,353.06,yes,queue_full_evicted_by_newer_frame,,,0,,,,,never validated (dropped before inference),,,,,queue_drop_evicted,,
6136,04:05.440,1791382884.066592,1791382884.066592,316.06,no,,200,200,1,PitchDetectError: response held no keypoints,False,0,,no keypoints to validate,,calibration_expired,,433.41,no_keypoints,response held no keypoints,0
6141,04:05.640,1791382884.2407808,1791382884.2407808,373.91,yes,queue_full_evicted_by_newer_frame,,,0,,,,,never validated (dropped before inference),,,,,queue_drop_evicted,,
6146,04:05.840,1791382884.4280283,1791382884.4280283,371.79,yes,queue_full_evicted_by_newer_frame,,,0,,,,,never validated (dropped before inference),,,,,queue_drop_evicted,,
6151,04:06.040,1791382884.6145163,1791382884.6145163,204.33,no,,200,200,1,PitchDetectError: response held no keypoints,False,0,,no keypoints to validate,,calibration_expired,,453.85,no_keypoints,response held no keypoints,0
6156,04:06.240,1791382884.8002677,1791382884.8002677,357.84,yes,queue_full_evicted_by_newer_frame,,,0,,,,,never validated (dropped before inference),,,,,queue_drop_evicted,,
6161,04:06.440,1791382884.976914,1791382884.976914,295.43,no,,200,200,1,PitchDetectError: response held no keypoints,False,0,,no keypoints to validate,,calibration_expired,,430.93,no_keypoints,response held no keypoints,0
6166,04:06.640,1791382885.1573555,1791382885.1573555,362.86,yes,queue_full_evicted_by_newer_frame,,,0,,,,,never validated (dropped before inference),,,,,queue_drop_evicted,,
6171,04:06.840,1791382885.3477163,1791382885.3477163,349.03,yes,queue_full_evicted_by_newer_frame,,,0,,,,,never validated (dropped before inference),,,,,queue_drop_evicted,,
6176,04:07.040,1791382885.5189629,1791382885.5189629,183.77,no,,200,200,1,PitchDetectError: response held no keypoints,False,0,,no keypoints to validate,,calibration_expired,,433.37,no_keypoints,response held no keypoints,0
6181,04:07.240,1791382885.6971085,1791382885.6971085,346.01,yes,queue_full_evicted_by_newer_frame,,,0,,,,,never validated (dropped before inference),,,,,queue_drop_evicted,,
6186,04:07.440,1791382885.8665812,1791382885.8665812,270.8,no,,200,200,1,PitchDetectError: response held no keypoints,False,0,,no keypoints to validate,,calibration_expired,,468.46,no_keypoints,response held no keypoints,0
6191,04:07.640,1791382886.0435112,1791382886.0435112,350.39,yes,queue_full_evicted_by_newer_frame,,,0,,,,,never validated (dropped before inference),,,,,queue_drop_evicted,,
6196,04:07.840,1791382886.219817,1791382886.219817,342.09,yes,queue_full_evicted_by_newer_frame,,,0,,,,,never validated (dropped before inference),,,,,queue_drop_evicted,,
6201,04:08.040,1791382886.3929439,1791382886.3929439,213.0,no,,200,200,1,PitchDetectError: response held no keypoints,False,0,,no keypoints to validate,,calibration_expired,,430.68,no_keypoints,response held no keypoints,0
6206,04:08.240,1791382886.5622268,1791382886.5622268,350.3,yes,queue_full_evicted_by_newer_frame,,,0,,,,,never validated (dropped before inference),,,,,queue_drop_evicted,,
6211,04:08.440,1791382886.7336204,1791382886.7336204,301.67,no,,200,200,1,PitchDetectError: response held no keypoints,False,0,,no keypoints to validate,,calibration_expired,,417.29,no_keypoints,response held no keypoints,0
6216,04:08.640,1791382886.9127662,1791382886.9127662,364.7,yes,queue_full_evicted_by_newer_frame,,,0,,,,,never validated (dropped before inference),,,,,queue_drop_evicted,,
6221,04:08.840,1791382887.0926993,1791382887.0926993,361.54,no,,200,200,1,PitchDetectError: response held no keypoints,False,0,,no keypoints to validate,,calibration_expired,,443.03,no_keypoints,response held no keypoints,0
6226,04:09.040,1791382887.2759335,1791382887.2759335,382.13,yes,queue_full_evicted_by_newer_frame,,,0,,,,,never validated (dropped before inference),,,,,queue_drop_evicted,,
6231,04:09.240,1791382887.4656339,1791382887.4656339,383.06,yes,queue_full_evicted_by_newer_frame,,,0,,,,,never validated (dropped before inference),,,,,queue_drop_evicted,,
6236,04:09.440,1791382887.6593084,1791382887.6593084,238.71,no,,200,200,1,PitchDetectError: response held no keypoints,False,0,,no keypoints to validate,,calibration_expired,,464.85,no_keypoints,response held no keypoints,0
6241,04:09.640,1791382887.8486512,1791382887.8486512,388.93,yes,queue_full_evicted_by_newer_frame,,,0,,,,,never validated (dropped before inference),,,,,queue_drop_evicted,,
6246,04:09.840,1791382888.0442326,1791382888.0442326,318.85,no,,200,200,1,PitchDetectError: response held no keypoints,False,0,,no keypoints to validate,,calibration_expired,,431.21,no_keypoints,response held no keypoints,0
6251,04:10.040,1791382888.2372484,1791382888.2372484,355.54,yes,queue_full_evicted_by_newer_frame,,,0,,,,,never validated (dropped before inference),,,,,queue_drop_evicted,,
6256,04:10.240,1791382888.422038,1791382888.422038,348.26,yes,queue_full_evicted_by_newer_frame,,,0,,,,,never validated (dropped before inference),,,,,queue_drop_evicted,,
6261,04:10.440,1791382888.5926342,1791382888.5926342,201.68,no,,200,200,1,PitchDetectError: response held no keypoints,False,0,,no keypoints to validate,,calibration_expired,,442.65,no_keypoints,response held no keypoints,0
6266,04:10.640,1791382888.771553,1791382888.771553,354.32,yes,queue_full_evicted_by_newer_frame,,,0,,,,,never validated (dropped before inference),,,,,queue_drop_evicted,,
6271,04:10.840,1791382888.9483316,1791382888.9483316,289.07,no,,200,200,1,PitchDetectError: response held no keypoints,False,0,,no keypoints to validate,,calibration_expired,,437.85,no_keypoints,response held no keypoints,0
6276,04:11.040,1791382889.1257362,1791382889.1257362,549.93,no,,200,200,1,PitchDetectError: response held no keypoints,False,0,,no keypoints to validate,,calibration_expired,,448.4,no_keypoints,response held no keypoints,0
6281,04:11.240,1791382890.5676336,1791382890.5676336,0.29,no,,200,200,1,PitchDetectError: response held no keypoints,False,0,,no keypoints to validate,,calibration_expired,,483.64,no_keypoints,response held no keypoints,0
6286,04:11.440,1791382890.7575088,1791382890.7575088,294.79,no,,200,200,1,PitchDetectError: response held no keypoints,False,0,,no keypoints to validate,,calibration_expired,,476.34,no_keypoints,response held no keypoints,0
6291,04:11.640,1791382890.9543338,1791382890.9543338,378.69,yes,queue_full_evicted_by_newer_frame,,,0,,,,,never validated (dropped before inference),,,,,queue_drop_evicted,,
6296,04:11.840,1791382891.1494415,1791382891.1494415,360.15,yes,queue_full_evicted_by_newer_frame,,,0,,,,,never validated (dropped before inference),,,,,queue_drop_evicted,,
6301,04:12.040,1791382891.331762,1791382891.331762,195.75,no,,200,200,1,PitchDetectError: response held no keypoints,False,0,,no keypoints to validate,,calibration_expired,,474.5,no_keypoints,response held no keypoints,0
6306,04:12.240,1791382891.509877,1791382891.509877,384.24,yes,queue_full_evicted_by_newer_frame,,,0,,,,,never validated (dropped before inference),,,,,queue_drop_evicted,,
6311,04:12.440,1791382891.7061453,1791382891.7061453,297.09,no,,200,200,1,PitchDetectError: response held no keypoints,False,0,,no keypoints to validate,,calibration_expired,,461.04,no_keypoints,response held no keypoints,0
6316,04:12.640,1791382891.8939738,1791382891.8939738,403.53,yes,queue_full_evicted_by_newer_frame,,,0,,,,,never validated (dropped before inference),,,,,queue_drop_evicted,,
6321,04:12.840,1791382892.112055,1791382892.112055,348.16,no,,200,200,1,PitchDetectError: response held no keypoints,False,0,,no keypoints to validate,,calibration_expired,,456.05,no_keypoints,response held no keypoints,0
6326,04:13.040,1791382892.2975652,1791382892.2975652,349.14,yes,queue_full_evicted_by_newer_frame,,,0,,,,,never validated (dropped before inference),,,,,queue_drop_evicted,,
6331,04:13.240,1791382892.4743803,1791382892.4743803,357.91,yes,queue_full_evicted_by_newer_frame,,,0,,,,,never validated (dropped before inference),,,,,queue_drop_evicted,,
6336,04:13.440,1791382892.6467307,1791382892.6467307,274.55,no,,200,200,1,PitchDetectError: response held no keypoints,False,0,,no keypoints to validate,,calibration_expired,,459.51,no_keypoints,response held no keypoints,0
6341,04:13.640,1791382892.8319452,1791382892.8319452,354.79,yes,queue_full_evicted_by_newer_frame,,,0,,,,,never validated (dropped before inference),,,,,queue_drop_evicted,,
6346,04:13.840,1791382893.011779,1791382893.011779,352.03,yes,queue_full_evicted_by_newer_frame,,,0,,,,,never validated (dropped before inference),,,,,queue_drop_evicted,,
6351,04:14.040,1791382893.1871324,1791382893.1871324,193.94,no,,200,200,1,PitchDetectError: response held no keypoints,False,0,,no keypoints to validate,,calibration_expired,,463.95,no_keypoints,response held no keypoints,0
6356,04:14.240,1791382893.3723292,1791382893.3723292,360.84,yes,queue_full_evicted_by_newer_frame,,,0,,,,,never validated (dropped before inference),,,,,queue_drop_evicted,,
6361,04:14.440,1791382893.5637941,1791382893.5637941,280.87,no,,200,200,1,PitchDetectError: response held no keypoints,False,0,,no keypoints to validate,,calibration_expired,,467.5,no_keypoints,response held no keypoints,0
6366,04:14.640,1791382893.7316704,1791382893.7316704,369.3,yes,queue_full_evicted_by_newer_frame,,,0,,,,,never validated (dropped before inference),,,,,queue_drop_evicted,,
6371,04:14.840,1791382893.9216564,1791382893.9216564,358.15,yes,queue_full_evicted_by_newer_frame,,,0,,,,,never validated (dropped before inference),,,,,queue_drop_evicted,,
6376,04:15.040,1791382894.1018245,1791382894.1018245,210.55,no,,200,200,1,PitchDetectError: response held no keypoints,False,0,,no keypoints to validate,,calibration_expired,,426.57,no_keypoints,response held no keypoints,0
6381,04:15.240,1791382894.280395,1791382894.280395,341.76,yes,queue_full_evicted_by_newer_frame,,,0,,,,,never validated (dropped before inference),,,,,queue_drop_evicted,,
6386,04:15.440,1791382894.4556968,1791382894.4556968,283.62,no,,200,200,1,PitchDetectError: response held no keypoints,False,0,,no keypoints to validate,,calibration_expired,,411.08,no_keypoints,response held no keypoints,0
6391,04:15.640,1791382894.6217904,1791382894.6217904,336.94,yes,queue_full_evicted_by_newer_frame,,,0,,,,,never validated (dropped before inference),,,,,queue_drop_evicted,,
6396,04:15.840,1791382894.7930565,1791382894.7930565,332.36,yes,queue_full_evicted_by_newer_frame,,,0,,,,,never validated (dropped before inference),,,,,queue_drop_evicted,,
6401,04:16.040,1791382894.958689,1791382894.958689,192.85,no,,200,200,1,PitchDetectError: response held no keypoints,False,0,,no keypoints to validate,,calibration_expired,,425.48,no_keypoints,response held no keypoints,0
6406,04:16.240,1791382895.1251683,1791382895.1251683,357.33,yes,queue_full_evicted_by_newer_frame,,,0,,,,,never validated (dropped before inference),,,,,queue_drop_evicted,,
6411,04:16.440,1791382895.3020751,1791382895.3020751,274.9,no,,200,200,1,PitchDetectError: response held no keypoints,False,0,,no keypoints to validate,,calibration_expired,,1447.94,no_keypoints,response held no keypoints,0
6416,04:16.640,1791382895.4818227,1791382895.4818227,378.8,yes,queue_full_evicted_by_newer_frame,,,0,,,,,never validated (dropped before inference),,,,,queue_drop_evicted,,
6421,04:16.840,1791382895.679653,1791382895.679653,350.91,yes,queue_full_evicted_by_newer_frame,,,0,,,,,never validated (dropped before inference),,,,,queue_drop_evicted,,
6426,04:17.040,1791382895.861807,1791382895.861807,360.66,yes,queue_full_evicted_by_newer_frame,,,0,,,,,never validated (dropped before inference),,,,,queue_drop_evicted,,
6431,04:17.240,1791382896.030925,1791382896.030925,378.72,yes,queue_full_evicted_by_newer_frame,,,0,,,,,never validated (dropped before inference),,,,,queue_drop_evicted,,
6436,04:17.440,1791382896.221965,1791382896.221965,372.57,yes,queue_full_evicted_by_newer_frame,,,0,,,,,never validated (dropped before inference),,,,,queue_drop_evicted,,
6441,04:17.640,1791382896.4096525,1791382896.4096525,370.37,yes,queue_full_evicted_by_newer_frame,,,0,,,,,never validated (dropped before inference),,,,,queue_drop_evicted,,
6446,04:17.840,1791382896.5948055,1791382896.5948055,365.46,yes,queue_full_evicted_by_newer_frame,,,0,,,,,never validated (dropped before inference),,,,,queue_drop_evicted,,
6451,04:18.040,1791382896.7796133,1791382896.7796133,245.8,no,,200,200,1,PitchDetectError: response held no keypoints,False,0,,no keypoints to validate,,calibration_expired,,432.38,no_keypoints,response held no keypoints,0
6456,04:18.240,1791382896.9600418,1791382896.9600418,356.92,yes,queue_full_evicted_by_newer_frame,,,0,,,,,never validated (dropped before inference),,,,,queue_drop_evicted,,
6461,04:18.440,1791382897.143977,1791382897.143977,314.41,no,,200,200,1,PitchDetectError: response held no keypoints,False,0,,no keypoints to validate,,calibration_expired,,1445.58,no_keypoints,response held no keypoints,0
6466,04:18.640,1791382897.3139367,1791382897.3139367,359.57,yes,queue_full_evicted_by_newer_frame,,,0,,,,,never validated (dropped before inference),,,,,queue_drop_evicted,,
6471,04:18.840,1791382897.5018942,1791382897.5018942,1402.15,no,,200,200,1,PitchDetectError: response held no keypoints,False,0,,no keypoints to validate,,calibration_expired,,446.29,no_keypoints,response held no keypoints,0
6476,04:19.040,1791382897.6758502,1791382897.6758502,1674.25,no,,200,200,1,PitchDetectError: response held no keypoints,False,0,,no keypoints to validate,,calibration_expired,,455.94,no_keypoints,response held no keypoints,0
6481,04:19.240,1791382899.8568668,1791382899.8568668,0.39,no,,200,200,1,PitchDetectError: response held no keypoints,False,0,,no keypoints to validate,,calibration_expired,,467.73,no_keypoints,response held no keypoints,0
6486,04:19.440,1791382900.0371003,1791382900.0371003,288.6,no,,200,200,1,PitchDetectError: response held no keypoints,False,0,,no keypoints to validate,,calibration_expired,,455.19,no_keypoints,response held no keypoints,0
6491,04:19.640,1791382900.2295544,1791382900.2295544,366.55,yes,queue_full_evicted_by_newer_frame,,,0,,,,,never validated (dropped before inference),,,,,queue_drop_evicted,,
6496,04:19.840,1791382900.4135866,1791382900.4135866,368.26,no,,200,200,1,PitchDetectError: response held no keypoints,False,0,,no keypoints to validate,,calibration_expired,,442.42,no_keypoints,response held no keypoints,0
6501,04:20.040,1791382900.595535,1791382900.595535,371.27,yes,queue_full_evicted_by_newer_frame,,,0,,,,,never validated (dropped before inference),,,,,queue_drop_evicted,,
6506,04:20.240,1791382900.7840323,1791382900.7840323,409.34,yes,queue_full_evicted_by_newer_frame,,,0,,,,,never validated (dropped before inference),,,,,queue_drop_evicted,,
6511,04:20.440,1791382900.9669428,1791382900.9669428,257.24,no,,200,200,1,PitchDetectError: response held no keypoints,False,0,,no keypoints to validate,,calibration_expired,,458.36,no_keypoints,response held no keypoints,0
6516,04:20.640,1791382901.1927168,1791382901.1927168,364.77,yes,queue_full_evicted_by_newer_frame,,,0,,,,,never validated (dropped before inference),,,,,queue_drop_evicted,,
6521,04:20.840,1791382901.3739066,1791382901.3739066,308.98,no,,200,200,1,PitchDetectError: response held no keypoints,False,0,,no keypoints to validate,,calibration_expired,,452.64,no_keypoints,response held no keypoints,0
6526,04:21.040,1791382901.5576036,1791382901.5576036,346.76,yes,queue_full_evicted_by_newer_frame,,,0,,,,,never validated (dropped before inference),,,,,queue_drop_evicted,,
6531,04:21.240,1791382901.7320282,1791382901.7320282,340.36,yes,queue_full_evicted_by_newer_frame,,,0,,,,,never validated (dropped before inference),,,,,queue_drop_evicted,,
6536,04:21.440,1791382901.9046352,1791382901.9046352,231.16,no,,200,200,1,PitchDetectError: response held no keypoints,False,0,,no keypoints to validate,,calibration_expired,,420.76,no_keypoints,response held no keypoints,0
6541,04:21.640,1791382902.0716443,1791382902.0716443,329.38,yes,queue_full_evicted_by_newer_frame,,,0,,,,,never validated (dropped before inference),,,,,queue_drop_evicted,,
6546,04:21.840,1791382902.2446783,1791382902.2446783,311.94,no,,200,200,1,PitchDetectError: response held no keypoints,False,0,,no keypoints to validate,,calibration_expired,,407.06,no_keypoints,response held no keypoints,0
6551,04:22.040,1791382902.4020107,1791382902.4020107,347.6,yes,queue_full_evicted_by_newer_frame,,,0,,,,,never validated (dropped before inference),,,,,queue_drop_evicted,,
6556,04:22.240,1791382902.5764053,1791382902.5764053,350.63,yes,queue_full_evicted_by_newer_frame,,,0,,,,,never validated (dropped before inference),,,,,queue_drop_evicted,,
6561,04:22.440,1791382902.7496762,1791382902.7496762,214.61,no,,200,200,1,PitchDetectError: response held no keypoints,False,0,,no keypoints to validate,,calibration_expired,,423.55,no_keypoints,response held no keypoints,0
6566,04:22.640,1791382902.9254746,1791382902.9254746,352.93,yes,queue_full_evicted_by_newer_frame,,,0,,,,,never validated (dropped before inference),,,,,queue_drop_evicted,,
6571,04:22.840,1791382903.0995245,1791382903.0995245,287.74,no,,200,200,1,PitchDetectError: response held no keypoints,False,0,,no keypoints to validate,,calibration_expired,,443.78,no_keypoints,response held no keypoints,0
6576,04:23.040,1791382903.279954,1791382903.279954,357.44,yes,queue_full_evicted_by_newer_frame,,,0,,,,,never validated (dropped before inference),,,,,queue_drop_evicted,,
6581,04:23.240,1791382903.4642344,1791382903.4642344,347.73,yes,queue_full_evicted_by_newer_frame,,,0,,,,,never validated (dropped before inference),,,,,queue_drop_evicted,,
6586,04:23.440,1791382903.6378782,1791382903.6378782,194.02,no,,200,200,1,PitchDetectError: response held no keypoints,False,0,,no keypoints to validate,,calibration_expired,,451.69,no_keypoints,response held no keypoints,0
6591,04:23.640,1791382903.8118958,1791382903.8118958,363.05,yes,queue_full_evicted_by_newer_frame,,,0,,,,,never validated (dropped before inference),,,,,queue_drop_evicted,,
6596,04:23.840,1791382903.9917095,1791382903.9917095,291.74,no,,200,200,1,PitchDetectError: response held no keypoints,False,0,,no keypoints to validate,,calibration_expired,,465.85,no_keypoints,response held no keypoints,0
6601,04:24.040,1791382904.17528,1791382904.17528,341.31,yes,queue_full_evicted_by_newer_frame,,,0,,,,,never validated (dropped before inference),,,,,queue_drop_evicted,,
6606,04:24.240,1791382904.3436394,1791382904.3436394,353.77,yes,queue_full_evicted_by_newer_frame,,,0,,,,,never validated (dropped before inference),,,,,queue_drop_evicted,,
6611,04:24.440,1791382904.5164554,1791382904.5164554,233.34,no,,200,200,1,PitchDetectError: response held no keypoints,False,0,,no keypoints to validate,,calibration_expired,,464.2,no_keypoints,response held no keypoints,0
6616,04:24.640,1791382904.6959822,1791382904.6959822,356.34,yes,queue_full_evicted_by_newer_frame,,,0,,,,,never validated (dropped before inference),,,,,queue_drop_evicted,,
6621,04:24.840,1791382904.8806407,1791382904.8806407,332.99,no,,200,200,1,PitchDetectError: response held no keypoints,False,0,,no keypoints to validate,,calibration_expired,,452.26,no_keypoints,response held no keypoints,0
6626,04:25.040,1791382905.0535345,1791382905.0535345,369.0,yes,queue_full_evicted_by_newer_frame,,,0,,,,,never validated (dropped before inference),,,,,queue_drop_evicted,,
6631,04:25.240,1791382905.2298617,1791382905.2298617,371.96,yes,queue_full_evicted_by_newer_frame,,,0,,,,,never validated (dropped before inference),,,,,queue_drop_evicted,,
6636,04:25.440,1791382905.4228399,1791382905.4228399,243.91,no,,200,200,1,PitchDetectError: response held no keypoints,False,0,,no keypoints to validate,,calibration_expired,,492.74,no_keypoints,response held no keypoints,0
6641,04:25.640,1791382905.601786,1791382905.601786,364.43,yes,queue_full_evicted_by_newer_frame,,,0,,,,,never validated (dropped before inference),,,,,queue_drop_evicted,,
6646,04:25.840,1791382905.78223,1791382905.78223,364.48,yes,queue_full_evicted_by_newer_frame,,,0,,,,,never validated (dropped before inference),,,,,queue_drop_evicted,,
6651,04:26.040,1791382905.965792,1791382905.965792,193.64,no,,200,200,1,PitchDetectError: response held no keypoints,False,0,,no keypoints to validate,,calibration_expired,,476.38,no_keypoints,response held no keypoints,0
6656,04:26.240,1791382906.147206,1791382906.147206,365.88,yes,queue_full_evicted_by_newer_frame,,,0,,,,,never validated (dropped before inference),,,,,queue_drop_evicted,,
6661,04:26.440,1791382906.3360946,1791382906.3360946,300.03,no,,200,200,1,PitchDetectError: response held no keypoints,False,0,,no keypoints to validate,,calibration_expired,,484.3,no_keypoints,response held no keypoints,0
6666,04:26.640,1791382906.5129607,1791382906.5129607,368.65,yes,queue_full_evicted_by_newer_frame,,,0,,,,,never validated (dropped before inference),,,,,queue_drop_evicted,,
6671,04:26.840,1791382906.7044747,1791382906.7044747,358.01,yes,queue_full_evicted_by_newer_frame,,,0,,,,,never validated (dropped before inference),,,,,queue_drop_evicted,,
6676,04:27.040,1791382906.8814983,1791382906.8814983,238.81,no,,200,200,1,PitchDetectError: response held no keypoints,False,0,,no keypoints to validate,,calibration_expired,,496.86,no_keypoints,response held no keypoints,0
6681,04:27.240,1791382907.0627708,1791382907.0627708,365.12,yes,queue_full_evicted_by_newer_frame,,,0,,,,,never validated (dropped before inference),,,,,queue_drop_evicted,,
6686,04:27.440,1791382907.248383,1791382907.248383,365.59,yes,queue_full_evicted_by_newer_frame,,,0,,,,,never validated (dropped before inference),,,,,queue_drop_evicted,,
6691,04:27.640,1791382907.4279404,1791382907.4279404,189.95,no,,200,200,1,PitchDetectError: response held no keypoints,False,0,,no keypoints to validate,,calibration_expired,,494.41,no_keypoints,response held no keypoints,0
6696,04:27.840,1791382907.6140218,1791382907.6140218,359.5,yes,queue_full_evicted_by_newer_frame,,,0,,,,,never validated (dropped before inference),,,,,queue_drop_evicted,,
6701,04:28.040,1791382907.8000188,1791382907.8000188,311.74,no,,200,200,1,PitchDetectError: response held no keypoints,False,0,,no keypoints to validate,,calibration_expired,,441.06,no_keypoints,response held no keypoints,0
6706,04:28.240,1791382907.9732265,1791382907.9732265,362.37,yes,queue_full_evicted_by_newer_frame,,,0,,,,,never validated (dropped before inference),,,,,queue_drop_evicted,,
6711,04:28.440,1791382908.157063,1791382908.157063,349.56,yes,queue_full_evicted_by_newer_frame,,,0,,,,,never validated (dropped before inference),,,,,queue_drop_evicted,,
6716,04:28.640,1791382908.3359277,1791382908.3359277,217.67,no,,200,200,1,PitchDetectError: response held no keypoints,False,0,,no keypoints to validate,,calibration_expired,,425.24,no_keypoints,response held no keypoints,0
6721,04:28.840,1791382908.506481,1791382908.506481,338.36,yes,queue_full_evicted_by_newer_frame,,,0,,,,,never validated (dropped before inference),,,,,queue_drop_evicted,,
6726,04:29.040,1791382908.6741977,1791382908.6741977,302.65,no,,200,200,1,PitchDetectError: response held no keypoints,False,0,,no keypoints to validate,,calibration_expired,,611.67,no_keypoints,response held no keypoints,0
6731,04:29.240,1791382908.84539,1791382908.84539,345.91,yes,queue_full_evicted_by_newer_frame,,,0,,,,,never validated (dropped before inference),,,,,queue_drop_evicted,,
6736,04:29.440,1791382909.0178287,1791382909.0178287,352.6,yes,queue_full_evicted_by_newer_frame,,,0,,,,,never validated (dropped before inference),,,,,queue_drop_evicted,,
6741,04:29.640,1791382909.1908457,1791382909.1908457,375.79,yes,queue_full_evicted_by_newer_frame,,,0,,,,,never validated (dropped before inference),,,,,queue_drop_evicted,,
6746,04:29.840,1791382909.3707554,1791382909.3707554,220.36,no,,200,200,1,PitchDetectError: response held no keypoints,False,0,,no keypoints to validate,,calibration_expired,,450.17,no_keypoints,response held no keypoints,0
6751,04:30.040,1791382909.5662515,1791382909.5662515,356.63,yes,queue_full_evicted_by_newer_frame,,,0,,,,,never validated (dropped before inference),,,,,queue_drop_evicted,,
6756,04:30.240,1791382909.7520232,1791382909.7520232,288.68,no,,200,200,1,PitchDetectError: response held no keypoints,False,0,,no keypoints to validate,,calibration_expired,,421.11,no_keypoints,response held no keypoints,0
6761,04:30.440,1791382909.922842,1791382909.922842,364.81,yes,queue_full_evicted_by_newer_frame,,,0,,,,,never validated (dropped before inference),,,,,queue_drop_evicted,,
6766,04:30.640,1791382910.111489,1791382910.111489,351.41,no,,200,200,1,PitchDetectError: response held no keypoints,False,0,,no keypoints to validate,,calibration_expired,,428.24,no_keypoints,response held no keypoints,0
6771,04:30.840,1791382910.287691,1791382910.287691,357.56,yes,queue_full_evicted_by_newer_frame,,,0,,,,,never validated (dropped before inference),,,,,queue_drop_evicted,,
6776,04:31.040,1791382910.4633098,1791382910.4633098,361.98,yes,queue_full_evicted_by_newer_frame,,,0,,,,,never validated (dropped before inference),,,,,queue_drop_evicted,,
6781,04:31.240,1791382910.6456847,1791382910.6456847,245.81,no,,200,200,1,PitchDetectError: response held no keypoints,False,0,,no keypoints to validate,,calibration_expired,,446.42,no_keypoints,response held no keypoints,0
6786,04:31.440,1791382910.8251383,1791382910.8251383,362.7,yes,queue_full_evicted_by_newer_frame,,,0,,,,,never validated (dropped before inference),,,,,queue_drop_evicted,,
6791,04:31.640,1791382910.999144,1791382910.999144,339.11,no,,200,200,1,PitchDetectError: response held no keypoints,False,0,,no keypoints to validate,,calibration_expired,,447.24,no_keypoints,response held no keypoints,0
6796,04:31.840,1791382911.188261,1791382911.188261,367.73,yes,queue_full_evicted_by_newer_frame,,,0,,,,,never validated (dropped before inference),,,,,queue_drop_evicted,,
6801,04:32.040,1791382911.3738017,1791382911.3738017,362.6,yes,queue_full_evicted_by_newer_frame,,,0,,,,,never validated (dropped before inference),,,,,queue_drop_evicted,,
6806,04:32.240,1791382911.5562453,1791382911.5562453,230.02,no,,200,200,1,PitchDetectError: response held no keypoints,False,0,,no keypoints to validate,,calibration_expired,,471.24,no_keypoints,response held no keypoints,0
6811,04:32.440,1791382911.7371848,1791382911.7371848,341.98,yes,queue_full_evicted_by_newer_frame,,,0,,,,,never validated (dropped before inference),,,,,queue_drop_evicted,,
6816,04:32.640,1791382911.9154546,1791382911.9154546,341.2,no,,200,200,1,PitchDetectError: response held no keypoints,False,0,,no keypoints to validate,,calibration_expired,,508.49,no_keypoints,response held no keypoints,0
6821,04:32.840,1791382912.0754259,1791382912.0754259,361.97,yes,queue_full_evicted_by_newer_frame,,,0,,,,,never validated (dropped before inference),,,,,queue_drop_evicted,,
6826,04:33.040,1791382912.2585258,1791382912.2585258,357.67,yes,queue_full_evicted_by_newer_frame,,,0,,,,,never validated (dropped before inference),,,,,queue_drop_evicted,,
6831,04:33.240,1791382912.4410768,1791382912.4410768,325.09,no,,200,200,1,PitchDetectError: response held no keypoints,False,0,,no keypoints to validate,,calibration_expired,,508.11,no_keypoints,response held no keypoints,0
6836,04:33.440,1791382912.6167295,1791382912.6167295,366.52,yes,queue_full_evicted_by_newer_frame,,,0,,,,,never validated (dropped before inference),,,,,queue_drop_evicted,,
6841,04:33.640,1791382912.7982645,1791382912.7982645,375.29,yes,queue_full_evicted_by_newer_frame,,,0,,,,,never validated (dropped before inference),,,,,queue_drop_evicted,,
6846,04:33.840,1791382912.9838717,1791382912.9838717,290.83,no,,200,200,1,PitchDetectError: response held no keypoints,False,0,,no keypoints to validate,,calibration_expired,,442.94,no_keypoints,response held no keypoints,0
6851,04:34.040,1791382913.1736693,1791382913.1736693,371.52,yes,queue_full_evicted_by_newer_frame,,,0,,,,,never validated (dropped before inference),,,,,queue_drop_evicted,,
6856,04:34.240,1791382913.362122,1791382913.362122,354.8,no,,200,200,1,PitchDetectError: response held no keypoints,False,0,,no keypoints to validate,,calibration_expired,,449.47,no_keypoints,response held no keypoints,0
6861,04:34.440,1791382913.5460842,1791382913.5460842,374.94,yes,queue_full_evicted_by_newer_frame,,,0,,,,,never validated (dropped before inference),,,,,queue_drop_evicted,,
6866,04:34.640,1791382913.7266188,1791382913.7266188,376.6,yes,queue_full_evicted_by_newer_frame,,,0,,,,,never validated (dropped before inference),,,,,queue_drop_evicted,,
6871,04:34.840,1791382913.9200163,1791382913.9200163,246.76,no,,200,200,1,PitchDetectError: response held no keypoints,False,0,,no keypoints to validate,,calibration_expired,,443.01,no_keypoints,response held no keypoints,0
6876,04:35.040,1791382914.104027,1791382914.104027,363.7,yes,queue_full_evicted_by_newer_frame,,,0,,,,,never validated (dropped before inference),,,,,queue_drop_evicted,,
6881,04:35.240,1791382914.281657,1791382914.281657,328.83,no,,200,200,1,PitchDetectError: response held no keypoints,False,0,,no keypoints to validate,,calibration_expired,,446.09,no_keypoints,response held no keypoints,0
6886,04:35.440,1791382914.4676065,1791382914.4676065,375.82,yes,queue_full_evicted_by_newer_frame,,,0,,,,,never validated (dropped before inference),,,,,queue_drop_evicted,,
6891,04:35.640,1791382914.6600633,1791382914.6600633,361.5,yes,queue_full_evicted_by_newer_frame,,,0,,,,,never validated (dropped before inference),,,,,queue_drop_evicted,,
6896,04:35.840,1791382914.843389,1791382914.843389,213.66,no,,200,200,1,PitchDetectError: response held no keypoints,False,0,,no keypoints to validate,,calibration_expired,,463.96,no_keypoints,response held no keypoints,0
6901,04:36.040,1791382915.0217927,1791382915.0217927,372.37,yes,queue_full_evicted_by_newer_frame,,,0,,,,,never validated (dropped before inference),,,,,queue_drop_evicted,,
6906,04:36.240,1791382915.2038856,1791382915.2038856,317.3,no,,200,200,1,PitchDetectError: response held no keypoints,False,0,,no keypoints to validate,,calibration_expired,,482.46,no_keypoints,response held no keypoints,0
6911,04:36.440,1791382915.3943715,1791382915.3943715,356.18,yes,queue_full_evicted_by_newer_frame,,,0,,,,,never validated (dropped before inference),,,,,queue_drop_evicted,,
6916,04:36.640,1791382915.5702627,1791382915.5702627,365.68,yes,queue_full_evicted_by_newer_frame,,,0,,,,,never validated (dropped before inference),,,,,queue_drop_evicted,,
6921,04:36.840,1791382915.7501445,1791382915.7501445,253.99,no,,200,200,1,PitchDetectError: response held no keypoints,False,0,,no keypoints to validate,,calibration_expired,,453.85,no_keypoints,response held no keypoints,0
6926,04:37.040,1791382915.9365897,1791382915.9365897,359.64,yes,queue_full_evicted_by_newer_frame,,,0,,,,,never validated (dropped before inference),,,,,queue_drop_evicted,,
6931,04:37.240,1791382916.1104002,1791382916.1104002,347.81,no,,200,200,1,PitchDetectError: response held no keypoints,False,0,,no keypoints to validate,,calibration_expired,,443.15,no_keypoints,response held no keypoints,0
6936,04:37.440,1791382916.2958593,1791382916.2958593,354.62,yes,queue_full_evicted_by_newer_frame,,,0,,,,,never validated (dropped before inference),,,,,queue_drop_evicted,,
6941,04:37.640,1791382916.468763,1791382916.468763,357.17,yes,queue_full_evicted_by_newer_frame,,,0,,,,,never validated (dropped before inference),,,,,queue_drop_evicted,,
6946,04:37.840,1791382916.6507788,1791382916.6507788,251.38,no,,200,200,1,PitchDetectError: response held no keypoints,False,0,,no keypoints to validate,,calibration_expired,,460.02,no_keypoints,response held no keypoints,0
6951,04:38.040,1791382916.8263113,1791382916.8263113,351.3,yes,queue_full_evicted_by_newer_frame,,,0,,,,,never validated (dropped before inference),,,,,queue_drop_evicted,,
6956,04:38.240,1791382916.9935825,1791382916.9935825,360.18,yes,queue_full_evicted_by_newer_frame,,,0,,,,,never validated (dropped before inference),,,,,queue_drop_evicted,,
6961,04:38.440,1791382917.1777472,1791382917.1777472,184.38,no,,200,200,1,PitchDetectError: response held no keypoints,False,0,,no keypoints to validate,,calibration_expired,,451.76,no_keypoints,response held no keypoints,0
6966,04:38.640,1791382917.352896,1791382917.352896,357.07,yes,queue_full_evicted_by_newer_frame,,,0,,,,,never validated (dropped before inference),,,,,queue_drop_evicted,,
6971,04:38.840,1791382917.5328505,1791382917.5328505,281.44,no,,200,200,1,PitchDetectError: response held no keypoints,False,0,,no keypoints to validate,,calibration_expired,,454.25,no_keypoints,response held no keypoints,0
6976,04:39.040,1791382917.7129962,1791382917.7129962,354.07,yes,queue_full_evicted_by_newer_frame,,,0,,,,,never validated (dropped before inference),,,,,queue_drop_evicted,,
6981,04:39.240,1791382917.8956208,1791382917.8956208,341.73,yes,queue_full_evicted_by_newer_frame,,,0,,,,,never validated (dropped before inference),,,,,queue_drop_evicted,,
6986,04:39.440,1791382918.0672524,1791382918.0672524,201.7,no,,200,200,1,PitchDetectError: response held no keypoints,False,0,,no keypoints to validate,,calibration_expired,,443.22,no_keypoints,response held no keypoints,0
6991,04:39.640,1791382918.2355988,1791382918.2355988,343.57,yes,queue_full_evicted_by_newer_frame,,,0,,,,,never validated (dropped before inference),,,,,queue_drop_evicted,,
6996,04:39.840,1791382918.4086068,1791382918.4086068,303.42,no,,200,200,1,PitchDetectError: response held no keypoints,False,0,,no keypoints to validate,,calibration_expired,,447.33,no_keypoints,response held no keypoints,0
7001,04:40.040,1791382918.578853,1791382918.578853,352.22,yes,queue_full_evicted_by_newer_frame,,,0,,,,,never validated (dropped before inference),,,,,queue_drop_evicted,,
7006,04:40.240,1791382918.753401,1791382918.753401,347.11,yes,queue_full_evicted_by_newer_frame,,,0,,,,,never validated (dropped before inference),,,,,queue_drop_evicted,,
7011,04:40.440,1791382918.933143,1791382918.933143,226.66,no,,200,200,1,PitchDetectError: response held no keypoints,False,0,,no keypoints to validate,,calibration_expired,,419.18,no_keypoints,response held no keypoints,0
7016,04:40.640,1791382919.0998683,1791382919.0998683,352.81,yes,queue_full_evicted_by_newer_frame,,,0,,,,,never validated (dropped before inference),,,,,queue_drop_evicted,,
7021,04:40.840,1791382919.2715871,1791382919.2715871,302.5,no,,200,200,1,PitchDetectError: response held no keypoints,False,0,,no keypoints to validate,,calibration_expired,,446.35,no_keypoints,response held no keypoints,0
7026,04:41.040,1791382919.4539766,1791382919.4539766,378.21,yes,queue_full_evicted_by_newer_frame,,,0,,,,,never validated (dropped before inference),,,,,queue_drop_evicted,,
7031,04:41.240,1791382919.634548,1791382919.634548,360.5,yes,queue_full_evicted_by_newer_frame,,,0,,,,,never validated (dropped before inference),,,,,queue_drop_evicted,,
7036,04:41.440,1791382919.8322473,1791382919.8322473,193.67,no,,200,200,1,PitchDetectError: response held no keypoints,False,0,,no keypoints to validate,,calibration_expired,,433.62,no_keypoints,response held no keypoints,0
7041,04:41.640,1791382919.9951153,1791382919.9951153,365.62,yes,queue_full_evicted_by_newer_frame,,,0,,,,,never validated (dropped before inference),,,,,queue_drop_evicted,,
7046,04:41.840,1791382920.1821785,1791382920.1821785,276.95,no,,200,200,1,PitchDetectError: response held no keypoints,False,0,,no keypoints to validate,,calibration_expired,,459.7,no_keypoints,response held no keypoints,0
7051,04:42.040,1791382920.3603973,1791382920.3603973,410.65,yes,queue_full_evicted_by_newer_frame,,,0,,,,,never validated (dropped before inference),,,,,queue_drop_evicted,,
7056,04:42.240,1791382920.5877807,1791382920.5877807,332.11,no,,200,200,1,PitchDetectError: response held no keypoints,False,0,,no keypoints to validate,,calibration_expired,,458.62,no_keypoints,response held no keypoints,0
7061,04:42.440,1791382920.771494,1791382920.771494,353.46,yes,queue_full_evicted_by_newer_frame,,,0,,,,,never validated (dropped before inference),,,,,queue_drop_evicted,,
7066,04:42.640,1791382920.9478397,1791382920.9478397,361.29,yes,queue_full_evicted_by_newer_frame,,,0,,,,,never validated (dropped before inference),,,,,queue_drop_evicted,,
7071,04:42.840,1791382921.1242654,1791382921.1242654,254.2,no,,200,200,1,PitchDetectError: response held no keypoints,False,0,,no keypoints to validate,,calibration_expired,,428.55,no_keypoints,response held no keypoints,0
7076,04:43.040,1791382921.3097203,1791382921.3097203,372.08,yes,queue_full_evicted_by_newer_frame,,,0,,,,,never validated (dropped before inference),,,,,queue_drop_evicted,,
7081,04:43.240,1791382921.4965987,1791382921.4965987,310.05,no,,200,200,1,PitchDetectError: response held no keypoints,False,0,,no keypoints to validate,,calibration_expired,,655.9,no_keypoints,response held no keypoints,0
7086,04:43.440,1791382921.6819263,1791382921.6819263,357.89,yes,queue_full_evicted_by_newer_frame,,,0,,,,,never validated (dropped before inference),,,,,queue_drop_evicted,,
7091,04:43.640,1791382921.863004,1791382921.863004,348.7,yes,queue_full_evicted_by_newer_frame,,,0,,,,,never validated (dropped before inference),,,,,queue_drop_evicted,,
7096,04:43.840,1791382922.039207,1791382922.039207,340.89,yes,queue_full_evicted_by_newer_frame,,,0,,,,,never validated (dropped before inference),,,,,queue_drop_evicted,,
7101,04:44.040,1791382922.2119138,1791382922.2119138,251.61,no,,200,200,1,PitchDetectError: response held no keypoints,False,0,,no keypoints to validate,,calibration_expired,,478.17,no_keypoints,response held no keypoints,0
7106,04:44.240,1791382922.3801844,1791382922.3801844,348.95,yes,queue_full_evicted_by_newer_frame,,,0,,,,,never validated (dropped before inference),,,,,queue_drop_evicted,,
7111,04:44.440,1791382922.5558615,1791382922.5558615,362.23,yes,queue_full_evicted_by_newer_frame,,,0,,,,,never validated (dropped before inference),,,,,queue_drop_evicted,,
7116,04:44.640,1791382922.7294743,1791382922.7294743,213.33,no,,200,200,1,PitchDetectError: response held no keypoints,False,0,,no keypoints to validate,,calibration_expired,,479.81,no_keypoints,response held no keypoints,0
7121,04:44.840,1791382922.91842,1791382922.91842,345.44,yes,queue_full_evicted_by_newer_frame,,,0,,,,,never validated (dropped before inference),,,,,queue_drop_evicted,,
7126,04:45.040,1791382923.0849125,1791382923.0849125,337.77,no,,200,200,1,PitchDetectError: response held no keypoints,False,0,,no keypoints to validate,,calibration_expired,,712.99,no_keypoints,response held no keypoints,0
7131,04:45.240,1791382923.2639537,1791382923.2639537,357.66,yes,queue_full_evicted_by_newer_frame,,,0,,,,,never validated (dropped before inference),,,,,queue_drop_evicted,,
7136,04:45.440,1791382923.4434073,1791382923.4434073,340.72,yes,queue_full_evicted_by_newer_frame,,,0,,,,,never validated (dropped before inference),,,,,queue_drop_evicted,,
7141,04:45.640,1791382923.621469,1791382923.621469,344.71,yes,queue_full_evicted_by_newer_frame,,,0,,,,,never validated (dropped before inference),,,,,queue_drop_evicted,,
7146,04:45.840,1791382923.7831492,1791382923.7831492,349.75,no,,200,200,1,PitchDetectError: response held no keypoints,False,0,,no keypoints to validate,,calibration_expired,,471.72,no_keypoints,response held no keypoints,0
7151,04:46.040,1791382923.965699,1791382923.965699,341.07,yes,queue_full_evicted_by_newer_frame,,,0,,,,,never validated (dropped before inference),,,,,queue_drop_evicted,,
7156,04:46.240,1791382924.1428216,1791382924.1428216,328.02,yes,queue_full_evicted_by_newer_frame,,,0,,,,,never validated (dropped before inference),,,,,queue_drop_evicted,,
7161,04:46.440,1791382924.3073244,1791382924.3073244,300.39,no,,200,200,1,PitchDetectError: response held no keypoints,False,0,,no keypoints to validate,,calibration_expired,,463.66,no_keypoints,response held no keypoints,0
7166,04:46.640,1791382924.4701028,1791382924.4701028,352.48,yes,queue_full_evicted_by_newer_frame,,,0,,,,,never validated (dropped before inference),,,,,queue_drop_evicted,,
7171,04:46.840,1791382924.6442792,1791382924.6442792,342.88,yes,queue_full_evicted_by_newer_frame,,,0,,,,,never validated (dropped before inference),,,,,queue_drop_evicted,,
7176,04:47.040,1791382924.8227448,1791382924.8227448,248.72,no,,200,200,1,PitchDetectError: response held no keypoints,False,0,,no keypoints to validate,,calibration_expired,,481.22,no_keypoints,response held no keypoints,0
7181,04:47.240,1791382924.9897718,1791382924.9897718,347.64,yes,queue_full_evicted_by_newer_frame,,,0,,,,,never validated (dropped before inference),,,,,queue_drop_evicted,,
7186,04:47.440,1791382925.1596117,1791382925.1596117,363.12,yes,queue_full_evicted_by_newer_frame,,,0,,,,,never validated (dropped before inference),,,,,queue_drop_evicted,,
7191,04:47.640,1791382925.337025,1791382925.337025,215.87,no,,200,200,1,PitchDetectError: response held no keypoints,False,0,,no keypoints to validate,,calibration_expired,,464.8,no_keypoints,response held no keypoints,0
7196,04:47.840,1791382925.5228837,1791382925.5228837,356.52,yes,queue_full_evicted_by_newer_frame,,,0,,,,,never validated (dropped before inference),,,,,queue_drop_evicted,,
7201,04:48.040,1791382925.70033,1791382925.70033,317.57,no,,200,200,1,PitchDetectError: response held no keypoints,False,0,,no keypoints to validate,,calibration_expired,,473.02,no_keypoints,response held no keypoints,0
7206,04:48.240,1791382925.879963,1791382925.879963,360.92,yes,queue_full_evicted_by_newer_frame,,,0,,,,,never validated (dropped before inference),,,,,queue_drop_evicted,,
7211,04:48.440,1791382926.0581834,1791382926.0581834,351.31,yes,queue_full_evicted_by_newer_frame,,,0,,,,,never validated (dropped before inference),,,,,queue_drop_evicted,,
7216,04:48.640,1791382926.2405407,1791382926.2405407,251.21,no,,200,200,1,PitchDetectError: response held no keypoints,False,0,,no keypoints to validate,,calibration_expired,,479.51,no_keypoints,response held no keypoints,0
7221,04:48.840,1791382926.4069467,1791382926.4069467,382.88,yes,queue_full_evicted_by_newer_frame,,,0,,,,,never validated (dropped before inference),,,,,queue_drop_evicted,,
7226,04:49.040,1791382926.6067638,1791382926.6067638,365.17,no,,200,200,1,PitchDetectError: response held no keypoints,False,0,,no keypoints to validate,,calibration_expired,,516.57,no_keypoints,response held no keypoints,0
7231,04:49.240,1791382926.7927299,1791382926.7927299,379.04,yes,queue_full_evicted_by_newer_frame,,,0,,,,,never validated (dropped before inference),,,,,queue_drop_evicted,,
7236,04:49.440,1791382926.9770195,1791382926.9770195,381.45,yes,queue_full_evicted_by_newer_frame,,,0,,,,,never validated (dropped before inference),,,,,queue_drop_evicted,,
7241,04:49.640,1791382927.1708672,1791382927.1708672,317.26,no,,200,200,1,PitchDetectError: response held no keypoints,False,0,,no keypoints to validate,,calibration_expired,,509.23,no_keypoints,response held no keypoints,0
7246,04:49.840,1791382927.3616376,1791382927.3616376,368.63,yes,queue_full_evicted_by_newer_frame,,,0,,,,,never validated (dropped before inference),,,,,queue_drop_evicted,,
7251,04:50.040,1791382927.5505924,1791382927.5505924,357.57,yes,queue_full_evicted_by_newer_frame,,,0,,,,,never validated (dropped before inference),,,,,queue_drop_evicted,,
7256,04:50.240,1791382927.7305043,1791382927.7305043,268.07,no,,200,200,1,PitchDetectError: response held no keypoints,False,0,,no keypoints to validate,,calibration_expired,,493.39,no_keypoints,response held no keypoints,0
7261,04:50.440,1791382927.90763,1791382927.90763,400.23,yes,queue_full_evicted_by_newer_frame,,,0,,,,,never validated (dropped before inference),,,,,queue_drop_evicted,,
7266,04:50.640,1791382928.1115603,1791382928.1115603,377.9,yes,queue_full_evicted_by_newer_frame,,,0,,,,,never validated (dropped before inference),,,,,queue_drop_evicted,,
7271,04:50.840,1791382928.3066287,1791382928.3066287,183.32,no,,200,200,1,PitchDetectError: response held no keypoints,False,0,,no keypoints to validate,,calibration_expired,,515.21,no_keypoints,response held no keypoints,0
7276,04:51.040,1791382928.4897642,1791382928.4897642,379.32,yes,queue_full_evicted_by_newer_frame,,,0,,,,,never validated (dropped before inference),,,,,queue_drop_evicted,,
7281,04:51.240,1791382928.6784897,1791382928.6784897,328.8,no,,200,200,1,PitchDetectError: response held no keypoints,False,0,,no keypoints to validate,,calibration_expired,,529.85,no_keypoints,response held no keypoints,0
7286,04:51.440,1791382928.8692358,1791382928.8692358,390.86,yes,queue_full_evicted_by_newer_frame,,,0,,,,,never validated (dropped before inference),,,,,queue_drop_evicted,,
7291,04:51.640,1791382929.06796,1791382929.06796,374.63,yes,queue_full_evicted_by_newer_frame,,,0,,,,,never validated (dropped before inference),,,,,queue_drop_evicted,,
7296,04:51.840,1791382929.2599716,1791382929.2599716,277.45,no,,200,200,1,PitchDetectError: response held no keypoints,False,0,,no keypoints to validate,,calibration_expired,,514.77,no_keypoints,response held no keypoints,0
7301,04:52.040,1791382929.4435937,1791382929.4435937,372.98,yes,queue_full_evicted_by_newer_frame,,,0,,,,,never validated (dropped before inference),,,,,queue_drop_evicted,,
7306,04:52.240,1791382929.6349554,1791382929.6349554,371.42,yes,queue_full_evicted_by_newer_frame,,,0,,,,,never validated (dropped before inference),,,,,queue_drop_evicted,,
7311,04:52.440,1791382929.816688,1791382929.816688,235.88,no,,200,200,1,PitchDetectError: response held no keypoints,False,0,,no keypoints to validate,,calibration_expired,,524.61,no_keypoints,response held no keypoints,0
7316,04:52.640,1791382930.0070295,1791382930.0070295,352.68,yes,queue_full_evicted_by_newer_frame,,,0,,,,,never validated (dropped before inference),,,,,queue_drop_evicted,,
7321,04:52.840,1791382930.183802,1791382930.183802,350.13,yes,queue_full_evicted_by_newer_frame,,,0,,,,,never validated (dropped before inference),,,,,queue_drop_evicted,,
7326,04:53.040,1791382930.3595912,1791382930.3595912,217.68,no,,200,200,1,PitchDetectError: response held no keypoints,False,0,,no keypoints to validate,,calibration_expired,,414.03,no_keypoints,response held no keypoints,0
7331,04:53.240,1791382930.5356343,1791382930.5356343,380.66,yes,queue_full_evicted_by_newer_frame,,,0,,,,,never validated (dropped before inference),,,,,queue_drop_evicted,,
7336,04:53.440,1791382930.7311893,1791382930.7311893,260.46,no,,200,200,1,PitchDetectError: response held no keypoints,False,0,,no keypoints to validate,,calibration_expired,,430.58,no_keypoints,response held no keypoints,0
7341,04:53.640,1791382930.9168346,1791382930.9168346,374.7,yes,queue_full_evicted_by_newer_frame,,,0,,,,,never validated (dropped before inference),,,,,queue_drop_evicted,,
7346,04:53.840,1791382931.106109,1791382931.106109,316.24,no,,200,200,1,PitchDetectError: response held no keypoints,False,0,,no keypoints to validate,,calibration_expired,,431.21,no_keypoints,response held no keypoints,0
7351,04:54.040,1791382931.2901213,1791382931.2901213,361.69,yes,queue_full_evicted_by_newer_frame,,,0,,,,,never validated (dropped before inference),,,,,queue_drop_evicted,,
7356,04:54.240,1791382931.476112,1791382931.476112,363.88,yes,queue_full_evicted_by_newer_frame,,,0,,,,,never validated (dropped before inference),,,,,queue_drop_evicted,,
7361,04:54.440,1791382931.6524858,1791382931.6524858,201.04,no,,200,200,1,PitchDetectError: response held no keypoints,False,0,,no keypoints to validate,,calibration_expired,,428.13,no_keypoints,response held no keypoints,0
7366,04:54.640,1791382931.8401773,1791382931.8401773,371.2,yes,queue_full_evicted_by_newer_frame,,,0,,,,,never validated (dropped before inference),,,,,queue_drop_evicted,,
7371,04:54.840,1791382932.0265775,1791382932.0265775,253.56,no,,200,200,1,PitchDetectError: response held no keypoints,False,0,,no keypoints to validate,,calibration_expired,,766.18,no_keypoints,response held no keypoints,0
7376,04:55.040,1791382932.2116694,1791382932.2116694,371.26,yes,queue_full_evicted_by_newer_frame,,,0,,,,,never validated (dropped before inference),,,,,queue_drop_evicted,,
7381,04:55.240,1791382932.3973079,1791382932.3973079,377.14,yes,queue_full_evicted_by_newer_frame,,,0,,,,,never validated (dropped before inference),,,,,queue_drop_evicted,,
7386,04:55.440,1791382932.5824196,1791382932.5824196,386.06,yes,queue_full_evicted_by_newer_frame,,,0,,,,,never validated (dropped before inference),,,,,queue_drop_evicted,,
7391,04:55.640,1791382932.775216,1791382932.775216,273.93,no,,200,200,1,PitchDetectError: response held no keypoints,False,0,,no keypoints to validate,,calibration_expired,,453.27,no_keypoints,response held no keypoints,0
7396,04:55.840,1791382932.9681127,1791382932.9681127,382.3,yes,queue_full_evicted_by_newer_frame,,,0,,,,,never validated (dropped before inference),,,,,queue_drop_evicted,,
7401,04:56.040,1791382933.1602662,1791382933.1602662,341.8,no,,200,200,1,,True,4,0.6615,refused: keypoint_hull_too_small,keypoint_hull_too_small,calibration_expired,no,444.6,refused,,1
7406,04:56.240,1791382933.3506854,1791382933.3506854,596.4,no,,200,200,1,,True,4,0.6166,refused: keypoint_hull_too_small,keypoint_hull_too_small,calibration_expired,no,488.33,refused,,1
7411,04:56.440,1791382935.1120257,1791382935.1120257,0.29,no,,200,200,1,PitchDetectError: response held no keypoints,False,0,,no keypoints to validate,,calibration_expired,,466.28,no_keypoints,response held no keypoints,0
7416,04:56.640,1791382935.2679656,1791382935.2679656,309.79,yes,queue_full_evicted_by_newer_frame,,,0,,,,,never validated (dropped before inference),,,,,queue_drop_evicted,,
7421,04:56.840,1791382935.4317794,1791382935.4317794,147.38,no,,200,200,1,PitchDetectError: response held no keypoints,False,0,,no keypoints to validate,,calibration_expired,,445.43,no_keypoints,response held no keypoints,0
7426,04:57.040,1791382935.5780132,1791382935.5780132,261.85,yes,queue_full_evicted_by_newer_frame,,,0,,,,,never validated (dropped before inference),,,,,queue_drop_evicted,,
7431,04:57.240,1791382935.6992881,1791382935.6992881,271.06,yes,queue_full_evicted_by_newer_frame,,,0,,,,,never validated (dropped before inference),,,,,queue_drop_evicted,,
7436,04:57.440,1791382935.8395848,1791382935.8395848,185.35,no,,200,200,1,PitchDetectError: response held no keypoints,False,0,,no keypoints to validate,,calibration_expired,,437.73,no_keypoints,response held no keypoints,0
7441,04:57.640,1791382935.9723933,1791382935.9723933,257.89,yes,queue_full_evicted_by_newer_frame,,,0,,,,,never validated (dropped before inference),,,,,queue_drop_evicted,,
7446,04:57.840,1791382936.1226566,1791382936.1226566,236.45,yes,queue_full_evicted_by_newer_frame,,,0,,,,,never validated (dropped before inference),,,,,queue_drop_evicted,,
7451,04:58.040,1791382936.2302334,1791382936.2302334,232.59,no,,200,200,1,PitchDetectError: response held no keypoints,False,0,,no keypoints to validate,,calibration_expired,,410.2,no_keypoints,response held no keypoints,0
7456,04:58.240,1791382936.3593223,1791382936.3593223,224.36,yes,queue_full_evicted_by_newer_frame,,,0,,,,,never validated (dropped before inference),,,,,queue_drop_evicted,,
7461,04:58.440,1791382936.4673822,1791382936.4673822,233.48,yes,queue_full_evicted_by_newer_frame,,,0,,,,,never validated (dropped before inference),,,,,queue_drop_evicted,,
7466,04:58.640,1791382936.5833724,1791382936.5833724,244.3,yes,queue_full_evicted_by_newer_frame,,,0,,,,,never validated (dropped before inference),,,,,queue_drop_evicted,,
7471,04:58.840,1791382936.701899,1791382936.701899,171.82,no,,200,200,1,PitchDetectError: response held no keypoints,False,0,,no keypoints to validate,,calibration_expired,,407.18,no_keypoints,response held no keypoints,0
7476,04:59.040,1791382936.8278763,1791382936.8278763,238.16,yes,queue_full_evicted_by_newer_frame,,,0,,,,,never validated (dropped before inference),,,,,queue_drop_evicted,,
7481,04:59.240,1791382936.9482791,1791382936.9482791,259.0,yes,queue_full_evicted_by_newer_frame,,,0,,,,,never validated (dropped before inference),,,,,queue_drop_evicted,,
7486,04:59.440,1791382937.0656316,1791382937.0656316,215.08,no,,200,200,1,PitchDetectError: response held no keypoints,False,0,,no keypoints to validate,,calibration_expired,,442.72,no_keypoints,response held no keypoints,0
7491,04:59.640,1791382937.20855,1791382937.20855,228.18,yes,queue_full_evicted_by_newer_frame,,,0,,,,,never validated (dropped before inference),,,,,queue_drop_evicted,,
7496,04:59.840,1791382937.3218274,1791382937.3218274,226.46,yes,queue_full_evicted_by_newer_frame,,,0,,,,,never validated (dropped before inference),,,,,queue_drop_evicted,,
7501,05:00.040,1791382937.4365356,1791382937.4365356,236.39,yes,queue_full_evicted_by_newer_frame,,,0,,,,,never validated (dropped before inference),,,,,queue_drop_evicted,,
7506,05:00.240,1791382937.548514,1791382937.548514,175.42,no,,200,200,1,PitchDetectError: response held no keypoints,False,0,,no keypoints to validate,,calibration_expired,,404.62,no_keypoints,response held no keypoints,0
7511,05:00.440,1791382937.6727476,1791382937.6727476,231.42,yes,queue_full_evicted_by_newer_frame,,,0,,,,,never validated (dropped before inference),,,,,queue_drop_evicted,,
7516,05:00.640,1791382937.7881901,1791382937.7881901,229.65,yes,queue_full_evicted_by_newer_frame,,,0,,,,,never validated (dropped before inference),,,,,queue_drop_evicted,,
7521,05:00.840,1791382937.9046485,1791382937.9046485,224.24,no,,200,200,1,PitchDetectError: response held no keypoints,False,0,,no keypoints to validate,,calibration_expired,,415.19,no_keypoints,response held no keypoints,0
7526,05:01.040,1791382938.0189404,1791382938.0189404,315.26,yes,queue_full_evicted_by_newer_frame,,,0,,,,,never validated (dropped before inference),,,,,queue_drop_evicted,,
7531,05:01.240,1791382938.1841273,1791382938.1841273,303.03,yes,queue_full_evicted_by_newer_frame,,,0,,,,,never validated (dropped before inference),,,,,queue_drop_evicted,,
7536,05:01.440,1791382938.3339474,1791382938.3339474,210.59,no,,200,200,1,PitchDetectError: response held no keypoints,False,0,,no keypoints to validate,,calibration_expired,,419.03,no_keypoints,response held no keypoints,0
7541,05:01.640,1791382938.4891684,1791382938.4891684,409.49,yes,queue_full_evicted_by_newer_frame,,,0,,,,,never validated (dropped before inference),,,,,queue_drop_evicted,,
7546,05:01.840,1791382938.7100558,1791382938.7100558,253.83,no,,200,200,1,PitchDetectError: response held no keypoints,False,0,,no keypoints to validate,,calibration_expired,,430.57,no_keypoints,response held no keypoints,0
7551,05:02.040,1791382938.8986926,1791382938.8986926,373.58,yes,queue_full_evicted_by_newer_frame,,,0,,,,,never validated (dropped before inference),,,,,queue_drop_evicted,,
7556,05:02.240,1791382939.0829995,1791382939.0829995,310.79,no,,200,200,1,PitchDetectError: response held no keypoints,False,0,,no keypoints to validate,,calibration_expired,,427.51,no_keypoints,response held no keypoints,0
7561,05:02.440,1791382939.271442,1791382939.271442,356.2,yes,queue_full_evicted_by_newer_frame,,,0,,,,,never validated (dropped before inference),,,,,queue_drop_evicted,,
7566,05:02.640,1791382939.4571185,1791382939.4571185,328.49,yes,queue_full_evicted_by_newer_frame,,,0,,,,,never validated (dropped before inference),,,,,queue_drop_evicted,,
7571,05:02.840,1791382939.6281085,1791382939.6281085,194.34,no,,200,200,1,PitchDetectError: response held no keypoints,False,0,,no keypoints to validate,,calibration_expired,,440.55,no_keypoints,response held no keypoints,0
7576,05:03.040,1791382939.785774,1791382939.785774,276.09,yes,queue_full_evicted_by_newer_frame,,,0,,,,,never validated (dropped before inference),,,,,queue_drop_evicted,,
7581,05:03.240,1791382939.9508495,1791382939.9508495,229.05,yes,queue_full_evicted_by_newer_frame,,,0,,,,,never validated (dropped before inference),,,,,queue_drop_evicted,,
7586,05:03.440,1791382940.0619571,1791382940.0619571,201.54,no,,200,200,1,PitchDetectError: response held no keypoints,False,0,,no keypoints to validate,,calibration_expired,,439.1,no_keypoints,response held no keypoints,0
7591,05:03.640,1791382940.1799278,1791382940.1799278,242.55,yes,queue_full_evicted_by_newer_frame,,,0,,,,,never validated (dropped before inference),,,,,queue_drop_evicted,,
7596,05:03.840,1791382940.299892,1791382940.299892,247.74,yes,queue_full_evicted_by_newer_frame,,,0,,,,,never validated (dropped before inference),,,,,queue_drop_evicted,,
7601,05:04.040,1791382940.4225976,1791382940.4225976,268.47,yes,queue_full_evicted_by_newer_frame,,,0,,,,,never validated (dropped before inference),,,,,queue_drop_evicted,,
7606,05:04.240,1791382940.5478904,1791382940.5478904,154.64,no,,200,200,1,PitchDetectError: response held no keypoints,False,0,,no keypoints to validate,,calibration_expired,,441.31,no_keypoints,response held no keypoints,0
7611,05:04.440,1791382940.6910074,1791382940.6910074,295.17,yes,queue_full_evicted_by_newer_frame,,,0,,,,,never validated (dropped before inference),,,,,queue_drop_evicted,,
7616,05:04.640,1791382940.8239744,1791382940.8239744,312.93,yes,queue_full_evicted_by_newer_frame,,,0,,,,,never validated (dropped before inference),,,,,queue_drop_evicted,,
7621,05:04.840,1791382940.9865851,1791382940.9865851,158.21,no,,200,200,1,PitchDetectError: response held no keypoints,False,0,,no keypoints to validate,,calibration_expired,,425.83,no_keypoints,response held no keypoints,0
7626,05:05.040,1791382941.1368618,1791382941.1368618,261.55,yes,queue_full_evicted_by_newer_frame,,,0,,,,,never validated (dropped before inference),,,,,queue_drop_evicted,,
7631,05:05.240,1791382941.2716074,1791382941.2716074,248.71,yes,queue_full_evicted_by_newer_frame,,,0,,,,,never validated (dropped before inference),,,,,queue_drop_evicted,,
7636,05:05.440,1791382941.3981287,1791382941.3981287,171.8,no,,200,200,1,PitchDetectError: response held no keypoints,False,0,,no keypoints to validate,,calibration_expired,,431.39,no_keypoints,response held no keypoints,0
7641,05:05.640,1791382941.5202408,1791382941.5202408,247.44,yes,queue_full_evicted_by_newer_frame,,,0,,,,,never validated (dropped before inference),,,,,queue_drop_evicted,,
7646,05:05.840,1791382941.646729,1791382941.646729,246.04,yes,queue_full_evicted_by_newer_frame,,,0,,,,,never validated (dropped before inference),,,,,queue_drop_evicted,,
7651,05:06.040,1791382941.7680855,1791382941.7680855,233.48,no,,200,200,1,PitchDetectError: response held no keypoints,False,0,,no keypoints to validate,,calibration_expired,,478.99,no_keypoints,response held no keypoints,0
7656,05:06.240,1791382941.8936517,1791382941.8936517,587.77,no,,200,200,1,PitchDetectError: response held no keypoints,False,0,,no keypoints to validate,,calibration_expired,,459.57,no_keypoints,response held no keypoints,0
7661,05:06.440,1791382943.129219,1791382943.129219,0.24,no,,200,200,1,PitchDetectError: response held no keypoints,False,0,,no keypoints to validate,,calibration_expired,,446.28,no_keypoints,response held no keypoints,0
7666,05:06.640,1791382943.2430074,1791382943.2430074,226.47,yes,queue_full_evicted_by_newer_frame,,,0,,,,,never validated (dropped before inference),,,,,queue_drop_evicted,,
7671,05:06.840,1791382943.3530912,1791382943.3530912,222.79,no,,200,200,1,PitchDetectError: response held no keypoints,False,0,,no keypoints to validate,,calibration_expired,,431.45,no_keypoints,response held no keypoints,0
7676,05:07.040,1791382943.4697406,1791382943.4697406,281.09,yes,queue_full_evicted_by_newer_frame,,,0,,,,,never validated (dropped before inference),,,,,queue_drop_evicted,,
7681,05:07.240,1791382943.5796838,1791382943.5796838,299.16,yes,queue_full_evicted_by_newer_frame,,,0,,,,,never validated (dropped before inference),,,,,queue_drop_evicted,,
7686,05:07.440,1791382943.750873,1791382943.750873,256.61,no,,200,200,1,PitchDetectError: response held no keypoints,False,0,,no keypoints to validate,,calibration_expired,,422.34,no_keypoints,response held no keypoints,0
7691,05:07.640,1791382943.8787997,1791382943.8787997,313.24,yes,queue_full_evicted_by_newer_frame,,,0,,,,,never validated (dropped before inference),,,,,queue_drop_evicted,,
7696,05:07.840,1791382944.0408108,1791382944.0408108,293.3,yes,queue_full_evicted_by_newer_frame,,,0,,,,,never validated (dropped before inference),,,,,queue_drop_evicted,,
7701,05:08.040,1791382944.192009,1791382944.192009,238.24,no,,200,200,1,PitchDetectError: response held no keypoints,False,0,,no keypoints to validate,,calibration_expired,,432.03,no_keypoints,response held no keypoints,0
7706,05:08.240,1791382944.3342364,1791382944.3342364,267.82,yes,queue_full_evicted_by_newer_frame,,,0,,,,,never validated (dropped before inference),,,,,queue_drop_evicted,,
7711,05:08.440,1791382944.4788997,1791382944.4788997,234.52,yes,queue_full_evicted_by_newer_frame,,,0,,,,,never validated (dropped before inference),,,,,queue_drop_evicted,,
7716,05:08.640,1791382944.6018891,1791382944.6018891,234.76,yes,queue_full_evicted_by_newer_frame,,,0,,,,,never validated (dropped before inference),,,,,queue_drop_evicted,,
7721,05:08.840,1791382944.7140522,1791382944.7140522,149.1,no,,200,200,1,PitchDetectError: response held no keypoints,False,0,,no keypoints to validate,,calibration_expired,,449.68,no_keypoints,response held no keypoints,0
7726,05:09.040,1791382944.8368225,1791382944.8368225,252.36,yes,queue_full_evicted_by_newer_frame,,,0,,,,,never validated (dropped before inference),,,,,queue_drop_evicted,,
7731,05:09.240,1791382944.967093,1791382944.967093,237.83,yes,queue_full_evicted_by_newer_frame,,,0,,,,,never validated (dropped before inference),,,,,queue_drop_evicted,,
7736,05:09.440,1791382945.0888073,1791382945.0888073,224.07,no,,200,200,1,PitchDetectError: response held no keypoints,False,0,,no keypoints to validate,,calibration_expired,,469.39,no_keypoints,response held no keypoints,0
7741,05:09.640,1791382945.204796,1791382945.204796,233.13,yes,queue_full_evicted_by_newer_frame,,,0,,,,,never validated (dropped before inference),,,,,queue_drop_evicted,,
7746,05:09.840,1791382945.3235772,1791382945.3235772,227.85,yes,queue_full_evicted_by_newer_frame,,,0,,,,,never validated (dropped before inference),,,,,queue_drop_evicted,,
7751,05:10.040,1791382945.4378448,1791382945.4378448,251.36,yes,queue_full_evicted_by_newer_frame,,,0,,,,,never validated (dropped before inference),,,,,queue_drop_evicted,,
7756,05:10.240,1791382945.5518138,1791382945.5518138,231.16,no,,200,200,1,PitchDetectError: response held no keypoints,False,0,,no keypoints to validate,,calibration_expired,,597.3,no_keypoints,response held no keypoints,0
7761,05:10.440,1791382945.6894746,1791382945.6894746,297.86,yes,queue_full_evicted_by_newer_frame,,,0,,,,,never validated (dropped before inference),,,,,queue_drop_evicted,,
7766,05:10.640,1791382945.8518095,1791382945.8518095,307.87,yes,queue_full_evicted_by_newer_frame,,,0,,,,,never validated (dropped before inference),,,,,queue_drop_evicted,,
7771,05:10.840,1791382945.9872694,1791382945.9872694,372.61,yes,queue_full_evicted_by_newer_frame,,,0,,,,,never validated (dropped before inference),,,,,queue_drop_evicted,,
7776,05:11.040,1791382946.1598797,1791382946.1598797,220.3,no,,200,200,1,PitchDetectError: response held no keypoints,False,0,,no keypoints to validate,,calibration_expired,,443.95,no_keypoints,response held no keypoints,0
7781,05:11.240,1791382946.3594728,1791382946.3594728,392.46,yes,queue_full_evicted_by_newer_frame,,,0,,,,,never validated (dropped before inference),,,,,queue_drop_evicted,,
7786,05:11.440,1791382946.5625439,1791382946.5625439,262.15,no,,200,200,1,PitchDetectError: response held no keypoints,False,0,,no keypoints to validate,,calibration_expired,,468.22,no_keypoints,response held no keypoints,0
7791,05:11.640,1791382946.752645,1791382946.752645,371.41,yes,queue_full_evicted_by_newer_frame,,,0,,,,,never validated (dropped before inference),,,,,queue_drop_evicted,,
7796,05:11.840,1791382946.9400554,1791382946.9400554,352.02,no,,200,200,1,PitchDetectError: response held no keypoints,False,0,,no keypoints to validate,,calibration_expired,,446.06,no_keypoints,response held no keypoints,0
7801,05:12.040,1791382947.1233375,1791382947.1233375,360.7,yes,queue_full_evicted_by_newer_frame,,,0,,,,,never validated (dropped before inference),,,,,queue_drop_evicted,,
7806,05:12.240,1791382947.3086777,1791382947.3086777,353.19,yes,queue_full_evicted_by_newer_frame,,,0,,,,,never validated (dropped before inference),,,,,queue_drop_evicted,,
7811,05:12.440,1791382947.4843514,1791382947.4843514,255.31,no,,200,200,1,PitchDetectError: response held no keypoints,False,0,,no keypoints to validate,,calibration_expired,,434.27,no_keypoints,response held no keypoints,0
7816,05:12.640,1791382947.6617937,1791382947.6617937,511.96,no,,200,200,1,PitchDetectError: response held no keypoints,False,0,,no keypoints to validate,,calibration_expired,,446.51,no_keypoints,response held no keypoints,0
7821,05:12.840,1791382947.8314948,1791382947.8314948,785.64,no,,200,200,1,PitchDetectError: response held no keypoints,False,0,,no keypoints to validate,,calibration_expired,,440.75,no_keypoints,response held no keypoints,0
7826,05:13.040,1791382949.4860253,1791382949.4860253,0.28,no,,200,200,1,PitchDetectError: response held no keypoints,False,0,,no keypoints to validate,,calibration_expired,,464.01,no_keypoints,response held no keypoints,0
7831,05:13.240,1791382949.6617465,1791382949.6617465,289.4,no,,200,200,1,PitchDetectError: response held no keypoints,False,0,,no keypoints to validate,,calibration_expired,,467.29,no_keypoints,response held no keypoints,0
7836,05:13.440,1791382949.8562326,1791382949.8562326,373.98,yes,queue_full_evicted_by_newer_frame,,,0,,,,,never validated (dropped before inference),,,,,queue_drop_evicted,,
7841,05:13.640,1791382950.0365756,1791382950.0365756,381.74,no,,200,200,1,PitchDetectError: response held no keypoints,False,0,,no keypoints to validate,,calibration_expired,,468.86,no_keypoints,response held no keypoints,0
7846,05:13.840,1791382950.230155,1791382950.230155,440.65,yes,queue_full_evicted_by_newer_frame,,,0,,,,,never validated (dropped before inference),,,,,queue_drop_evicted,,
7851,05:14.040,1791382950.422856,1791382950.422856,464.18,no,,200,200,1,PitchDetectError: response held no keypoints,False,0,,no keypoints to validate,,calibration_expired,,462.66,no_keypoints,response held no keypoints,0
7856,05:14.240,1791382950.6706643,1791382950.6706643,406.21,yes,queue_full_evicted_by_newer_frame,,,0,,,,,never validated (dropped before inference),,,,,queue_drop_evicted,,
7861,05:14.440,1791382950.8911335,1791382950.8911335,368.37,yes,queue_full_evicted_by_newer_frame,,,0,,,,,never validated (dropped before inference),,,,,queue_drop_evicted,,
7866,05:14.640,1791382951.0773876,1791382951.0773876,273.61,no,,200,200,1,PitchDetectError: response held no keypoints,False,0,,no keypoints to validate,,calibration_expired,,428.56,no_keypoints,response held no keypoints,0
7871,05:14.840,1791382951.2597983,1791382951.2597983,360.55,yes,queue_full_evicted_by_newer_frame,,,0,,,,,never validated (dropped before inference),,,,,queue_drop_evicted,,
7876,05:15.040,1791382951.450031,1791382951.450031,328.72,no,,200,200,1,PitchDetectError: response held no keypoints,False,0,,no keypoints to validate,,calibration_expired,,464.35,no_keypoints,response held no keypoints,0
7881,05:15.240,1791382951.6194496,1791382951.6194496,341.36,yes,queue_full_evicted_by_newer_frame,,,0,,,,,never validated (dropped before inference),,,,,queue_drop_evicted,,
7886,05:15.440,1791382951.794555,1791382951.794555,346.35,yes,queue_full_evicted_by_newer_frame,,,0,,,,,never validated (dropped before inference),,,,,queue_drop_evicted,,
7891,05:15.640,1791382951.9601302,1791382951.9601302,283.23,no,,200,200,1,PitchDetectError: response held no keypoints,False,0,,no keypoints to validate,,calibration_expired,,425.57,no_keypoints,response held no keypoints,0
7896,05:15.840,1791382952.140126,1791382952.140126,410.22,yes,queue_full_evicted_by_newer_frame,,,0,,,,,never validated (dropped before inference),,,,,queue_drop_evicted,,
7901,05:16.040,1791382952.3352053,1791382952.3352053,333.64,no,,200,200,1,PitchDetectError: response held no keypoints,False,0,,no keypoints to validate,,calibration_expired,,439.59,no_keypoints,response held no keypoints,0
7906,05:16.240,1791382952.5517845,1791382952.5517845,386.88,yes,queue_full_evicted_by_newer_frame,,,0,,,,,never validated (dropped before inference),,,,,queue_drop_evicted,,
7911,05:16.440,1791382952.7444022,1791382952.7444022,365.74,no,,200,200,1,PitchDetectError: response held no keypoints,False,0,,no keypoints to validate,,calibration_expired,,423.03,no_keypoints,response held no keypoints,0
7916,05:16.640,1791382952.9382153,1791382952.9382153,364.72,yes,queue_full_evicted_by_newer_frame,,,0,,,,,never validated (dropped before inference),,,,,queue_drop_evicted,,
7921,05:16.840,1791382953.1347256,1791382953.1347256,342.8,yes,queue_full_evicted_by_newer_frame,,,0,,,,,never validated (dropped before inference),,,,,queue_drop_evicted,,
7926,05:17.040,1791382953.3028765,1791382953.3028765,230.66,no,,200,200,1,PitchDetectError: response held no keypoints,False,0,,no keypoints to validate,,calibration_expired,,616.42,no_keypoints,response held no keypoints,0
7931,05:17.240,1791382953.4767337,1791382953.4767337,359.99,yes,queue_full_evicted_by_newer_frame,,,0,,,,,never validated (dropped before inference),,,,,queue_drop_evicted,,
7936,05:17.440,1791382953.6570096,1791382953.6570096,350.67,yes,queue_full_evicted_by_newer_frame,,,0,,,,,never validated (dropped before inference),,,,,queue_drop_evicted,,
7941,05:17.640,1791382953.8378253,1791382953.8378253,313.14,no,,200,200,1,PitchDetectError: response held no keypoints,False,0,,no keypoints to validate,,calibration_expired,,472.28,no_keypoints,response held no keypoints,0
7946,05:17.840,1791382954.0085652,1791382954.0085652,376.64,yes,queue_full_evicted_by_newer_frame,,,0,,,,,never validated (dropped before inference),,,,,queue_drop_evicted,,
7951,05:18.040,1791382954.194886,1791382954.194886,388.83,yes,queue_full_evicted_by_newer_frame,,,0,,,,,never validated (dropped before inference),,,,,queue_drop_evicted,,
7956,05:18.240,1791382954.3830392,1791382954.3830392,237.93,no,,200,200,1,PitchDetectError: response held no keypoints,False,0,,no keypoints to validate,,calibration_expired,,476.35,no_keypoints,response held no keypoints,0
7961,05:18.440,1791382954.583856,1791382954.583856,379.6,yes,queue_full_evicted_by_newer_frame,,,0,,,,,never validated (dropped before inference),,,,,queue_drop_evicted,,
7966,05:18.640,1791382954.7748568,1791382954.7748568,324.99,no,,200,200,1,PitchDetectError: response held no keypoints,False,0,,no keypoints to validate,,calibration_expired,,544.93,no_keypoints,response held no keypoints,0
7971,05:18.840,1791382954.9636292,1791382954.9636292,397.8,yes,queue_full_evicted_by_newer_frame,,,0,,,,,never validated (dropped before inference),,,,,queue_drop_evicted,,
7976,05:19.040,1791382955.161974,1791382955.161974,364.95,yes,queue_full_evicted_by_newer_frame,,,0,,,,,never validated (dropped before inference),,,,,queue_drop_evicted,,
7981,05:19.240,1791382955.3618932,1791382955.3618932,283.5,no,,200,200,1,PitchDetectError: response held no keypoints,False,0,,no keypoints to validate,,calibration_expired,,554.15,no_keypoints,response held no keypoints,0
7986,05:19.440,1791382955.527296,1791382955.527296,375.26,yes,queue_full_evicted_by_newer_frame,,,0,,,,,never validated (dropped before inference),,,,,queue_drop_evicted,,
7991,05:19.640,1791382955.730486,1791382955.730486,347.71,yes,queue_full_evicted_by_newer_frame,,,0,,,,,never validated (dropped before inference),,,,,queue_drop_evicted,,
7996,05:19.840,1791382955.901855,1791382955.901855,297.51,no,,200,200,1,PitchDetectError: response held no keypoints,False,0,,no keypoints to validate,,calibration_expired,,454.32,no_keypoints,response held no keypoints,0
8001,05:20.040,1791382956.0786798,1791382956.0786798,378.83,yes,queue_full_evicted_by_newer_frame,,,0,,,,,never validated (dropped before inference),,,,,queue_drop_evicted,,
8006,05:20.240,1791382956.2682533,1791382956.2682533,364.76,yes,queue_full_evicted_by_newer_frame,,,0,,,,,never validated (dropped before inference),,,,,queue_drop_evicted,,
8011,05:20.440,1791382956.457651,1791382956.457651,197.05,no,,200,200,1,PitchDetectError: response held no keypoints,False,0,,no keypoints to validate,,calibration_expired,,451.39,no_keypoints,response held no keypoints,0
8016,05:20.640,1791382956.632656,1791382956.632656,415.86,yes,queue_full_evicted_by_newer_frame,,,0,,,,,never validated (dropped before inference),,,,,queue_drop_evicted,,
8021,05:20.840,1791382956.8258758,1791382956.8258758,276.99,no,,200,200,1,PitchDetectError: response held no keypoints,False,0,,no keypoints to validate,,calibration_expired,,462.3,no_keypoints,response held no keypoints,0
8026,05:21.040,1791382957.0487263,1791382957.0487263,329.36,yes,queue_full_evicted_by_newer_frame,,,0,,,,,never validated (dropped before inference),,,,,queue_drop_evicted,,
8031,05:21.240,1791382957.219557,1791382957.219557,309.75,yes,queue_full_evicted_by_newer_frame,,,0,,,,,never validated (dropped before inference),,,,,queue_drop_evicted,,
8036,05:21.440,1791382957.3780715,1791382957.3780715,190.66,no,,200,200,1,PitchDetectError: response held no keypoints,False,0,,no keypoints to validate,,calibration_expired,,439.13,no_keypoints,response held no keypoints,0
8041,05:21.640,1791382957.5283623,1791382957.5283623,342.45,yes,queue_full_evicted_by_newer_frame,,,0,,,,,never validated (dropped before inference),,,,,queue_drop_evicted,,
8046,05:21.840,1791382957.7006316,1791382957.7006316,306.73,no,,200,200,1,PitchDetectError: response held no keypoints,False,0,,no keypoints to validate,,calibration_expired,,417.44,no_keypoints,response held no keypoints,0
8051,05:22.040,1791382957.871846,1791382957.871846,553.54,no,,200,200,1,PitchDetectError: response held no keypoints,False,0,,no keypoints to validate,,calibration_expired,,420.43,no_keypoints,response held no keypoints,0
8056,05:22.240,1791382959.4383252,1791382959.4383252,0.3,no,,200,200,1,PitchDetectError: response held no keypoints,False,0,,no keypoints to validate,,calibration_expired,,425.28,no_keypoints,response held no keypoints,0
8061,05:22.440,1791382959.6238801,1791382959.6238801,240.15,no,,200,200,1,PitchDetectError: response held no keypoints,False,0,,no keypoints to validate,,calibration_expired,,423.18,no_keypoints,response held no keypoints,0
8066,05:22.640,1791382959.7974358,1791382959.7974358,367.82,yes,queue_full_evicted_by_newer_frame,,,0,,,,,never validated (dropped before inference),,,,,queue_drop_evicted,,
8071,05:22.840,1791382959.9781039,1791382959.9781039,309.22,no,,200,200,1,PitchDetectError: response held no keypoints,False,0,,no keypoints to validate,,calibration_expired,,448.13,no_keypoints,response held no keypoints,0
8076,05:23.040,1791382960.1653938,1791382960.1653938,410.34,yes,queue_full_evicted_by_newer_frame,,,0,,,,,never validated (dropped before inference),,,,,queue_drop_evicted,,
8081,05:23.240,1791382960.3477285,1791382960.3477285,386.08,no,,200,200,1,PitchDetectError: response held no keypoints,False,0,,no keypoints to validate,,calibration_expired,,414.19,no_keypoints,response held no keypoints,0
8086,05:23.440,1791382960.575906,1791382960.575906,379.31,yes,queue_full_evicted_by_newer_frame,,,0,,,,,never validated (dropped before inference),,,,,queue_drop_evicted,,
8091,05:23.640,1791382960.7719991,1791382960.7719991,369.46,yes,queue_full_evicted_by_newer_frame,,,0,,,,,never validated (dropped before inference),,,,,queue_drop_evicted,,
8096,05:23.840,1791382960.9548779,1791382960.9548779,195.23,no,,200,200,1,PitchDetectError: response held no keypoints,False,0,,no keypoints to validate,,calibration_expired,,445.04,no_keypoints,response held no keypoints,0
8101,05:24.040,1791382961.1419477,1791382961.1419477,358.34,yes,queue_full_evicted_by_newer_frame,,,0,,,,,never validated (dropped before inference),,,,,queue_drop_evicted,,
8106,05:24.240,1791382961.3180013,1791382961.3180013,277.64,no,,200,200,1,PitchDetectError: response held no keypoints,False,0,,no keypoints to validate,,calibration_expired,,452.4,no_keypoints,response held no keypoints,0
8111,05:24.440,1791382961.5007172,1791382961.5007172,348.06,yes,queue_full_evicted_by_newer_frame,,,0,,,,,never validated (dropped before inference),,,,,queue_drop_evicted,,
8116,05:24.640,1791382961.6700032,1791382961.6700032,342.88,yes,queue_full_evicted_by_newer_frame,,,0,,,,,never validated (dropped before inference),,,,,queue_drop_evicted,,
8121,05:24.840,1791382961.8487146,1791382961.8487146,199.6,no,,200,200,1,PitchDetectError: response held no keypoints,False,0,,no keypoints to validate,,calibration_expired,,609.92,no_keypoints,response held no keypoints,0
8126,05:25.040,1791382962.0133617,1791382962.0133617,347.51,yes,queue_full_evicted_by_newer_frame,,,0,,,,,never validated (dropped before inference),,,,,queue_drop_evicted,,
8131,05:25.240,1791382962.190671,1791382962.190671,336.9,yes,queue_full_evicted_by_newer_frame,,,0,,,,,never validated (dropped before inference),,,,,queue_drop_evicted,,
8136,05:25.440,1791382962.3615873,1791382962.3615873,297.21,no,,200,200,1,PitchDetectError: response held no keypoints,False,0,,no keypoints to validate,,calibration_expired,,438.13,no_keypoints,response held no keypoints,0
8141,05:25.640,1791382962.527686,1791382962.527686,349.55,yes,queue_full_evicted_by_newer_frame,,,0,,,,,never validated (dropped before inference),,,,,queue_drop_evicted,,
8146,05:25.840,1791382962.7087004,1791382962.7087004,339.7,yes,queue_full_evicted_by_newer_frame,,,0,,,,,never validated (dropped before inference),,,,,queue_drop_evicted,,
8151,05:26.040,1791382962.8773012,1791382962.8773012,219.48,no,,200,200,1,PitchDetectError: response held no keypoints,False,0,,no keypoints to validate,,calibration_expired,,414.8,no_keypoints,response held no keypoints,0
8156,05:26.240,1791382963.0474007,1791382963.0474007,351.43,yes,queue_full_evicted_by_newer_frame,,,0,,,,,never validated (dropped before inference),,,,,queue_drop_evicted,,
8161,05:26.440,1791382963.2255113,1791382963.2255113,284.68,no,,200,200,1,PitchDetectError: response held no keypoints,False,0,,no keypoints to validate,,calibration_expired,,427.32,no_keypoints,response held no keypoints,0
8166,05:26.640,1791382963.3988795,1791382963.3988795,359.08,yes,queue_full_evicted_by_newer_frame,,,0,,,,,never validated (dropped before inference),,,,,queue_drop_evicted,,
8171,05:26.840,1791382963.5807102,1791382963.5807102,347.17,yes,queue_full_evicted_by_newer_frame,,,0,,,,,never validated (dropped before inference),,,,,queue_drop_evicted,,
8176,05:27.040,1791382963.7587883,1791382963.7587883,180.31,no,,200,200,1,PitchDetectError: response held no keypoints,False,0,,no keypoints to validate,,calibration_expired,,421.77,no_keypoints,response held no keypoints,0
8181,05:27.240,1791382963.92876,1791382963.92876,356.54,yes,queue_full_evicted_by_newer_frame,,,0,,,,,never validated (dropped before inference),,,,,queue_drop_evicted,,
8186,05:27.440,1791382964.0986717,1791382964.0986717,262.89,no,,200,200,1,PitchDetectError: response held no keypoints,False,0,,no keypoints to validate,,calibration_expired,,429.38,no_keypoints,response held no keypoints,0
8191,05:27.640,1791382964.2850955,1791382964.2850955,387.0,yes,queue_full_evicted_by_newer_frame,,,0,,,,,never validated (dropped before inference),,,,,queue_drop_evicted,,
8196,05:27.840,1791382964.476838,1791382964.476838,313.91,no,,200,200,1,PitchDetectError: response held no keypoints,False,0,,no keypoints to validate,,calibration_expired,,501.48,no_keypoints,response held no keypoints,0
8201,05:28.040,1791382964.6722674,1791382964.6722674,377.49,yes,queue_full_evicted_by_newer_frame,,,0,,,,,never validated (dropped before inference),,,,,queue_drop_evicted,,
8206,05:28.240,1791382964.8571792,1791382964.8571792,367.83,yes,queue_full_evicted_by_newer_frame,,,0,,,,,never validated (dropped before inference),,,,,queue_drop_evicted,,
8211,05:28.440,1791382965.0480757,1791382965.0480757,243.24,no,,200,200,1,PitchDetectError: response held no keypoints,False,0,,no keypoints to validate,,calibration_expired,,534.43,no_keypoints,response held no keypoints,0
8216,05:28.640,1791382965.2261505,1791382965.2261505,409.68,yes,queue_full_evicted_by_newer_frame,,,0,,,,,never validated (dropped before inference),,,,,queue_drop_evicted,,
8221,05:28.840,1791382965.435358,1791382965.435358,392.09,no,,200,200,1,PitchDetectError: response held no keypoints,False,0,,no keypoints to validate,,calibration_expired,,510.39,no_keypoints,response held no keypoints,0
8226,05:29.040,1791382965.6358156,1791382965.6358156,374.75,yes,queue_full_evicted_by_newer_frame,,,0,,,,,never validated (dropped before inference),,,,,queue_drop_evicted,,
8231,05:29.240,1791382965.8277287,1791382965.8277287,358.72,yes,queue_full_evicted_by_newer_frame,,,0,,,,,never validated (dropped before inference),,,,,queue_drop_evicted,,
8236,05:29.440,1791382966.0104518,1791382966.0104518,327.88,no,,200,200,1,PitchDetectError: response held no keypoints,False,0,,no keypoints to validate,,calibration_expired,,486.61,no_keypoints,response held no keypoints,0
8241,05:29.640,1791382966.18662,1791382966.18662,346.93,yes,queue_full_evicted_by_newer_frame,,,0,,,,,never validated (dropped before inference),,,,,queue_drop_evicted,,
8246,05:29.840,1791382966.3524556,1791382966.3524556,357.34,yes,queue_full_evicted_by_newer_frame,,,0,,,,,never validated (dropped before inference),,,,,queue_drop_evicted,,
8251,05:30.040,1791382966.532896,1791382966.532896,291.55,no,,200,200,1,PitchDetectError: response held no keypoints,False,0,,no keypoints to validate,,calibration_expired,,441.6,no_keypoints,response held no keypoints,0
8256,05:30.240,1791382966.7125866,1791382966.7125866,357.13,yes,queue_full_evicted_by_newer_frame,,,0,,,,,never validated (dropped before inference),,,,,queue_drop_evicted,,
8261,05:30.440,1791382966.887409,1791382966.887409,367.22,yes,queue_full_evicted_by_newer_frame,,,0,,,,,never validated (dropped before inference),,,,,queue_drop_evicted,,
8266,05:30.640,1791382967.069171,1791382967.069171,197.3,no,,200,200,1,PitchDetectError: response held no keypoints,False,0,,no keypoints to validate,,calibration_expired,,473.26,no_keypoints,response held no keypoints,0
8271,05:30.840,1791382967.256165,1791382967.256165,371.44,yes,queue_full_evicted_by_newer_frame,,,0,,,,,never validated (dropped before inference),,,,,queue_drop_evicted,,
8276,05:31.040,1791382967.450661,1791382967.450661,289.34,no,,200,200,1,PitchDetectError: response held no keypoints,False,0,,no keypoints to validate,,calibration_expired,,421.87,no_keypoints,response held no keypoints,0
8281,05:31.240,1791382967.6291494,1791382967.6291494,376.89,yes,queue_full_evicted_by_newer_frame,,,0,,,,,never validated (dropped before inference),,,,,queue_drop_evicted,,
8286,05:31.440,1791382967.808993,1791382967.808993,352.56,no,,200,200,1,PitchDetectError: response held no keypoints,False,0,,no keypoints to validate,,calibration_expired,,437.95,no_keypoints,response held no keypoints,0
8291,05:31.640,1791382968.0048542,1791382968.0048542,378.54,yes,queue_full_evicted_by_newer_frame,,,0,,,,,never validated (dropped before inference),,,,,queue_drop_evicted,,
8296,05:31.840,1791382968.1949098,1791382968.1949098,374.76,yes,queue_full_evicted_by_newer_frame,,,0,,,,,never validated (dropped before inference),,,,,queue_drop_evicted,,
8301,05:32.040,1791382968.3843067,1791382968.3843067,215.46,no,,200,200,1,PitchDetectError: response held no keypoints,False,0,,no keypoints to validate,,calibration_expired,,513.8,no_keypoints,response held no keypoints,0
8306,05:32.240,1791382968.5700178,1791382968.5700178,402.95,yes,queue_full_evicted_by_newer_frame,,,0,,,,,never validated (dropped before inference),,,,,queue_drop_evicted,,
8311,05:32.440,1791382968.77017,1791382968.77017,344.31,no,,200,200,1,PitchDetectError: response held no keypoints,False,0,,no keypoints to validate,,calibration_expired,,491.9,no_keypoints,response held no keypoints,0
8316,05:32.640,1791382968.9717991,1791382968.9717991,371.5,yes,queue_full_evicted_by_newer_frame,,,0,,,,,never validated (dropped before inference),,,,,queue_drop_evicted,,
8321,05:32.840,1791382969.167299,1791382969.167299,345.3,yes,queue_full_evicted_by_newer_frame,,,0,,,,,never validated (dropped before inference),,,,,queue_drop_evicted,,
8326,05:33.040,1791382969.3439696,1791382969.3439696,262.33,no,,200,200,1,PitchDetectError: response held no keypoints,False,0,,no keypoints to validate,,calibration_expired,,419.64,no_keypoints,response held no keypoints,0
8331,05:33.240,1791382969.5126226,1791382969.5126226,331.97,yes,queue_full_evicted_by_newer_frame,,,0,,,,,never validated (dropped before inference),,,,,queue_drop_evicted,,
8336,05:33.440,1791382969.6799717,1791382969.6799717,342.94,yes,queue_full_evicted_by_newer_frame,,,0,,,,,never validated (dropped before inference),,,,,queue_drop_evicted,,
8341,05:33.640,1791382969.8441792,1791382969.8441792,181.79,no,,200,200,1,PitchDetectError: response held no keypoints,False,0,,no keypoints to validate,,calibration_expired,,403.15,no_keypoints,response held no keypoints,0
8346,05:33.840,1791382970.0240765,1791382970.0240765,399.8,yes,queue_full_evicted_by_newer_frame,,,0,,,,,never validated (dropped before inference),,,,,queue_drop_evicted,,
8351,05:34.040,1791382970.2103007,1791382970.2103007,219.11,no,,200,200,1,PitchDetectError: response held no keypoints,False,0,,no keypoints to validate,,calibration_expired,,410.93,no_keypoints,response held no keypoints,0
8356,05:34.240,1791382970.4233227,1791382970.4233227,395.02,yes,queue_full_evicted_by_newer_frame,,,0,,,,,never validated (dropped before inference),,,,,queue_drop_evicted,,
8361,05:34.440,1791382970.6191516,1791382970.6191516,221.07,no,,200,200,1,PitchDetectError: response held no keypoints,False,0,,no keypoints to validate,,calibration_expired,,406.05,no_keypoints,response held no keypoints,0
8366,05:34.640,1791382970.817126,1791382970.817126,424.1,yes,queue_full_evicted_by_newer_frame,,,0,,,,,never validated (dropped before inference),,,,,queue_drop_evicted,,
8371,05:34.840,1791382971.0406492,1791382971.0406492,206.46,no,,200,200,1,PitchDetectError: response held no keypoints,False,0,,no keypoints to validate,,calibration_expired,,419.05,no_keypoints,response held no keypoints,0
8376,05:35.040,1791382971.24187,1791382971.24187,380.96,yes,queue_full_evicted_by_newer_frame,,,0,,,,,never validated (dropped before inference),,,,,queue_drop_evicted,,
8381,05:35.240,1791382971.4404714,1791382971.4404714,225.75,no,,200,200,1,PitchDetectError: response held no keypoints,False,0,,no keypoints to validate,,calibration_expired,,402.7,no_keypoints,response held no keypoints,0
8386,05:35.440,1791382971.6234765,1791382971.6234765,388.15,yes,queue_full_evicted_by_newer_frame,,,0,,,,,never validated (dropped before inference),,,,,queue_drop_evicted,,
8391,05:35.640,1791382971.8194761,1791382971.8194761,249.87,no,,200,200,1,PitchDetectError: response held no keypoints,False,0,,no keypoints to validate,,calibration_expired,,440.24,no_keypoints,response held no keypoints,0
8396,05:35.840,1791382972.0118499,1791382972.0118499,383.49,yes,queue_full_evicted_by_newer_frame,,,0,,,,,never validated (dropped before inference),,,,,queue_drop_evicted,,
8401,05:36.040,1791382972.2080562,1791382972.2080562,301.75,no,,200,200,1,PitchDetectError: response held no keypoints,False,0,,no keypoints to validate,,calibration_expired,,415.12,no_keypoints,response held no keypoints,0
8406,05:36.240,1791382972.3957028,1791382972.3957028,378.77,yes,queue_full_evicted_by_newer_frame,,,0,,,,,never validated (dropped before inference),,,,,queue_drop_evicted,,
8411,05:36.440,1791382972.58575,1791382972.58575,339.65,no,,200,200,1,PitchDetectError: response held no keypoints,False,0,,no keypoints to validate,,calibration_expired,,414.68,no_keypoints,response held no keypoints,0
8416,05:36.640,1791382972.773654,1791382972.773654,367.91,yes,queue_full_evicted_by_newer_frame,,,0,,,,,never validated (dropped before inference),,,,,queue_drop_evicted,,
8421,05:36.840,1791382972.963744,1791382972.963744,348.69,yes,queue_full_evicted_by_newer_frame,,,0,,,,,never validated (dropped before inference),,,,,queue_drop_evicted,,
8426,05:37.040,1791382973.1415913,1791382973.1415913,198.85,no,,200,200,1,PitchDetectError: response held no keypoints,False,0,,no keypoints to validate,,calibration_expired,,414.66,no_keypoints,response held no keypoints,0
8431,05:37.240,1791382973.312856,1791382973.312856,365.08,yes,queue_full_evicted_by_newer_frame,,,0,,,,,never validated (dropped before inference),,,,,queue_drop_evicted,,
8436,05:37.440,1791382973.4966505,1791382973.4966505,259.12,no,,200,200,1,PitchDetectError: response held no keypoints,False,0,,no keypoints to validate,,calibration_expired,,413.57,no_keypoints,response held no keypoints,0
8441,05:37.640,1791382973.6773417,1791382973.6773417,383.56,yes,queue_full_evicted_by_newer_frame,,,0,,,,,never validated (dropped before inference),,,,,queue_drop_evicted,,
8446,05:37.840,1791382973.8754961,1791382973.8754961,294.28,no,,200,200,1,PitchDetectError: response held no keypoints,False,0,,no keypoints to validate,,calibration_expired,,415.07,no_keypoints,response held no keypoints,0
8451,05:38.040,1791382974.0603044,1791382974.0603044,350.99,yes,queue_full_evicted_by_newer_frame,,,0,,,,,never validated (dropped before inference),,,,,queue_drop_evicted,,
8456,05:38.240,1791382974.2333906,1791382974.2333906,348.41,no,,200,200,1,PitchDetectError: response held no keypoints,False,0,,no keypoints to validate,,calibration_expired,,413.11,no_keypoints,response held no keypoints,0
8461,05:38.440,1791382974.4120176,1791382974.4120176,361.59,yes,queue_full_evicted_by_newer_frame,,,0,,,,,never validated (dropped before inference),,,,,queue_drop_evicted,,
8466,05:38.640,1791382974.5927281,1791382974.5927281,349.31,yes,queue_full_evicted_by_newer_frame,,,0,,,,,never validated (dropped before inference),,,,,queue_drop_evicted,,
8471,05:38.840,1791382974.773206,1791382974.773206,225.1,no,,200,200,1,PitchDetectError: response held no keypoints,False,0,,no keypoints to validate,,calibration_expired,,657.67,no_keypoints,response held no keypoints,0
8476,05:39.040,1791382974.9423952,1791382974.9423952,335.36,yes,queue_full_evicted_by_newer_frame,,,0,,,,,never validated (dropped before inference),,,,,queue_drop_evicted,,
8481,05:39.240,1791382975.1265903,1791382975.1265903,320.98,yes,queue_full_evicted_by_newer_frame,,,0,,,,,never validated (dropped before inference),,,,,queue_drop_evicted,,
8486,05:39.440,1791382975.2731295,1791382975.2731295,337.43,yes,queue_full_evicted_by_newer_frame,,,0,,,,,never validated (dropped before inference),,,,,queue_drop_evicted,,
8491,05:39.640,1791382975.4456902,1791382975.4456902,208.87,no,,200,200,1,PitchDetectError: response held no keypoints,False,0,,no keypoints to validate,,calibration_expired,,396.81,no_keypoints,response held no keypoints,0
8496,05:39.840,1791382975.615598,1791382975.615598,358.97,yes,queue_full_evicted_by_newer_frame,,,0,,,,,never validated (dropped before inference),,,,,queue_drop_evicted,,
8501,05:40.040,1791382975.8038597,1791382975.8038597,249.18,no,,200,200,1,PitchDetectError: response held no keypoints,False,0,,no keypoints to validate,,calibration_expired,,408.98,no_keypoints,response held no keypoints,0
8506,05:40.240,1791382975.9740646,1791382975.9740646,342.22,yes,queue_full_evicted_by_newer_frame,,,0,,,,,never validated (dropped before inference),,,,,queue_drop_evicted,,
8511,05:40.440,1791382976.1488957,1791382976.1488957,312.59,no,,200,200,1,PitchDetectError: response held no keypoints,False,0,,no keypoints to validate,,calibration_expired,,408.21,no_keypoints,response held no keypoints,0
8516,05:40.640,1791382976.3159142,1791382976.3159142,350.61,yes,queue_full_evicted_by_newer_frame,,,0,,,,,never validated (dropped before inference),,,,,queue_drop_evicted,,
8521,05:40.840,1791382976.4883108,1791382976.4883108,357.35,yes,queue_full_evicted_by_newer_frame,,,0,,,,,never validated (dropped before inference),,,,,queue_drop_evicted,,
8526,05:41.040,1791382976.6665432,1791382976.6665432,204.04,no,,200,200,1,PitchDetectError: response held no keypoints,False,0,,no keypoints to validate,,calibration_expired,,435.03,no_keypoints,response held no keypoints,0
8531,05:41.240,1791382976.843492,1791382976.843492,359.28,yes,queue_full_evicted_by_newer_frame,,,0,,,,,never validated (dropped before inference),,,,,queue_drop_evicted,,
8536,05:41.440,1791382977.0261006,1791382977.0261006,279.98,no,,200,200,1,PitchDetectError: response held no keypoints,False,0,,no keypoints to validate,,calibration_expired,,426.33,no_keypoints,response held no keypoints,0
8541,05:41.640,1791382977.204479,1791382977.204479,340.98,yes,queue_full_evicted_by_newer_frame,,,0,,,,,never validated (dropped before inference),,,,,queue_drop_evicted,,
8546,05:41.840,1791382977.3819654,1791382977.3819654,326.91,yes,queue_full_evicted_by_newer_frame,,,0,,,,,never validated (dropped before inference),,,,,queue_drop_evicted,,
8551,05:42.040,1791382977.5450478,1791382977.5450478,187.1,no,,200,200,1,PitchDetectError: response held no keypoints,False,0,,no keypoints to validate,,calibration_expired,,405.72,no_keypoints,response held no keypoints,0
8556,05:42.240,1791382977.7093015,1791382977.7093015,335.06,yes,queue_full_evicted_by_newer_frame,,,0,,,,,never validated (dropped before inference),,,,,queue_drop_evicted,,
8561,05:42.440,1791382977.8790011,1791382977.8790011,258.95,no,,200,200,1,PitchDetectError: response held no keypoints,False,0,,no keypoints to validate,,calibration_expired,,413.62,no_keypoints,response held no keypoints,0
8566,05:42.640,1791382978.0448306,1791382978.0448306,333.98,yes,queue_full_evicted_by_newer_frame,,,0,,,,,never validated (dropped before inference),,,,,queue_drop_evicted,,
8571,05:42.840,1791382978.2139924,1791382978.2139924,316.15,yes,queue_full_evicted_by_newer_frame,,,0,,,,,never validated (dropped before inference),,,,,queue_drop_evicted,,
8576,05:43.040,1791382978.3779745,1791382978.3779745,174.18,no,,200,200,1,PitchDetectError: response held no keypoints,False,0,,no keypoints to validate,,calibration_expired,,399.43,no_keypoints,response held no keypoints,0
8581,05:43.240,1791382978.5300303,1791382978.5300303,327.85,yes,queue_full_evicted_by_newer_frame,,,0,,,,,never validated (dropped before inference),,,,,queue_drop_evicted,,
8586,05:43.440,1791382978.7018485,1791382978.7018485,250.43,no,,200,200,1,PitchDetectError: response held no keypoints,False,0,,no keypoints to validate,,calibration_expired,,414.01,no_keypoints,response held no keypoints,0
8591,05:43.640,1791382978.8573143,1791382978.8573143,359.35,yes,queue_full_evicted_by_newer_frame,,,0,,,,,never validated (dropped before inference),,,,,queue_drop_evicted,,
8596,05:43.840,1791382979.03864,1791382979.03864,327.71,no,,200,200,1,PitchDetectError: response held no keypoints,False,0,,no keypoints to validate,,calibration_expired,,405.54,no_keypoints,response held no keypoints,0
8601,05:44.040,1791382979.2172396,1791382979.2172396,340.56,yes,queue_full_evicted_by_newer_frame,,,0,,,,,never validated (dropped before inference),,,,,queue_drop_evicted,,
8606,05:44.240,1791382979.3906147,1791382979.3906147,340.73,yes,queue_full_evicted_by_newer_frame,,,0,,,,,never validated (dropped before inference),,,,,queue_drop_evicted,,
8611,05:44.440,1791382979.5573595,1791382979.5573595,214.98,no,,200,200,1,PitchDetectError: response held no keypoints,False,0,,no keypoints to validate,,calibration_expired,,1234.1,no_keypoints,response held no keypoints,0
8616,05:44.640,1791382979.7318673,1791382979.7318673,331.53,yes,queue_full_evicted_by_newer_frame,,,0,,,,,never validated (dropped before inference),,,,,queue_drop_evicted,,
8621,05:44.840,1791382979.8917358,1791382979.8917358,331.76,yes,queue_full_evicted_by_newer_frame,,,0,,,,,never validated (dropped before inference),,,,,queue_drop_evicted,,
8626,05:45.040,1791382980.0631814,1791382980.0631814,330.83,yes,queue_full_evicted_by_newer_frame,,,0,,,,,never validated (dropped before inference),,,,,queue_drop_evicted,,
8631,05:45.240,1791382980.2245736,1791382980.2245736,381.42,yes,queue_full_evicted_by_newer_frame,,,0,,,,,never validated (dropped before inference),,,,,queue_drop_evicted,,
8636,05:45.440,1791382980.3941424,1791382980.3941424,386.73,yes,queue_full_evicted_by_newer_frame,,,0,,,,,never validated (dropped before inference),,,,,queue_drop_evicted,,
8641,05:45.640,1791382980.6057642,1791382980.6057642,355.58,yes,queue_full_evicted_by_newer_frame,,,0,,,,,never validated (dropped before inference),,,,,queue_drop_evicted,,
8646,05:45.840,1791382980.7805598,1791382980.7805598,226.0,no,,200,200,1,PitchDetectError: response held no keypoints,False,0,,no keypoints to validate,,calibration_expired,,430.27,no_keypoints,response held no keypoints,0
8651,05:46.040,1791382980.961527,1791382980.961527,350.33,yes,queue_full_evicted_by_newer_frame,,,0,,,,,never validated (dropped before inference),,,,,queue_drop_evicted,,
8656,05:46.240,1791382981.140853,1791382981.140853,296.45,no,,200,200,1,PitchDetectError: response held no keypoints,False,0,,no keypoints to validate,,calibration_expired,,461.31,no_keypoints,response held no keypoints,0
8661,05:46.440,1791382981.3114517,1791382981.3114517,353.89,yes,queue_full_evicted_by_newer_frame,,,0,,,,,never validated (dropped before inference),,,,,queue_drop_evicted,,
8666,05:46.640,1791382981.4945462,1791382981.4945462,354.21,yes,queue_full_evicted_by_newer_frame,,,0,,,,,never validated (dropped before inference),,,,,queue_drop_evicted,,
8671,05:46.840,1791382981.6650805,1791382981.6650805,233.64,no,,200,200,1,PitchDetectError: response held no keypoints,False,0,,no keypoints to validate,,calibration_expired,,432.47,no_keypoints,response held no keypoints,0
8676,05:47.040,1791382981.8485816,1791382981.8485816,381.14,yes,queue_full_evicted_by_newer_frame,,,0,,,,,never validated (dropped before inference),,,,,queue_drop_evicted,,
8681,05:47.240,1791382982.0362048,1791382982.0362048,295.36,no,,200,200,1,PitchDetectError: response held no keypoints,False,0,,no keypoints to validate,,calibration_expired,,457.93,no_keypoints,response held no keypoints,0
8686,05:47.440,1791382982.229536,1791382982.229536,390.93,yes,queue_full_evicted_by_newer_frame,,,0,,,,,never validated (dropped before inference),,,,,queue_drop_evicted,,
8691,05:47.640,1791382982.4260669,1791382982.4260669,363.43,no,,200,200,1,PitchDetectError: response held no keypoints,False,0,,no keypoints to validate,,calibration_expired,,448.85,no_keypoints,response held no keypoints,0
8696,05:47.840,1791382982.6212416,1791382982.6212416,376.2,yes,queue_full_evicted_by_newer_frame,,,0,,,,,never validated (dropped before inference),,,,,queue_drop_evicted,,
8701,05:48.040,1791382982.8147235,1791382982.8147235,383.0,yes,queue_full_evicted_by_newer_frame,,,0,,,,,never validated (dropped before inference),,,,,queue_drop_evicted,,
8706,05:48.240,1791382982.99752,1791382982.99752,242.18,no,,200,200,1,PitchDetectError: response held no keypoints,False,0,,no keypoints to validate,,calibration_expired,,477.07,no_keypoints,response held no keypoints,0
8711,05:48.440,1791382983.1976388,1791382983.1976388,360.02,yes,queue_full_evicted_by_newer_frame,,,0,,,,,never validated (dropped before inference),,,,,queue_drop_evicted,,
8716,05:48.640,1791382983.3874757,1791382983.3874757,328.39,no,,200,200,1,PitchDetectError: response held no keypoints,False,0,,no keypoints to validate,,calibration_expired,,415.53,no_keypoints,response held no keypoints,0
8721,05:48.840,1791382983.5583022,1791382983.5583022,346.1,yes,queue_full_evicted_by_newer_frame,,,0,,,,,never validated (dropped before inference),,,,,queue_drop_evicted,,
8726,05:49.040,1791382983.7264485,1791382983.7264485,348.32,yes,queue_full_evicted_by_newer_frame,,,0,,,,,never validated (dropped before inference),,,,,queue_drop_evicted,,
8731,05:49.240,1791382983.9038832,1791382983.9038832,228.51,no,,200,200,1,PitchDetectError: response held no keypoints,False,0,,no keypoints to validate,,calibration_expired,,451.44,no_keypoints,response held no keypoints,0
8736,05:49.440,1791382984.074669,1791382984.074669,509.62,no,,200,200,1,PitchDetectError: response held no keypoints,False,0,,no keypoints to validate,,calibration_expired,,412.6,no_keypoints,response held no keypoints,0
8741,05:49.640,1791382984.2460952,1791382984.2460952,750.69,no,,200,200,1,PitchDetectError: response held no keypoints,False,0,,no keypoints to validate,,calibration_expired,,418.15,no_keypoints,response held no keypoints,0
8746,05:49.840,1791382986.0875864,1791382986.0875864,0.34,no,,200,200,1,PitchDetectError: response held no keypoints,False,0,,no keypoints to validate,,calibration_expired,,427.37,no_keypoints,response held no keypoints,0
8751,05:50.040,1791382986.274558,1791382986.274558,242.21,no,,200,200,1,PitchDetectError: response held no keypoints,False,0,,no keypoints to validate,,calibration_expired,,401.21,no_keypoints,response held no keypoints,0
8756,05:50.240,1791382986.453841,1791382986.453841,346.77,yes,queue_full_evicted_by_newer_frame,,,0,,,,,never validated (dropped before inference),,,,,queue_drop_evicted,,
8761,05:50.440,1791382986.6276736,1791382986.6276736,288.85,no,,200,200,1,PitchDetectError: response held no keypoints,False,0,,no keypoints to validate,,calibration_expired,,625.37,no_keypoints,response held no keypoints,0
8766,05:50.640,1791382986.803818,1791382986.803818,421.05,yes,queue_full_evicted_by_newer_frame,,,0,,,,,never validated (dropped before inference),,,,,queue_drop_evicted,,
8771,05:50.840,1791382986.9914613,1791382986.9914613,403.45,yes,queue_full_evicted_by_newer_frame,,,0,,,,,never validated (dropped before inference),,,,,queue_drop_evicted,,
8776,05:51.040,1791382987.223856,1791382987.223856,319.41,no,,200,200,1,PitchDetectError: response held no keypoints,False,0,,no keypoints to validate,,calibration_expired,,442.55,no_keypoints,response held no keypoints,0
8781,05:51.240,1791382987.3953633,1791382987.3953633,355.97,yes,queue_full_evicted_by_newer_frame,,,0,,,,,never validated (dropped before inference),,,,,queue_drop_evicted,,
8786,05:51.440,1791382987.5676641,1791382987.5676641,362.17,yes,queue_full_evicted_by_newer_frame,,,0,,,,,never validated (dropped before inference),,,,,queue_drop_evicted,,
8791,05:51.640,1791382987.7505796,1791382987.7505796,235.75,no,,200,200,1,PitchDetectError: response held no keypoints,False,0,,no keypoints to validate,,calibration_expired,,434.82,no_keypoints,response held no keypoints,0
8796,05:51.840,1791382987.930191,1791382987.930191,363.71,yes,queue_full_evicted_by_newer_frame,,,0,,,,,never validated (dropped before inference),,,,,queue_drop_evicted,,
8801,05:52.040,1791382988.1175418,1791382988.1175418,304.08,no,,200,200,1,PitchDetectError: response held no keypoints,False,0,,no keypoints to validate,,calibration_expired,,488.62,no_keypoints,response held no keypoints,0
8806,05:52.240,1791382988.2931917,1791382988.2931917,377.29,yes,queue_full_evicted_by_newer_frame,,,0,,,,,never validated (dropped before inference),,,,,queue_drop_evicted,,
8811,05:52.440,1791382988.4853091,1791382988.4853091,376.12,yes,queue_full_evicted_by_newer_frame,,,0,,,,,never validated (dropped before inference),,,,,queue_drop_evicted,,
8816,05:52.640,1791382988.668649,1791382988.668649,240.17,no,,200,200,1,PitchDetectError: response held no keypoints,False,0,,no keypoints to validate,,calibration_expired,,532.17,no_keypoints,response held no keypoints,0
8821,05:52.840,1791382988.862117,1791382988.862117,358.21,yes,queue_full_evicted_by_newer_frame,,,0,,,,,never validated (dropped before inference),,,,,queue_drop_evicted,,
8826,05:53.040,1791382989.036947,1791382989.036947,365.26,yes,queue_full_evicted_by_newer_frame,,,0,,,,,never validated (dropped before inference),,,,,queue_drop_evicted,,
8831,05:53.240,1791382989.2177477,1791382989.2177477,223.08,no,,200,200,1,PitchDetectError: response held no keypoints,False,0,,no keypoints to validate,,calibration_expired,,432.49,no_keypoints,response held no keypoints,0
8836,05:53.440,1791382989.4040372,1791382989.4040372,354.81,yes,queue_full_evicted_by_newer_frame,,,0,,,,,never validated (dropped before inference),,,,,queue_drop_evicted,,
8841,05:53.640,1791382989.5871081,1791382989.5871081,289.25,no,,200,200,1,PitchDetectError: response held no keypoints,False,0,,no keypoints to validate,,calibration_expired,,437.38,no_keypoints,response held no keypoints,0
8846,05:53.840,1791382989.7588775,1791382989.7588775,344.35,yes,queue_full_evicted_by_newer_frame,,,0,,,,,never validated (dropped before inference),,,,,queue_drop_evicted,,
8851,05:54.040,1791382989.937998,1791382989.937998,336.4,yes,queue_full_evicted_by_newer_frame,,,0,,,,,never validated (dropped before inference),,,,,queue_drop_evicted,,
8856,05:54.240,1791382990.1032736,1791382990.1032736,210.71,no,,200,200,1,PitchDetectError: response held no keypoints,False,0,,no keypoints to validate,,calibration_expired,,429.0,no_keypoints,response held no keypoints,0
8861,05:54.440,1791382990.2745612,1791382990.2745612,380.93,yes,queue_full_evicted_by_newer_frame,,,0,,,,,never validated (dropped before inference),,,,,queue_drop_evicted,,
8866,05:54.640,1791382990.460343,1791382990.460343,282.87,no,,200,200,1,PitchDetectError: response held no keypoints,False,0,,no keypoints to validate,,calibration_expired,,427.4,no_keypoints,response held no keypoints,0
8871,05:54.840,1791382990.655838,1791382990.655838,361.57,yes,queue_full_evicted_by_newer_frame,,,0,,,,,never validated (dropped before inference),,,,,queue_drop_evicted,,
8876,05:55.040,1791382990.8353648,1791382990.8353648,335.31,no,,200,200,1,PitchDetectError: response held no keypoints,False,0,,no keypoints to validate,,calibration_expired,,453.76,no_keypoints,response held no keypoints,0
8881,05:55.240,1791382991.0163407,1791382991.0163407,402.68,yes,queue_full_evicted_by_newer_frame,,,0,,,,,never validated (dropped before inference),,,,,queue_drop_evicted,,
8886,05:55.440,1791382991.2200222,1791382991.2200222,404.98,no,,200,200,1,PitchDetectError: response held no keypoints,False,0,,no keypoints to validate,,calibration_expired,,538.14,no_keypoints,response held no keypoints,0
8891,05:55.640,1791382991.4192705,1791382991.4192705,415.34,yes,queue_full_evicted_by_newer_frame,,,0,,,,,never validated (dropped before inference),,,,,queue_drop_evicted,,
8896,05:55.840,1791382991.6280274,1791382991.6280274,402.86,yes,queue_full_evicted_by_newer_frame,,,0,,,,,never validated (dropped before inference),,,,,queue_drop_evicted,,
8901,05:56.040,1791382991.8352041,1791382991.8352041,328.34,no,,200,200,1,PitchDetectError: response held no keypoints,False,0,,no keypoints to validate,,calibration_expired,,423.21,no_keypoints,response held no keypoints,0
8906,05:56.240,1791382992.0310385,1791382992.0310385,369.25,yes,queue_full_evicted_by_newer_frame,,,0,,,,,never validated (dropped before inference),,,,,queue_drop_evicted,,
8911,05:56.440,1791382992.2123892,1791382992.2123892,373.73,no,,200,200,1,PitchDetectError: response held no keypoints,False,0,,no keypoints to validate,,calibration_expired,,442.96,no_keypoints,response held no keypoints,0
8916,05:56.640,1791382992.399428,1791382992.399428,379.79,yes,queue_full_evicted_by_newer_frame,,,0,,,,,never validated (dropped before inference),,,,,queue_drop_evicted,,
8921,05:56.840,1791382992.5868764,1791382992.5868764,440.96,no,,200,200,1,PitchDetectError: response held no keypoints,False,0,,no keypoints to validate,,calibration_expired,,455.43,no_keypoints,response held no keypoints,0
8926,05:57.040,1791382992.779587,1791382992.779587,705.87,no,,200,200,1,PitchDetectError: response held no keypoints,False,0,,no keypoints to validate,,calibration_expired,,463.03,no_keypoints,response held no keypoints,0
8931,05:57.240,1791382994.1253421,1791382994.1253421,0.27,no,,200,200,1,PitchDetectError: response held no keypoints,False,0,,no keypoints to validate,,calibration_expired,,458.0,no_keypoints,response held no keypoints,0
8936,05:57.440,1791382994.3180182,1791382994.3180182,266.25,no,,200,200,1,PitchDetectError: response held no keypoints,False,0,,no keypoints to validate,,calibration_expired,,476.68,no_keypoints,response held no keypoints,0
8941,05:57.640,1791382994.515679,1791382994.515679,360.95,yes,queue_full_evicted_by_newer_frame,,,0,,,,,never validated (dropped before inference),,,,,queue_drop_evicted,,
8946,05:57.840,1791382994.6929896,1791382994.6929896,366.49,yes,queue_full_evicted_by_newer_frame,,,0,,,,,never validated (dropped before inference),,,,,queue_drop_evicted,,
8951,05:58.040,1791382994.8770626,1791382994.8770626,183.55,no,,200,200,1,PitchDetectError: response held no keypoints,False,0,,no keypoints to validate,,calibration_expired,,507.86,no_keypoints,response held no keypoints,0
8956,05:58.240,1791382995.0570471,1791382995.0570471,398.2,yes,queue_full_evicted_by_newer_frame,,,0,,,,,never validated (dropped before inference),,,,,queue_drop_evicted,,
8961,05:58.440,1791382995.2842183,1791382995.2842183,284.58,no,,200,200,1,PitchDetectError: response held no keypoints,False,0,,no keypoints to validate,,calibration_expired,,581.75,no_keypoints,response held no keypoints,0
8966,05:58.640,1791382995.4577863,1791382995.4577863,339.32,yes,queue_full_evicted_by_newer_frame,,,0,,,,,never validated (dropped before inference),,,,,queue_drop_evicted,,
8971,05:58.840,1791382995.6453607,1791382995.6453607,322.12,yes,queue_full_evicted_by_newer_frame,,,0,,,,,never validated (dropped before inference),,,,,queue_drop_evicted,,
8976,05:59.040,1791382995.7966235,1791382995.7966235,354.27,no,,200,200,1,PitchDetectError: response held no keypoints,False,0,,no keypoints to validate,,calibration_expired,,460.31,no_keypoints,response held no keypoints,0
8981,05:59.240,1791382995.967626,1791382995.967626,423.39,yes,queue_full_evicted_by_newer_frame,,,0,,,,,never validated (dropped before inference),,,,,queue_drop_evicted,,
8986,05:59.440,1791382996.193183,1791382996.193183,383.57,yes,queue_full_evicted_by_newer_frame,,,0,,,,,never validated (dropped before inference),,,,,queue_drop_evicted,,
8991,05:59.640,1791382996.3913422,1791382996.3913422,220.69,no,,200,200,1,PitchDetectError: response held no keypoints,False,0,,no keypoints to validate,,calibration_expired,,470.93,no_keypoints,response held no keypoints,0
8996,05:59.840,1791382996.5773826,1791382996.5773826,370.73,yes,queue_full_evicted_by_newer_frame,,,0,,,,,never validated (dropped before inference),,,,,queue_drop_evicted,,
9001,06:00.040,1791382996.7631721,1791382996.7631721,319.17,no,,200,200,1,PitchDetectError: response held no keypoints,False,0,,no keypoints to validate,,calibration_expired,,491.03,no_keypoints,response held no keypoints,0
9006,06:00.240,1791382996.946594,1791382996.946594,396.19,yes,queue_full_evicted_by_newer_frame,,,0,,,,,never validated (dropped before inference),,,,,queue_drop_evicted,,
9011,06:00.440,1791382997.153852,1791382997.153852,386.52,yes,queue_full_evicted_by_newer_frame,,,0,,,,,never validated (dropped before inference),,,,,queue_drop_evicted,,
9016,06:00.640,1791382997.3441448,1791382997.3441448,229.84,no,,200,200,1,PitchDetectError: response held no keypoints,False,0,,no keypoints to validate,,calibration_expired,,526.31,no_keypoints,response held no keypoints,0
9021,06:00.840,1791382997.5417564,1791382997.5417564,349.39,yes,queue_full_evicted_by_newer_frame,,,0,,,,,never validated (dropped before inference),,,,,queue_drop_evicted,,
9026,06:01.040,1791382997.721475,1791382997.721475,348.07,yes,queue_full_evicted_by_newer_frame,,,0,,,,,never validated (dropped before inference),,,,,queue_drop_evicted,,
9031,06:01.240,1791382997.8882442,1791382997.8882442,210.09,no,,200,200,1,PitchDetectError: response held no keypoints,False,0,,no keypoints to validate,,calibration_expired,,461.99,no_keypoints,response held no keypoints,0
9036,06:01.440,1791382998.0687065,1791382998.0687065,349.97,yes,queue_full_evicted_by_newer_frame,,,0,,,,,never validated (dropped before inference),,,,,queue_drop_evicted,,
9041,06:01.640,1791382998.2366729,1791382998.2366729,322.71,no,,200,200,1,PitchDetectError: response held no keypoints,False,0,,no keypoints to validate,,calibration_expired,,449.9,no_keypoints,response held no keypoints,0
9046,06:01.840,1791382998.4191668,1791382998.4191668,440.63,yes,queue_full_evicted_by_newer_frame,,,0,,,,,never validated (dropped before inference),,,,,queue_drop_evicted,,
9051,06:02.040,1791382998.6466727,1791382998.6466727,365.52,no,,200,200,1,PitchDetectError: response held no keypoints,False,0,,no keypoints to validate,,calibration_expired,,541.0,no_keypoints,response held no keypoints,0
9056,06:02.240,1791382998.8607192,1791382998.8607192,497.03,yes,queue_full_evicted_by_newer_frame,,,0,,,,,never validated (dropped before inference),,,,,queue_drop_evicted,,
9061,06:02.440,1791382999.140112,1791382999.140112,413.88,no,,200,200,1,PitchDetectError: response held no keypoints,False,0,,no keypoints to validate,,calibration_expired,,449.06,no_keypoints,response held no keypoints,0
9066,06:02.640,1791382999.3579724,1791382999.3579724,435.2,yes,queue_full_evicted_by_newer_frame,,,0,,,,,never validated (dropped before inference),,,,,queue_drop_evicted,,
9071,06:02.840,1791382999.5784183,1791382999.5784183,418.29,yes,queue_full_evicted_by_newer_frame,,,0,,,,,never validated (dropped before inference),,,,,queue_drop_evicted,,
9076,06:03.040,1791382999.7924917,1791382999.7924917,211.29,no,,200,200,1,PitchDetectError: response held no keypoints,False,0,,no keypoints to validate,,calibration_expired,,427.17,no_keypoints,response held no keypoints,0
9081,06:03.240,1791382999.9975107,1791382999.9975107,404.09,yes,queue_full_evicted_by_newer_frame,,,0,,,,,never validated (dropped before inference),,,,,queue_drop_evicted,,
9086,06:03.440,1791383000.1966734,1791383000.1966734,234.44,no,,200,200,1,PitchDetectError: response held no keypoints,False,0,,no keypoints to validate,,calibration_expired,,456.31,no_keypoints,response held no keypoints,0
9091,06:03.640,1791383000.4011416,1791383000.4011416,414.61,yes,queue_full_evicted_by_newer_frame,,,0,,,,,never validated (dropped before inference),,,,,queue_drop_evicted,,
9096,06:03.840,1791383000.614766,1791383000.614766,273.4,no,,200,200,1,PitchDetectError: response held no keypoints,False,0,,no keypoints to validate,,calibration_expired,,457.93,no_keypoints,response held no keypoints,0
9101,06:04.040,1791383000.8151102,1791383000.8151102,530.57,no,,200,200,1,PitchDetectError: response held no keypoints,False,0,,no keypoints to validate,,calibration_expired,,475.31,no_keypoints,response held no keypoints,0
9106,06:04.240,1791383002.3978672,1791383002.3978672,0.35,no,,200,200,1,PitchDetectError: response held no keypoints,False,0,,no keypoints to validate,,calibration_expired,,456.95,no_keypoints,response held no keypoints,0
9111,06:04.440,1791383002.5836585,1791383002.5836585,272.53,no,,200,200,1,PitchDetectError: response held no keypoints,False,0,,no keypoints to validate,,calibration_expired,,454.8,no_keypoints,response held no keypoints,0
9116,06:04.640,1791383002.7652268,1791383002.7652268,412.69,yes,queue_full_evicted_by_newer_frame,,,0,,,,,never validated (dropped before inference),,,,,queue_drop_evicted,,
9121,06:04.840,1791383002.9969757,1791383002.9969757,314.0,no,,200,200,1,PitchDetectError: response held no keypoints,False,0,,no keypoints to validate,,calibration_expired,,462.58,no_keypoints,response held no keypoints,0
9126,06:05.040,1791383003.1788888,1791383003.1788888,373.03,yes,queue_full_evicted_by_newer_frame,,,0,,,,,never validated (dropped before inference),,,,,queue_drop_evicted,,
9131,06:05.240,1791383003.361269,1791383003.361269,376.3,yes,queue_full_evicted_by_newer_frame,,,0,,,,,never validated (dropped before inference),,,,,queue_drop_evicted,,
9136,06:05.440,1791383003.5521984,1791383003.5521984,221.38,no,,200,200,1,PitchDetectError: response held no keypoints,False,0,,no keypoints to validate,,calibration_expired,,462.75,no_keypoints,response held no keypoints,0
9141,06:05.640,1791383003.738694,1791383003.738694,364.9,yes,queue_full_evicted_by_newer_frame,,,0,,,,,never validated (dropped before inference),,,,,queue_drop_evicted,,
9146,06:05.840,1791383003.9265542,1791383003.9265542,309.53,no,,200,200,1,PitchDetectError: response held no keypoints,False,0,,no keypoints to validate,,calibration_expired,,474.64,no_keypoints,response held no keypoints,0
9151,06:06.040,1791383004.1032403,1791383004.1032403,351.7,yes,queue_full_evicted_by_newer_frame,,,0,,,,,never validated (dropped before inference),,,,,queue_drop_evicted,,
9156,06:06.240,1791383004.2798119,1791383004.2798119,356.59,yes,queue_full_evicted_by_newer_frame,,,0,,,,,never validated (dropped before inference),,,,,queue_drop_evicted,,
9161,06:06.440,1791383004.455782,1791383004.455782,256.15,no,,200,200,1,PitchDetectError: response held no keypoints,False,0,,no keypoints to validate,,calibration_expired,,431.08,no_keypoints,response held no keypoints,0
9166,06:06.640,1791383004.6365323,1791383004.6365323,384.42,yes,queue_full_evicted_by_newer_frame,,,0,,,,,never validated (dropped before inference),,,,,queue_drop_evicted,,
9171,06:06.840,1791383004.826692,1791383004.826692,313.89,no,,200,200,1,PitchDetectError: response held no keypoints,False,0,,no keypoints to validate,,calibration_expired,,444.26,no_keypoints,response held no keypoints,0
9176,06:07.040,1791383005.020821,1791383005.020821,386.91,yes,queue_full_evicted_by_newer_frame,,,0,,,,,never validated (dropped before inference),,,,,queue_drop_evicted,,
9181,06:07.240,1791383005.2121139,1791383005.2121139,374.88,no,,200,200,1,PitchDetectError: response held no keypoints,False,0,,no keypoints to validate,,calibration_expired,,442.12,no_keypoints,response held no keypoints,0
9186,06:07.440,1791383005.4077058,1791383005.4077058,391.07,yes,queue_full_evicted_by_newer_frame,,,0,,,,,never validated (dropped before inference),,,,,queue_drop_evicted,,
9191,06:07.640,1791383005.6011562,1791383005.6011562,398.93,yes,queue_full_evicted_by_newer_frame,,,0,,,,,never validated (dropped before inference),,,,,queue_drop_evicted,,
9196,06:07.840,1791383005.7983837,1791383005.7983837,231.08,no,,200,200,1,PitchDetectError: response held no keypoints,False,0,,no keypoints to validate,,calibration_expired,,449.26,no_keypoints,response held no keypoints,0
9201,06:08.040,1791383006.0009437,1791383006.0009437,399.71,yes,queue_full_evicted_by_newer_frame,,,0,,,,,never validated (dropped before inference),,,,,queue_drop_evicted,,
9206,06:08.240,1791383006.2067072,1791383006.2067072,272.27,no,,200,200,1,PitchDetectError: response held no keypoints,False,0,,no keypoints to validate,,calibration_expired,,1434.47,no_keypoints,response held no keypoints,0
9211,06:08.440,1791383006.4002001,1791383006.4002001,404.68,yes,queue_full_evicted_by_newer_frame,,,0,,,,,never validated (dropped before inference),,,,,queue_drop_evicted,,
9216,06:08.640,1791383006.6029954,1791383006.6029954,405.37,yes,queue_full_evicted_by_newer_frame,,,0,,,,,never validated (dropped before inference),,,,,queue_drop_evicted,,
9221,06:08.840,1791383006.8048868,1791383006.8048868,403.26,yes,queue_full_evicted_by_newer_frame,,,0,,,,,never validated (dropped before inference),,,,,queue_drop_evicted,,
9226,06:09.040,1791383007.0067244,1791383007.0067244,408.54,yes,queue_full_evicted_by_newer_frame,,,0,,,,,never validated (dropped before inference),,,,,queue_drop_evicted,,
9231,06:09.240,1791383007.2078037,1791383007.2078037,413.6,yes,queue_full_evicted_by_newer_frame,,,0,,,,,never validated (dropped before inference),,,,,queue_drop_evicted,,
9236,06:09.440,1791383007.4168582,1791383007.4168582,407.47,yes,queue_full_evicted_by_newer_frame,,,0,,,,,never validated (dropped before inference),,,,,queue_drop_evicted,,
9241,06:09.640,1791383007.6216202,1791383007.6216202,292.31,no,,200,200,1,PitchDetectError: response held no keypoints,False,0,,no keypoints to validate,,calibration_expired,,451.58,no_keypoints,response held no keypoints,0
9246,06:09.840,1791383007.8237758,1791383007.8237758,411.53,yes,queue_full_evicted_by_newer_frame,,,0,,,,,never validated (dropped before inference),,,,,queue_drop_evicted,,
9251,06:10.040,1791383008.0342307,1791383008.0342307,330.87,no,,200,200,1,PitchDetectError: response held no keypoints,False,0,,no keypoints to validate,,calibration_expired,,463.76,no_keypoints,response held no keypoints,0
9256,06:10.240,1791383008.2355883,1791383008.2355883,394.88,yes,queue_full_evicted_by_newer_frame,,,0,,,,,never validated (dropped before inference),,,,,queue_drop_evicted,,
9261,06:10.440,1791383008.435013,1791383008.435013,390.31,yes,queue_full_evicted_by_newer_frame,,,0,,,,,never validated (dropped before inference),,,,,queue_drop_evicted,,
9266,06:10.640,1791383008.630422,1791383008.630422,199.15,no,,200,200,1,PitchDetectError: response held no keypoints,False,0,,no keypoints to validate,,calibration_expired,,457.7,no_keypoints,response held no keypoints,0
9271,06:10.840,1791383008.82623,1791383008.82623,409.53,yes,queue_full_evicted_by_newer_frame,,,0,,,,,never validated (dropped before inference),,,,,queue_drop_evicted,,
9276,06:11.040,1791383009.0344439,1791383009.0344439,253.5,no,,200,200,1,PitchDetectError: response held no keypoints,False,0,,no keypoints to validate,,calibration_expired,,454.94,no_keypoints,response held no keypoints,0
9281,06:11.240,1791383009.235722,1791383009.235722,507.47,no,,200,200,1,PitchDetectError: response held no keypoints,False,0,,no keypoints to validate,,calibration_expired,,448.24,no_keypoints,response held no keypoints,0
9286,06:11.440,1791383011.5869946,1791383011.5869946,0.39,no,,200,200,1,PitchDetectError: response held no keypoints,False,0,,no keypoints to validate,,calibration_expired,,511.23,no_keypoints,response held no keypoints,0
9291,06:11.640,1791383011.8809423,1791383011.8809423,217.88,no,,200,200,1,PitchDetectError: response held no keypoints,False,0,,no keypoints to validate,,calibration_expired,,470.96,no_keypoints,response held no keypoints,0
9296,06:11.840,1791383012.076494,1791383012.076494,381.51,yes,queue_full_evicted_by_newer_frame,,,0,,,,,never validated (dropped before inference),,,,,queue_drop_evicted,,
9301,06:12.040,1791383012.2679255,1791383012.2679255,301.45,no,,200,200,1,PitchDetectError: response held no keypoints,False,0,,no keypoints to validate,,calibration_expired,,479.05,no_keypoints,response held no keypoints,0
9306,06:12.240,1791383012.4576488,1791383012.4576488,399.22,yes,queue_full_evicted_by_newer_frame,,,0,,,,,never validated (dropped before inference),,,,,queue_drop_evicted,,
9311,06:12.440,1791383012.6635,1791383012.6635,385.21,no,,200,200,1,PitchDetectError: response held no keypoints,False,0,,no keypoints to validate,,calibration_expired,,442.41,no_keypoints,response held no keypoints,0
9316,06:12.640,1791383012.8569717,1791383012.8569717,379.32,yes,queue_full_evicted_by_newer_frame,,,0,,,,,never validated (dropped before inference),,,,,queue_drop_evicted,,
9321,06:12.840,1791383013.0497856,1791383013.0497856,364.98,yes,queue_full_evicted_by_newer_frame,,,0,,,,,never validated (dropped before inference),,,,,queue_drop_evicted,,
9326,06:13.040,1791383013.2353275,1791383013.2353275,255.6,no,,200,200,1,PitchDetectError: response held no keypoints,False,0,,no keypoints to validate,,calibration_expired,,466.89,no_keypoints,response held no keypoints,0
9331,06:13.240,1791383013.4145637,1791383013.4145637,377.38,yes,queue_full_evicted_by_newer_frame,,,0,,,,,never validated (dropped before inference),,,,,queue_drop_evicted,,
9336,06:13.440,1791383013.6019835,1791383013.6019835,356.76,no,,200,200,1,PitchDetectError: response held no keypoints,False,0,,no keypoints to validate,,calibration_expired,,425.32,no_keypoints,response held no keypoints,0
9341,06:13.640,1791383013.7909057,1791383013.7909057,386.46,yes,queue_full_evicted_by_newer_frame,,,0,,,,,never validated (dropped before inference),,,,,queue_drop_evicted,,
9346,06:13.840,1791383013.983339,1791383013.983339,391.88,yes,queue_full_evicted_by_newer_frame,,,0,,,,,never validated (dropped before inference),,,,,queue_drop_evicted,,
9351,06:14.040,1791383014.1787455,1791383014.1787455,206.25,no,,200,200,1,PitchDetectError: response held no keypoints,False,0,,no keypoints to validate,,calibration_expired,,444.2,no_keypoints,response held no keypoints,0
9356,06:14.240,1791383014.3753214,1791383014.3753214,389.75,yes,queue_full_evicted_by_newer_frame,,,0,,,,,never validated (dropped before inference),,,,,queue_drop_evicted,,
9361,06:14.440,1791383014.5724983,1791383014.5724983,256.82,no,,200,200,1,PitchDetectError: response held no keypoints,False,0,,no keypoints to validate,,calibration_expired,,455.15,no_keypoints,response held no keypoints,0
9366,06:14.640,1791383014.7645538,1791383014.7645538,394.28,yes,queue_full_evicted_by_newer_frame,,,0,,,,,never validated (dropped before inference),,,,,queue_drop_evicted,,
9371,06:14.840,1791383014.9607825,1791383014.9607825,323.35,no,,200,200,1,PitchDetectError: response held no keypoints,False,0,,no keypoints to validate,,calibration_expired,,452.51,no_keypoints,response held no keypoints,0
9376,06:15.040,1791383015.1586905,1791383015.1586905,391.71,yes,queue_full_evicted_by_newer_frame,,,0,,,,,never validated (dropped before inference),,,,,queue_drop_evicted,,
9381,06:15.240,1791383015.3601687,1791383015.3601687,372.53,yes,queue_full_evicted_by_newer_frame,,,0,,,,,never validated (dropped before inference),,,,,queue_drop_evicted,,
9386,06:15.440,1791383015.5505002,1791383015.5505002,186.22,no,,200,200,1,PitchDetectError: response held no keypoints,False,0,,no keypoints to validate,,calibration_expired,,419.23,no_keypoints,response held no keypoints,0
9391,06:15.640,1791383015.7328215,1791383015.7328215,360.47,yes,queue_full_evicted_by_newer_frame,,,0,,,,,never validated (dropped before inference),,,,,queue_drop_evicted,,
9396,06:15.840,1791383015.917697,1791383015.917697,239.06,no,,200,200,1,PitchDetectError: response held no keypoints,False,0,,no keypoints to validate,,calibration_expired,,413.54,no_keypoints,response held no keypoints,0
9401,06:16.040,1791383016.0935807,1791383016.0935807,357.04,yes,queue_full_evicted_by_newer_frame,,,0,,,,,never validated (dropped before inference),,,,,queue_drop_evicted,,
9406,06:16.240,1791383016.2724357,1791383016.2724357,297.67,no,,200,200,1,PitchDetectError: response held no keypoints,False,0,,no keypoints to validate,,calibration_expired,,408.1,no_keypoints,response held no keypoints,0
9411,06:16.440,1791383016.4504251,1791383016.4504251,375.98,yes,queue_full_evicted_by_newer_frame,,,0,,,,,never validated (dropped before inference),,,,,queue_drop_evicted,,
9416,06:16.640,1791383016.6385074,1791383016.6385074,340.11,no,,200,200,1,PitchDetectError: response held no keypoints,False,0,,no keypoints to validate,,calibration_expired,,1463.79,no_keypoints,response held no keypoints,0
9421,06:16.840,1791383016.825083,1791383016.825083,385.14,yes,queue_full_evicted_by_newer_frame,,,0,,,,,never validated (dropped before inference),,,,,queue_drop_evicted,,
9426,06:17.040,1791383017.0136685,1791383017.0136685,390.08,yes,queue_full_evicted_by_newer_frame,,,0,,,,,never validated (dropped before inference),,,,,queue_drop_evicted,,
9431,06:17.240,1791383017.211701,1791383017.211701,407.39,yes,queue_full_evicted_by_newer_frame,,,0,,,,,never validated (dropped before inference),,,,,queue_drop_evicted,,
9436,06:17.440,1791383017.4040391,1791383017.4040391,434.16,yes,queue_full_evicted_by_newer_frame,,,0,,,,,never validated (dropped before inference),,,,,queue_drop_evicted,,
9441,06:17.640,1791383017.6184418,1791383017.6184418,420.14,yes,queue_full_evicted_by_newer_frame,,,0,,,,,never validated (dropped before inference),,,,,queue_drop_evicted,,
9446,06:17.840,1791383017.8380363,1791383017.8380363,394.62,yes,queue_full_evicted_by_newer_frame,,,0,,,,,never validated (dropped before inference),,,,,queue_drop_evicted,,
9451,06:18.040,1791383018.038756,1791383018.038756,383.82,yes,queue_full_evicted_by_newer_frame,,,0,,,,,never validated (dropped before inference),,,,,queue_drop_evicted,,
9456,06:18.240,1791383018.233254,1791383018.233254,209.85,no,,200,200,1,PitchDetectError: response held no keypoints,False,0,,no keypoints to validate,,calibration_expired,,448.05,no_keypoints,response held no keypoints,0
9461,06:18.440,1791383018.42171,1791383018.42171,382.9,yes,queue_full_evicted_by_newer_frame,,,0,,,,,never validated (dropped before inference),,,,,queue_drop_evicted,,
9466,06:18.640,1791383018.6250653,1791383018.6250653,265.38,no,,200,200,1,PitchDetectError: response held no keypoints,False,0,,no keypoints to validate,,calibration_expired,,468.07,no_keypoints,response held no keypoints,0
9471,06:18.840,1791383018.8041687,1791383018.8041687,353.66,yes,queue_full_evicted_by_newer_frame,,,0,,,,,never validated (dropped before inference),,,,,queue_drop_evicted,,
9476,06:19.040,1791383018.9846375,1791383018.9846375,354.62,yes,queue_full_evicted_by_newer_frame,,,0,,,,,never validated (dropped before inference),,,,,queue_drop_evicted,,
9481,06:19.240,1791383019.158367,1791383019.158367,200.44,no,,200,200,1,,True,4,0.6131,refused: only_0_usable_keypoints,only_0_usable_keypoints,calibration_expired,no,469.93,refused,,1
9486,06:19.440,1791383019.3398733,1791383019.3398733,381.34,yes,queue_full_evicted_by_newer_frame,,,0,,,,,never validated (dropped before inference),,,,,queue_drop_evicted,,
9491,06:19.640,1791383019.5305295,1791383019.5305295,298.87,no,,200,200,1,,True,4,0.7015,refused: only_2_usable_keypoints,only_2_usable_keypoints,calibration_expired,no,585.8,refused,,1
9496,06:19.840,1791383019.721154,1791383019.721154,695.04,no,,200,200,1,,True,4,0.6594,refused: only_2_usable_keypoints,only_2_usable_keypoints,calibration_expired,no,514.33,refused,,1
9501,06:20.040,1791383021.2536905,1791383021.2536905,0.28,no,,200,200,1,PitchDetectError: response held no keypoints,False,0,,no keypoints to validate,,calibration_expired,,498.34,no_keypoints,response held no keypoints,0
9506,06:20.240,1791383021.477295,1791383021.477295,275.91,no,,200,200,1,PitchDetectError: response held no keypoints,False,0,,no keypoints to validate,,calibration_expired,,483.16,no_keypoints,response held no keypoints,0
9511,06:20.440,1791383021.6779013,1791383021.6779013,396.24,yes,queue_full_evicted_by_newer_frame,,,0,,,,,never validated (dropped before inference),,,,,queue_drop_evicted,,
9516,06:20.640,1791383021.8839412,1791383021.8839412,352.87,no,,200,200,1,PitchDetectError: response held no keypoints,False,0,,no keypoints to validate,,calibration_expired,,447.76,no_keypoints,response held no keypoints,0
9521,06:20.840,1791383022.074611,1791383022.074611,348.74,yes,queue_full_evicted_by_newer_frame,,,0,,,,,never validated (dropped before inference),,,,,queue_drop_evicted,,
9526,06:21.040,1791383022.2536075,1791383022.2536075,340.07,yes,queue_full_evicted_by_newer_frame,,,0,,,,,never validated (dropped before inference),,,,,queue_drop_evicted,,
9531,06:21.240,1791383022.4230626,1791383022.4230626,261.97,no,,200,200,1,PitchDetectError: response held no keypoints,False,0,,no keypoints to validate,,calibration_expired,,444.1,no_keypoints,response held no keypoints,0
9536,06:21.440,1791383022.594101,1791383022.594101,354.44,yes,queue_full_evicted_by_newer_frame,,,0,,,,,never validated (dropped before inference),,,,,queue_drop_evicted,,
9541,06:21.640,1791383022.7721565,1791383022.7721565,350.32,yes,queue_full_evicted_by_newer_frame,,,0,,,,,never validated (dropped before inference),,,,,queue_drop_evicted,,
9546,06:21.840,1791383022.9478161,1791383022.9478161,181.12,no,,200,200,1,PitchDetectError: response held no keypoints,False,0,,no keypoints to validate,,calibration_expired,,432.44,no_keypoints,response held no keypoints,0
9551,06:22.040,1791383023.1233065,1791383023.1233065,369.91,yes,queue_full_evicted_by_newer_frame,,,0,,,,,never validated (dropped before inference),,,,,queue_drop_evicted,,
9556,06:22.240,1791383023.3091302,1791383023.3091302,252.93,no,,200,200,1,PitchDetectError: response held no keypoints,False,0,,no keypoints to validate,,calibration_expired,,453.48,no_keypoints,response held no keypoints,0
9561,06:22.440,1791383023.4908044,1791383023.4908044,370.0,yes,queue_full_evicted_by_newer_frame,,,0,,,,,never validated (dropped before inference),,,,,queue_drop_evicted,,
9566,06:22.640,1791383023.6796458,1791383023.6796458,335.72,no,,200,200,1,PitchDetectError: response held no keypoints,False,0,,no keypoints to validate,,calibration_expired,,444.1,no_keypoints,response held no keypoints,0
9571,06:22.840,1791383023.8623168,1791383023.8623168,364.75,yes,queue_full_evicted_by_newer_frame,,,0,,,,,never validated (dropped before inference),,,,,queue_drop_evicted,,
9576,06:23.040,1791383024.0429425,1791383024.0429425,363.73,yes,queue_full_evicted_by_newer_frame,,,0,,,,,never validated (dropped before inference),,,,,queue_drop_evicted,,
9581,06:23.240,1791383024.2267332,1791383024.2267332,232.79,no,,200,200,1,PitchDetectError: response held no keypoints,False,0,,no keypoints to validate,,calibration_expired,,441.03,no_keypoints,response held no keypoints,0
9586,06:23.440,1791383024.4079282,1791383024.4079282,409.38,yes,queue_full_evicted_by_newer_frame,,,0,,,,,never validated (dropped before inference),,,,,queue_drop_evicted,,
9591,06:23.640,1791383024.606263,1791383024.606263,295.51,no,,200,200,1,PitchDetectError: response held no keypoints,False,0,,no keypoints to validate,,calibration_expired,,452.18,no_keypoints,response held no keypoints,0
9596,06:23.840,1791383024.8168678,1791383024.8168678,425.79,yes,queue_full_evicted_by_newer_frame,,,0,,,,,never validated (dropped before inference),,,,,queue_drop_evicted,,
9601,06:24.040,1791383025.034948,1791383025.034948,318.87,no,,200,200,1,PitchDetectError: response held no keypoints,False,0,,no keypoints to validate,,calibration_expired,,461.7,no_keypoints,response held no keypoints,0
9606,06:24.240,1791383025.241205,1791383025.241205,422.87,yes,queue_full_evicted_by_newer_frame,,,0,,,,,never validated (dropped before inference),,,,,queue_drop_evicted,,
9611,06:24.440,1791383025.4566896,1791383025.4566896,359.24,no,,200,200,1,PitchDetectError: response held no keypoints,False,0,,no keypoints to validate,,calibration_expired,,470.2,no_keypoints,response held no keypoints,0
9616,06:24.640,1791383025.6656716,1791383025.6656716,418.1,yes,queue_full_evicted_by_newer_frame,,,0,,,,,never validated (dropped before inference),,,,,queue_drop_evicted,,
9621,06:24.840,1791383025.8709679,1791383025.8709679,410.82,yes,queue_full_evicted_by_newer_frame,,,0,,,,,never validated (dropped before inference),,,,,queue_drop_evicted,,
9626,06:25.040,1791383026.0838633,1791383026.0838633,203.66,no,,200,200,1,PitchDetectError: response held no keypoints,False,0,,no keypoints to validate,,calibration_expired,,425.85,no_keypoints,response held no keypoints,0
9631,06:25.240,1791383026.2818248,1791383026.2818248,386.88,yes,queue_full_evicted_by_newer_frame,,,0,,,,,never validated (dropped before inference),,,,,queue_drop_evicted,,
9636,06:25.440,1791383026.4770322,1791383026.4770322,234.17,no,,200,200,1,PitchDetectError: response held no keypoints,False,0,,no keypoints to validate,,calibration_expired,,432.18,no_keypoints,response held no keypoints,0
9641,06:25.640,1791383026.6686218,1791383026.6686218,400.82,yes,queue_full_evicted_by_newer_frame,,,0,,,,,never validated (dropped before inference),,,,,queue_drop_evicted,,
9646,06:25.840,1791383026.8687656,1791383026.8687656,276.72,no,,200,200,1,PitchDetectError: response held no keypoints,False,0,,no keypoints to validate,,calibration_expired,,474.67,no_keypoints,response held no keypoints,0
9651,06:26.040,1791383027.0675082,1791383027.0675082,551.02,no,,200,200,1,PitchDetectError: response held no keypoints,False,0,,no keypoints to validate,,calibration_expired,,438.17,no_keypoints,response held no keypoints,0
9656,06:26.240,1791383027.2656932,1791383027.2656932,792.92,no,,200,200,1,PitchDetectError: response held no keypoints,False,0,,no keypoints to validate,,calibration_expired,,458.43,no_keypoints,response held no keypoints,0
9661,06:26.440,1791383028.8843923,1791383028.8843923,0.32,no,,200,200,1,PitchDetectError: response held no keypoints,False,0,,no keypoints to validate,,calibration_expired,,452.17,no_keypoints,response held no keypoints,0
9666,06:26.640,1791383029.086769,1791383029.086769,250.36,no,,200,200,1,PitchDetectError: response held no keypoints,False,0,,no keypoints to validate,,calibration_expired,,446.69,no_keypoints,response held no keypoints,0
9671,06:26.840,1791383029.2850966,1791383029.2850966,385.31,yes,queue_full_evicted_by_newer_frame,,,0,,,,,never validated (dropped before inference),,,,,queue_drop_evicted,,
9676,06:27.040,1791383029.476627,1791383029.476627,306.0,no,,200,200,1,PitchDetectError: response held no keypoints,False,0,,no keypoints to validate,,calibration_expired,,443.8,no_keypoints,response held no keypoints,0
9681,06:27.240,1791383029.6716447,1791383029.6716447,393.42,yes,queue_full_evicted_by_newer_frame,,,0,,,,,never validated (dropped before inference),,,,,queue_drop_evicted,,
9686,06:27.440,1791383029.8752625,1791383029.8752625,351.93,no,,200,200,1,PitchDetectError: response held no keypoints,False,0,,no keypoints to validate,,calibration_expired,,449.72,no_keypoints,response held no keypoints,0
9691,06:27.640,1791383030.0640235,1791383030.0640235,419.53,yes,queue_full_evicted_by_newer_frame,,,0,,,,,never validated (dropped before inference),,,,,queue_drop_evicted,,
9696,06:27.840,1791383030.295888,1791383030.295888,381.17,no,,200,200,1,PitchDetectError: response held no keypoints,False,0,,no keypoints to validate,,calibration_expired,,458.79,no_keypoints,response held no keypoints,0
9701,06:28.040,1791383030.4836962,1791383030.4836962,408.15,yes,queue_full_evicted_by_newer_frame,,,0,,,,,never validated (dropped before inference),,,,,queue_drop_evicted,,
9706,06:28.240,1791383030.6849012,1791383030.6849012,415.54,yes,queue_full_evicted_by_newer_frame,,,0,,,,,never validated (dropped before inference),,,,,queue_drop_evicted,,
9711,06:28.440,1791383030.8924725,1791383030.8924725,244.73,no,,200,200,1,PitchDetectError: response held no keypoints,False,0,,no keypoints to validate,,calibration_expired,,476.75,no_keypoints,response held no keypoints,0
9716,06:28.640,1791383031.1014283,1791383031.1014283,412.84,yes,queue_full_evicted_by_newer_frame,,,0,,,,,never validated (dropped before inference),,,,,queue_drop_evicted,,
9721,06:28.840,1791383031.3067143,1791383031.3067143,306.46,no,,200,200,1,PitchDetectError: response held no keypoints,False,0,,no keypoints to validate,,calibration_expired,,514.34,no_keypoints,response held no keypoints,0
9726,06:29.040,1791383031.5137472,1791383031.5137472,431.92,yes,queue_full_evicted_by_newer_frame,,,0,,,,,never validated (dropped before inference),,,,,queue_drop_evicted,,
9731,06:29.240,1791383031.731879,1791383031.731879,396.14,no,,200,200,1,PitchDetectError: response held no keypoints,False,0,,no keypoints to validate,,calibration_expired,,536.06,no_keypoints,response held no keypoints,0
9736,06:29.440,1791383031.9383588,1791383031.9383588,387.88,yes,queue_full_evicted_by_newer_frame,,,0,,,,,never validated (dropped before inference),,,,,queue_drop_evicted,,
9741,06:29.640,1791383032.1388566,1791383032.1388566,382.8,yes,queue_full_evicted_by_newer_frame,,,0,,,,,never validated (dropped before inference),,,,,queue_drop_evicted,,
9746,06:29.840,1791383032.3268898,1791383032.3268898,331.63,no,,200,200,1,PitchDetectError: response held no keypoints,False,0,,no keypoints to validate,,calibration_expired,,412.67,no_keypoints,response held no keypoints,0
9751,06:30.040,1791383032.5245497,1791383032.5245497,381.62,yes,queue_full_evicted_by_newer_frame,,,0,,,,,never validated (dropped before inference),,,,,queue_drop_evicted,,
9756,06:30.240,1791383032.71712,1791383032.71712,360.61,no,,200,200,1,PitchDetectError: response held no keypoints,False,0,,no keypoints to validate,,calibration_expired,,423.07,no_keypoints,response held no keypoints,0
9761,06:30.440,1791383032.9049647,1791383032.9049647,374.31,yes,queue_full_evicted_by_newer_frame,,,0,,,,,never validated (dropped before inference),,,,,queue_drop_evicted,,
9766,06:30.640,1791383033.0922327,1791383033.0922327,374.94,yes,queue_full_evicted_by_newer_frame,,,0,,,,,never validated (dropped before inference),,,,,queue_drop_evicted,,
9771,06:30.840,1791383033.279757,1791383033.279757,221.47,no,,200,200,1,PitchDetectError: response held no keypoints,False,0,,no keypoints to validate,,calibration_expired,,414.98,no_keypoints,response held no keypoints,0
9776,06:31.040,1791383033.467738,1791383033.467738,361.92,yes,queue_full_evicted_by_newer_frame,,,0,,,,,never validated (dropped before inference),,,,,queue_drop_evicted,,
9781,06:31.240,1791383033.6504285,1791383033.6504285,265.89,no,,200,200,1,PitchDetectError: response held no keypoints,False,0,,no keypoints to validate,,calibration_expired,,407.35,no_keypoints,response held no keypoints,0
9786,06:31.440,1791383033.829818,1791383033.829818,403.5,yes,queue_full_evicted_by_newer_frame,,,0,,,,,never validated (dropped before inference),,,,,queue_drop_evicted,,
9791,06:31.640,1791383034.0276842,1791383034.0276842,296.99,no,,200,200,1,PitchDetectError: response held no keypoints,False,0,,no keypoints to validate,,calibration_expired,,509.49,no_keypoints,response held no keypoints,0
9796,06:31.840,1791383034.2333212,1791383034.2333212,404.59,yes,queue_full_evicted_by_newer_frame,,,0,,,,,never validated (dropped before inference),,,,,queue_drop_evicted,,
9801,06:32.040,1791383034.4447422,1791383034.4447422,389.29,no,,200,200,1,PitchDetectError: response held no keypoints,False,0,,no keypoints to validate,,calibration_expired,,499.14,no_keypoints,response held no keypoints,0
9806,06:32.240,1791383034.636949,1791383034.636949,394.45,yes,queue_full_evicted_by_newer_frame,,,0,,,,,never validated (dropped before inference),,,,,queue_drop_evicted,,
9811,06:32.440,1791383034.8364604,1791383034.8364604,392.21,yes,queue_full_evicted_by_newer_frame,,,0,,,,,never validated (dropped before inference),,,,,queue_drop_evicted,,
9816,06:32.640,1791383035.030807,1791383035.030807,301.72,no,,200,200,1,PitchDetectError: response held no keypoints,False,0,,no keypoints to validate,,calibration_expired,,494.6,no_keypoints,response held no keypoints,0
9821,06:32.840,1791383035.2286668,1791383035.2286668,408.67,yes,queue_full_evicted_by_newer_frame,,,0,,,,,never validated (dropped before inference),,,,,queue_drop_evicted,,
9826,06:33.040,1791383035.4329946,1791383035.4329946,395.59,no,,200,200,1,PitchDetectError: response held no keypoints,False,0,,no keypoints to validate,,calibration_expired,,540.5,no_keypoints,response held no keypoints,0
9831,06:33.240,1791383035.6367648,1791383035.6367648,404.95,yes,queue_full_evicted_by_newer_frame,,,0,,,,,never validated (dropped before inference),,,,,queue_drop_evicted,,
9836,06:33.440,1791383035.8392816,1791383035.8392816,398.55,yes,queue_full_evicted_by_newer_frame,,,0,,,,,never validated (dropped before inference),,,,,queue_drop_evicted,,
9841,06:33.640,1791383036.0423405,1791383036.0423405,326.75,no,,200,200,1,PitchDetectError: response held no keypoints,False,0,,no keypoints to validate,,calibration_expired,,500.63,no_keypoints,response held no keypoints,0
9846,06:33.840,1791383036.2375293,1791383036.2375293,394.08,yes,queue_full_evicted_by_newer_frame,,,0,,,,,never validated (dropped before inference),,,,,queue_drop_evicted,,
9851,06:34.040,1791383036.4296176,1791383036.4296176,401.33,yes,queue_full_evicted_by_newer_frame,,,0,,,,,never validated (dropped before inference),,,,,queue_drop_evicted,,
9856,06:34.240,1791383036.6312609,1791383036.6312609,238.67,no,,200,200,1,PitchDetectError: response held no keypoints,False,0,,no keypoints to validate,,calibration_expired,,465.1,no_keypoints,response held no keypoints,0
9861,06:34.440,1791383036.8304534,1791383036.8304534,421.91,yes,queue_full_evicted_by_newer_frame,,,0,,,,,never validated (dropped before inference),,,,,queue_drop_evicted,,
9866,06:34.640,1791383037.0305362,1791383037.0305362,302.71,no,,200,200,1,PitchDetectError: response held no keypoints,False,0,,no keypoints to validate,,calibration_expired,,441.56,no_keypoints,response held no keypoints,0
9871,06:34.840,1791383037.252221,1791383037.252221,409.26,yes,queue_full_evicted_by_newer_frame,,,0,,,,,never validated (dropped before inference),,,,,queue_drop_evicted,,
9876,06:35.040,1791383037.4625,1791383037.4625,314.78,no,,200,200,1,PitchDetectError: response held no keypoints,False,0,,no keypoints to validate,,calibration_expired,,436.8,no_keypoints,response held no keypoints,0
9881,06:35.240,1791383037.6620598,1791383037.6620598,396.99,yes,queue_full_evicted_by_newer_frame,,,0,,,,,never validated (dropped before inference),,,,,queue_drop_evicted,,
9886,06:35.440,1791383037.8617907,1791383037.8617907,352.26,no,,200,200,1,PitchDetectError: response held no keypoints,False,0,,no keypoints to validate,,calibration_expired,,469.62,no_keypoints,response held no keypoints,0
9891,06:35.640,1791383038.0584948,1791383038.0584948,344.87,yes,queue_full_evicted_by_newer_frame,,,0,,,,,never validated (dropped before inference),,,,,queue_drop_evicted,,
9896,06:35.840,1791383038.2394753,1791383038.2394753,317.5,yes,queue_full_evicted_by_newer_frame,,,0,,,,,never validated (dropped before inference),,,,,queue_drop_evicted,,
9901,06:36.040,1791383038.403795,1791383038.403795,280.61,no,,200,200,1,PitchDetectError: response held no keypoints,False,0,,no keypoints to validate,,calibration_expired,,404.78,no_keypoints,response held no keypoints,0
9906,06:36.240,1791383038.5575182,1791383038.5575182,313.22,yes,queue_full_evicted_by_newer_frame,,,0,,,,,never validated (dropped before inference),,,,,queue_drop_evicted,,
9911,06:36.440,1791383038.714593,1791383038.714593,313.83,yes,queue_full_evicted_by_newer_frame,,,0,,,,,never validated (dropped before inference),,,,,queue_drop_evicted,,
9916,06:36.640,1791383038.8708777,1791383038.8708777,218.94,no,,200,200,1,PitchDetectError: response held no keypoints,False,0,,no keypoints to validate,,calibration_expired,,413.12,no_keypoints,response held no keypoints,0
9921,06:36.840,1791383039.0277715,1791383039.0277715,474.62,no,,200,200,1,PitchDetectError: response held no keypoints,False,0,,no keypoints to validate,,calibration_expired,,384.37,no_keypoints,response held no keypoints,0
9926,06:37.040,1791383040.5731702,1791383040.5731702,0.39,no,,200,200,1,PitchDetectError: response held no keypoints,False,0,,no keypoints to validate,,calibration_expired,,387.3,no_keypoints,response held no keypoints,0
9931,06:37.240,1791383040.7497187,1791383040.7497187,211.08,no,,200,200,1,PitchDetectError: response held no keypoints,False,0,,no keypoints to validate,,calibration_expired,,398.1,no_keypoints,response held no keypoints,0
9936,06:37.440,1791383040.9183717,1791383040.9183717,334.47,yes,queue_full_evicted_by_newer_frame,,,0,,,,,never validated (dropped before inference),,,,,queue_drop_evicted,,
9941,06:37.640,1791383041.087226,1791383041.087226,271.8,no,,200,200,1,PitchDetectError: response held no keypoints,False,0,,no keypoints to validate,,calibration_expired,,404.62,no_keypoints,response held no keypoints,0
9946,06:37.840,1791383041.254283,1791383041.254283,460.8,yes,queue_full_evicted_by_newer_frame,,,0,,,,,never validated (dropped before inference),,,,,queue_drop_evicted,,
9951,06:38.040,1791383041.4767401,1791383041.4767401,287.14,no,,200,200,1,,True,4,0.6964,refused: only_0_usable_keypoints,only_0_usable_keypoints,calibration_expired,no,447.98,refused,,1
9956,06:38.240,1791383041.7147126,1791383041.7147126,367.83,yes,queue_full_evicted_by_newer_frame,,,0,,,,,never validated (dropped before inference),,,,,queue_drop_evicted,,
9961,06:38.440,1791383041.906609,1791383041.906609,301.54,no,,200,200,1,PitchDetectError: response held no keypoints,False,0,,no keypoints to validate,,calibration_expired,,442.24,no_keypoints,response held no keypoints,0
9966,06:38.640,1791383042.0818317,1791383042.0818317,337.58,yes,queue_full_evicted_by_newer_frame,,,0,,,,,never validated (dropped before inference),,,,,queue_drop_evicted,,
9971,06:38.840,1791383042.2523088,1791383042.2523088,346.27,yes,queue_full_evicted_by_newer_frame,,,0,,,,,never validated (dropped before inference),,,,,queue_drop_evicted,,
9976,06:39.040,1791383042.419792,1791383042.419792,235.01,no,,200,200,1,PitchDetectError: response held no keypoints,False,0,,no keypoints to validate,,calibration_expired,,441.28,no_keypoints,response held no keypoints,0
9981,06:39.240,1791383042.5982852,1791383042.5982852,366.33,yes,queue_full_evicted_by_newer_frame,,,0,,,,,never validated (dropped before inference),,,,,queue_drop_evicted,,
9986,06:39.440,1791383042.7852914,1791383042.7852914,310.46,no,,200,200,1,PitchDetectError: response held no keypoints,False,0,,no keypoints to validate,,calibration_expired,,614.84,no_keypoints,response held no keypoints,0
9991,06:39.640,1791383042.9644473,1791383042.9644473,353.93,yes,queue_full_evicted_by_newer_frame,,,0,,,,,never validated (dropped before inference),,,,,queue_drop_evicted,,
9996,06:39.840,1791383043.140785,1791383043.140785,353.58,yes,queue_full_evicted_by_newer_frame,,,0,,,,,never validated (dropped before inference),,,,,queue_drop_evicted,,
10001,06:40.040,1791383043.3185837,1791383043.3185837,355.95,yes,queue_full_evicted_by_newer_frame,,,0,,,,,never validated (dropped before inference),,,,,queue_drop_evicted,,
10006,06:40.240,1791383043.493983,1791383043.493983,217.45,no,,200,200,1,PitchDetectError: response held no keypoints,False,0,,no keypoints to validate,,calibration_expired,,447.04,no_keypoints,response held no keypoints,0
10011,06:40.440,1791383043.6749573,1791383043.6749573,397.16,yes,queue_full_evicted_by_newer_frame,,,0,,,,,never validated (dropped before inference),,,,,queue_drop_evicted,,
10016,06:40.640,1791383043.869636,1791383043.869636,285.86,no,,200,200,1,PitchDetectError: response held no keypoints,False,0,,no keypoints to validate,,calibration_expired,,718.66,no_keypoints,response held no keypoints,0
10021,06:40.840,1791383044.0715232,1791383044.0715232,399.27,yes,queue_full_evicted_by_newer_frame,,,0,,,,,never validated (dropped before inference),,,,,queue_drop_evicted,,
10026,06:41.040,1791383044.2722454,1791383044.2722454,398.35,yes,queue_full_evicted_by_newer_frame,,,0,,,,,never validated (dropped before inference),,,,,queue_drop_evicted,,
10031,06:41.240,1791383044.4714632,1791383044.4714632,401.39,yes,queue_full_evicted_by_newer_frame,,,0,,,,,never validated (dropped before inference),,,,,queue_drop_evicted,,
10036,06:41.440,1791383044.6704,1791383044.6704,207.14,no,,200,200,1,PitchDetectError: response held no keypoints,False,0,,no keypoints to validate,,calibration_expired,,473.51,no_keypoints,response held no keypoints,0
10041,06:41.640,1791383044.8726943,1791383044.8726943,397.75,yes,queue_full_evicted_by_newer_frame,,,0,,,,,never validated (dropped before inference),,,,,queue_drop_evicted,,
10046,06:41.840,1791383045.0688941,1791383045.0688941,282.32,no,,200,200,1,PitchDetectError: response held no keypoints,False,0,,no keypoints to validate,,calibration_expired,,607.56,no_keypoints,response held no keypoints,0
10051,06:42.040,1791383045.2695186,1791383045.2695186,403.52,yes,queue_full_evicted_by_newer_frame,,,0,,,,,never validated (dropped before inference),,,,,queue_drop_evicted,,
10056,06:42.240,1791383045.480103,1791383045.480103,379.39,yes,queue_full_evicted_by_newer_frame,,,0,,,,,never validated (dropped before inference),,,,,queue_drop_evicted,,
10061,06:42.440,1791383045.6737022,1791383045.6737022,285.57,no,,200,200,1,PitchDetectError: response held no keypoints,False,0,,no keypoints to validate,,calibration_expired,,507.02,no_keypoints,response held no keypoints,0
10066,06:42.640,1791383045.8601944,1791383045.8601944,370.67,yes,queue_full_evicted_by_newer_frame,,,0,,,,,never validated (dropped before inference),,,,,queue_drop_evicted,,
10071,06:42.840,1791383046.0476425,1791383046.0476425,365.94,yes,queue_full_evicted_by_newer_frame,,,0,,,,,never validated (dropped before inference),,,,,queue_drop_evicted,,
10076,06:43.040,1791383046.2299914,1791383046.2299914,235.81,no,,200,200,1,PitchDetectError: response held no keypoints,False,0,,no keypoints to validate,,calibration_expired,,446.36,no_keypoints,response held no keypoints,0
10081,06:43.240,1791383046.4130065,1791383046.4130065,360.07,yes,queue_full_evicted_by_newer_frame,,,0,,,,,never validated (dropped before inference),,,,,queue_drop_evicted,,
10086,06:43.440,1791383046.5950675,1791383046.5950675,317.52,no,,200,200,1,PitchDetectError: response held no keypoints,False,0,,no keypoints to validate,,calibration_expired,,416.12,no_keypoints,response held no keypoints,0
10091,06:43.640,1791383046.7738435,1791383046.7738435,355.74,yes,queue_full_evicted_by_newer_frame,,,0,,,,,never validated (dropped before inference),,,,,queue_drop_evicted,,
10096,06:43.840,1791383046.9522483,1791383046.9522483,329.83,yes,queue_full_evicted_by_newer_frame,,,0,,,,,never validated (dropped before inference),,,,,queue_drop_evicted,,
10101,06:44.040,1791383047.129246,1791383047.129246,200.38,no,,200,200,1,PitchDetectError: response held no keypoints,False,0,,no keypoints to validate,,calibration_expired,,425.41,no_keypoints,response held no keypoints,0
10106,06:44.240,1791383047.2827501,1791383047.2827501,350.49,yes,queue_full_evicted_by_newer_frame,,,0,,,,,never validated (dropped before inference),,,,,queue_drop_evicted,,
10111,06:44.440,1791383047.4581118,1791383047.4581118,297.29,no,,200,200,1,PitchDetectError: response held no keypoints,False,0,,no keypoints to validate,,calibration_expired,,419.99,no_keypoints,response held no keypoints,0
10116,06:44.640,1791383047.633212,1791383047.633212,366.62,yes,queue_full_evicted_by_newer_frame,,,0,,,,,never validated (dropped before inference),,,,,queue_drop_evicted,,
10121,06:44.840,1791383047.8144488,1791383047.8144488,360.57,no,,200,200,1,PitchDetectError: response held no keypoints,False,0,,no keypoints to validate,,calibration_expired,,434.92,no_keypoints,response held no keypoints,0
10126,06:45.040,1791383047.999399,1791383047.999399,383.97,yes,queue_full_evicted_by_newer_frame,,,0,,,,,never validated (dropped before inference),,,,,queue_drop_evicted,,
10131,06:45.240,1791383048.185134,1791383048.185134,387.61,yes,queue_full_evicted_by_newer_frame,,,0,,,,,never validated (dropped before inference),,,,,queue_drop_evicted,,
10136,06:45.440,1791383048.383627,1791383048.383627,227.05,no,,200,200,1,PitchDetectError: response held no keypoints,False,0,,no keypoints to validate,,calibration_expired,,453.69,no_keypoints,response held no keypoints,0
10141,06:45.640,1791383048.570593,1791383048.570593,376.36,yes,queue_full_evicted_by_newer_frame,,,0,,,,,never validated (dropped before inference),,,,,queue_drop_evicted,,
10146,06:45.840,1791383048.766285,1791383048.766285,298.19,no,,200,200,1,PitchDetectError: response held no keypoints,False,0,,no keypoints to validate,,calibration_expired,,433.26,no_keypoints,response held no keypoints,0
10151,06:46.040,1791383048.9501903,1791383048.9501903,350.79,yes,queue_full_evicted_by_newer_frame,,,0,,,,,never validated (dropped before inference),,,,,queue_drop_evicted,,
10156,06:46.240,1791383049.1315105,1791383049.1315105,345.09,yes,queue_full_evicted_by_newer_frame,,,0,,,,,never validated (dropped before inference),,,,,queue_drop_evicted,,
10161,06:46.440,1791383049.3005567,1791383049.3005567,197.53,no,,200,200,1,PitchDetectError: response held no keypoints,False,0,,no keypoints to validate,,calibration_expired,,427.47,no_keypoints,response held no keypoints,0
10166,06:46.640,1791383049.4765396,1791383049.4765396,449.47,no,,200,200,1,PitchDetectError: response held no keypoints,False,0,,no keypoints to validate,,calibration_expired,,425.91,no_keypoints,response held no keypoints,0
10171,06:46.840,1791383049.6492105,1791383049.6492105,702.71,no,,200,200,1,PitchDetectError: response held no keypoints,False,0,,no keypoints to validate,,calibration_expired,,437.76,no_keypoints,response held no keypoints,0
10176,06:47.040,1791383051.6647372,1791383051.6647372,0.3,no,,200,200,1,PitchDetectError: response held no keypoints,False,0,,no keypoints to validate,,calibration_expired,,456.91,no_keypoints,response held no keypoints,0
10181,06:47.240,1791383051.8464425,1791383051.8464425,275.5,no,,200,200,1,PitchDetectError: response held no keypoints,False,0,,no keypoints to validate,,calibration_expired,,429.64,no_keypoints,response held no keypoints,0
10186,06:47.440,1791383052.0158193,1791383052.0158193,357.96,yes,queue_full_evicted_by_newer_frame,,,0,,,,,never validated (dropped before inference),,,,,queue_drop_evicted,,
10191,06:47.640,1791383052.1940825,1791383052.1940825,354.98,no,,200,200,1,PitchDetectError: response held no keypoints,False,0,,no keypoints to validate,,calibration_expired,,437.29,no_keypoints,response held no keypoints,0
10196,06:47.840,1791383052.3746672,1791383052.3746672,352.02,yes,queue_full_evicted_by_newer_frame,,,0,,,,,never validated (dropped before inference),,,,,queue_drop_evicted,,
10201,06:48.040,1791383052.5536919,1791383052.5536919,345.43,yes,queue_full_evicted_by_newer_frame,,,0,,,,,never validated (dropped before inference),,,,,queue_drop_evicted,,
10206,06:48.240,1791383052.7260675,1791383052.7260675,263.25,no,,200,200,1,PitchDetectError: response held no keypoints,False,0,,no keypoints to validate,,calibration_expired,,454.13,no_keypoints,response held no keypoints,0
10211,06:48.440,1791383052.8993378,1791383052.8993378,366.0,yes,queue_full_evicted_by_newer_frame,,,0,,,,,never validated (dropped before inference),,,,,queue_drop_evicted,,
10216,06:48.640,1791383053.0829756,1791383053.0829756,358.66,no,,200,200,1,PitchDetectError: response held no keypoints,False,0,,no keypoints to validate,,calibration_expired,,448.13,no_keypoints,response held no keypoints,0
10221,06:48.840,1791383053.2657497,1791383053.2657497,359.83,yes,queue_full_evicted_by_newer_frame,,,0,,,,,never validated (dropped before inference),,,,,queue_drop_evicted,,
10226,06:49.040,1791383053.4442408,1791383053.4442408,357.78,yes,queue_full_evicted_by_newer_frame,,,0,,,,,never validated (dropped before inference),,,,,queue_drop_evicted,,
10231,06:49.240,1791383053.624899,1791383053.624899,266.81,no,,200,200,1,PitchDetectError: response held no keypoints,False,0,,no keypoints to validate,,calibration_expired,,446.81,no_keypoints,response held no keypoints,0
10236,06:49.440,1791383053.8023407,1791383053.8023407,385.13,yes,queue_full_evicted_by_newer_frame,,,0,,,,,never validated (dropped before inference),,,,,queue_drop_evicted,,
10241,06:49.640,1791383053.9958503,1791383053.9958503,343.72,no,,200,200,1,PitchDetectError: response held no keypoints,False,0,,no keypoints to validate,,calibration_expired,,445.42,no_keypoints,response held no keypoints,0
10246,06:49.840,1791383054.1869028,1791383054.1869028,402.97,yes,queue_full_evicted_by_newer_frame,,,0,,,,,never validated (dropped before inference),,,,,queue_drop_evicted,,
10251,06:50.040,1791383054.3823423,1791383054.3823423,402.92,no,,200,200,1,PitchDetectError: response held no keypoints,False,0,,no keypoints to validate,,calibration_expired,,458.64,no_keypoints,response held no keypoints,0
10256,06:50.240,1791383054.589601,1791383054.589601,468.33,yes,queue_full_evicted_by_newer_frame,,,0,,,,,never validated (dropped before inference),,,,,queue_drop_evicted,,
10261,06:50.440,1791383054.8310003,1791383054.8310003,410.56,no,,200,200,1,PitchDetectError: response held no keypoints,False,0,,no keypoints to validate,,calibration_expired,,451.56,no_keypoints,response held no keypoints,0
10266,06:50.640,1791383055.0578804,1791383055.0578804,433.9,yes,queue_full_evicted_by_newer_frame,,,0,,,,,never validated (dropped before inference),,,,,queue_drop_evicted,,
10271,06:50.840,1791383055.2815228,1791383055.2815228,413.53,no,,200,200,1,PitchDetectError: response held no keypoints,False,0,,no keypoints to validate,,calibration_expired,,427.31,no_keypoints,response held no keypoints,0
10276,06:51.040,1791383055.4927158,1791383055.4927158,435.78,yes,queue_full_evicted_by_newer_frame,,,0,,,,,never validated (dropped before inference),,,,,queue_drop_evicted,,
10281,06:51.240,1791383055.7120187,1791383055.7120187,405.61,no,,200,200,1,PitchDetectError: response held no keypoints,False,0,,no keypoints to validate,,calibration_expired,,470.9,no_keypoints,response held no keypoints,0
10286,06:51.440,1791383055.927381,1791383055.927381,385.67,yes,queue_full_evicted_by_newer_frame,,,0,,,,,never validated (dropped before inference),,,,,queue_drop_evicted,,
10291,06:51.640,1791383056.1247401,1791383056.1247401,378.55,yes,queue_full_evicted_by_newer_frame,,,0,,,,,never validated (dropped before inference),,,,,queue_drop_evicted,,
10296,06:51.840,1791383056.313705,1791383056.313705,281.07,no,,200,200,1,PitchDetectError: response held no keypoints,False,0,,no keypoints to validate,,calibration_expired,,435.77,no_keypoints,response held no keypoints,0
10301,06:52.040,1791383056.5032847,1791383056.5032847,527.19,no,,200,200,1,PitchDetectError: response held no keypoints,False,0,,no keypoints to validate,,calibration_expired,,428.29,no_keypoints,response held no keypoints,0
10306,06:52.240,1791383056.6998026,1791383056.6998026,759.57,no,,200,200,1,PitchDetectError: response held no keypoints,False,0,,no keypoints to validate,,calibration_expired,,444.55,no_keypoints,response held no keypoints,0
10311,06:52.440,1791383058.291301,1791383058.291301,0.41,no,,200,200,1,PitchDetectError: response held no keypoints,False,0,,no keypoints to validate,,calibration_expired,,464.27,no_keypoints,response held no keypoints,0
10316,06:52.640,1791383058.4716775,1791383058.4716775,286.17,no,,200,200,1,PitchDetectError: response held no keypoints,False,0,,no keypoints to validate,,calibration_expired,,496.3,no_keypoints,response held no keypoints,0
10321,06:52.840,1791383058.6512766,1791383058.6512766,369.81,yes,queue_full_evicted_by_newer_frame,,,0,,,,,never validated (dropped before inference),,,,,queue_drop_evicted,,
10326,06:53.040,1791383058.832744,1791383058.832744,354.46,yes,queue_full_evicted_by_newer_frame,,,0,,,,,never validated (dropped before inference),,,,,queue_drop_evicted,,
10331,06:53.240,1791383059.0198908,1791383059.0198908,233.27,no,,200,200,1,PitchDetectError: response held no keypoints,False,0,,no keypoints to validate,,calibration_expired,,450.73,no_keypoints,response held no keypoints,0
10336,06:53.440,1791383059.1876407,1791383059.1876407,360.76,yes,queue_full_evicted_by_newer_frame,,,0,,,,,never validated (dropped before inference),,,,,queue_drop_evicted,,
10341,06:53.640,1791383059.3709192,1791383059.3709192,333.98,no,,200,200,1,PitchDetectError: response held no keypoints,False,0,,no keypoints to validate,,calibration_expired,,475.44,no_keypoints,response held no keypoints,0
10346,06:53.840,1791383059.5480788,1791383059.5480788,352.13,yes,queue_full_evicted_by_newer_frame,,,0,,,,,never validated (dropped before inference),,,,,queue_drop_evicted,,
10351,06:54.040,1791383059.7272024,1791383059.7272024,356.88,yes,queue_full_evicted_by_newer_frame,,,0,,,,,never validated (dropped before inference),,,,,queue_drop_evicted,,
10356,06:54.240,1791383059.9007926,1791383059.9007926,281.1,no,,200,200,1,PitchDetectError: response held no keypoints,False,0,,no keypoints to validate,,calibration_expired,,471.92,no_keypoints,response held no keypoints,0
10361,06:54.440,1791383060.083136,1791383060.083136,365.58,yes,queue_full_evicted_by_newer_frame,,,0,,,,,never validated (dropped before inference),,,,,queue_drop_evicted,,
10366,06:54.640,1791383060.2778106,1791383060.2778106,347.94,yes,queue_full_evicted_by_newer_frame,,,0,,,,,never validated (dropped before inference),,,,,queue_drop_evicted,,
10371,06:54.840,1791383060.4497595,1791383060.4497595,204.19,no,,200,200,1,PitchDetectError: response held no keypoints,False,0,,no keypoints to validate,,calibration_expired,,469.84,no_keypoints,response held no keypoints,0
10376,06:55.040,1791383060.625897,1791383060.625897,369.43,yes,queue_full_evicted_by_newer_frame,,,0,,,,,never validated (dropped before inference),,,,,queue_drop_evicted,,
10381,06:55.240,1791383060.808285,1791383060.808285,314.46,no,,200,200,1,PitchDetectError: response held no keypoints,False,0,,no keypoints to validate,,calibration_expired,,469.35,no_keypoints,response held no keypoints,0
10386,06:55.440,1791383060.9930086,1791383060.9930086,347.77,yes,queue_full_evicted_by_newer_frame,,,0,,,,,never validated (dropped before inference),,,,,queue_drop_evicted,,
10391,06:55.640,1791383061.1738985,1791383061.1738985,337.01,yes,queue_full_evicted_by_newer_frame,,,0,,,,,never validated (dropped before inference),,,,,queue_drop_evicted,,
10396,06:55.840,1791383061.3428082,1791383061.3428082,250.6,no,,200,200,1,PitchDetectError: response held no keypoints,False,0,,no keypoints to validate,,calibration_expired,,424.84,no_keypoints,response held no keypoints,0
10401,06:56.040,1791383061.5110857,1791383061.5110857,382.27,yes,queue_full_evicted_by_newer_frame,,,0,,,,,never validated (dropped before inference),,,,,queue_drop_evicted,,
10406,06:56.240,1791383061.6965108,1791383061.6965108,321.69,no,,200,200,1,PitchDetectError: response held no keypoints,False,0,,no keypoints to validate,,calibration_expired,,423.17,no_keypoints,response held no keypoints,0
10411,06:56.440,1791383061.8933818,1791383061.8933818,412.19,yes,queue_full_evicted_by_newer_frame,,,0,,,,,never validated (dropped before inference),,,,,queue_drop_evicted,,
10416,06:56.640,1791383062.100592,1791383062.100592,340.87,no,,200,200,1,PitchDetectError: response held no keypoints,False,0,,no keypoints to validate,,calibration_expired,,484.84,no_keypoints,response held no keypoints,0
10421,06:56.840,1791383062.3043041,1791383062.3043041,403.74,yes,queue_full_evicted_by_newer_frame,,,0,,,,,never validated (dropped before inference),,,,,queue_drop_evicted,,
10426,06:57.040,1791383062.5058448,1791383062.5058448,406.46,yes,queue_full_evicted_by_newer_frame,,,0,,,,,never validated (dropped before inference),,,,,queue_drop_evicted,,
10431,06:57.240,1791383062.7098422,1791383062.7098422,217.65,no,,200,200,1,PitchDetectError: response held no keypoints,False,0,,no keypoints to validate,,calibration_expired,,474.65,no_keypoints,response held no keypoints,0
10436,06:57.440,1791383062.912195,1791383062.912195,393.93,yes,queue_full_evicted_by_newer_frame,,,0,,,,,never validated (dropped before inference),,,,,queue_drop_evicted,,
10441,06:57.640,1791383063.106443,1791383063.106443,295.6,no,,200,200,1,PitchDetectError: response held no keypoints,False,0,,no keypoints to validate,,calibration_expired,,487.24,no_keypoints,response held no keypoints,0
10446,06:57.840,1791383063.3040943,1791383063.3040943,394.59,yes,queue_full_evicted_by_newer_frame,,,0,,,,,never validated (dropped before inference),,,,,queue_drop_evicted,,
10451,06:58.040,1791383063.5032878,1791383063.5032878,386.33,no,,200,200,1,PitchDetectError: response held no keypoints,False,0,,no keypoints to validate,,calibration_expired,,515.69,no_keypoints,response held no keypoints,0
10456,06:58.240,1791383063.7009017,1791383063.7009017,397.52,yes,queue_full_evicted_by_newer_frame,,,0,,,,,never validated (dropped before inference),,,,,queue_drop_evicted,,
10461,06:58.440,1791383063.8974082,1791383063.8974082,403.24,yes,queue_full_evicted_by_newer_frame,,,0,,,,,never validated (dropped before inference),,,,,queue_drop_evicted,,
10466,06:58.640,1791383064.0982475,1791383064.0982475,307.21,no,,200,200,1,PitchDetectError: response held no keypoints,False,0,,no keypoints to validate,,calibration_expired,,490.43,no_keypoints,response held no keypoints,0
10471,06:58.840,1791383064.300853,1791383064.300853,404.24,yes,queue_full_evicted_by_newer_frame,,,0,,,,,never validated (dropped before inference),,,,,queue_drop_evicted,,
10476,06:59.040,1791383064.506366,1791383064.506366,390.0,no,,200,200,1,PitchDetectError: response held no keypoints,False,0,,no keypoints to validate,,calibration_expired,,504.79,no_keypoints,response held no keypoints,0
10481,06:59.240,1791383064.7054658,1791383064.7054658,386.38,yes,queue_full_evicted_by_newer_frame,,,0,,,,,never validated (dropped before inference),,,,,queue_drop_evicted,,
10486,06:59.440,1791383064.9008203,1791383064.9008203,380.91,yes,queue_full_evicted_by_newer_frame,,,0,,,,,never validated (dropped before inference),,,,,queue_drop_evicted,,
10491,06:59.640,1791383065.0898461,1791383065.0898461,309.8,no,,200,200,1,PitchDetectError: response held no keypoints,False,0,,no keypoints to validate,,calibration_expired,,449.33,no_keypoints,response held no keypoints,0
10496,06:59.840,1791383065.2829497,1791383065.2829497,399.13,yes,queue_full_evicted_by_newer_frame,,,0,,,,,never validated (dropped before inference),,,,,queue_drop_evicted,,
10501,07:00.040,1791383065.4777243,1791383065.4777243,372.56,no,,200,200,1,PitchDetectError: response held no keypoints,False,0,,no keypoints to validate,,calibration_expired,,422.5,no_keypoints,response held no keypoints,0
10506,07:00.240,1791383065.6827233,1791383065.6827233,376.64,yes,queue_full_evicted_by_newer_frame,,,0,,,,,never validated (dropped before inference),,,,,queue_drop_evicted,,
10511,07:00.440,1791383065.870315,1791383065.870315,372.48,yes,queue_full_evicted_by_newer_frame,,,0,,,,,never validated (dropped before inference),,,,,queue_drop_evicted,,
10516,07:00.640,1791383066.0587099,1791383066.0587099,214.55,no,,200,200,1,PitchDetectError: response held no keypoints,False,0,,no keypoints to validate,,calibration_expired,,447.8,no_keypoints,response held no keypoints,0
10521,07:00.840,1791383066.2428274,1791383066.2428274,385.61,yes,queue_full_evicted_by_newer_frame,,,0,,,,,never validated (dropped before inference),,,,,queue_drop_evicted,,
10526,07:01.040,1791383066.439401,1791383066.439401,282.55,no,,200,200,1,PitchDetectError: response held no keypoints,False,0,,no keypoints to validate,,calibration_expired,,430.18,no_keypoints,response held no keypoints,0
10531,07:01.240,1791383066.62879,1791383066.62879,415.41,yes,queue_full_evicted_by_newer_frame,,,0,,,,,never validated (dropped before inference),,,,,queue_drop_evicted,,
10536,07:01.440,1791383066.8298109,1791383066.8298109,322.46,no,,200,200,1,PitchDetectError: response held no keypoints,False,0,,no keypoints to validate,,calibration_expired,,451.09,no_keypoints,response held no keypoints,0
10541,07:01.640,1791383067.0434825,1791383067.0434825,373.71,yes,queue_full_evicted_by_newer_frame,,,0,,,,,never validated (dropped before inference),,,,,queue_drop_evicted,,
10546,07:01.840,1791383067.2334604,1791383067.2334604,363.73,yes,queue_full_evicted_by_newer_frame,,,0,,,,,never validated (dropped before inference),,,,,queue_drop_evicted,,
10551,07:02.040,1791383067.4081328,1791383067.4081328,186.03,no,,200,200,1,PitchDetectError: response held no keypoints,False,0,,no keypoints to validate,,calibration_expired,,451.11,no_keypoints,response held no keypoints,0
10556,07:02.240,1791383067.5962367,1791383067.5962367,357.87,yes,queue_full_evicted_by_newer_frame,,,0,,,,,never validated (dropped before inference),,,,,queue_drop_evicted,,
10561,07:02.440,1791383067.7742066,1791383067.7742066,280.13,no,,200,200,1,PitchDetectError: response held no keypoints,False,0,,no keypoints to validate,,calibration_expired,,490.89,no_keypoints,response held no keypoints,0
10566,07:02.640,1791383067.9551256,1791383067.9551256,591.25,no,,200,200,1,PitchDetectError: response held no keypoints,False,0,,no keypoints to validate,,calibration_expired,,477.54,no_keypoints,response held no keypoints,0
10571,07:02.840,1791383068.1216702,1791383068.1216702,902.4,no,,200,200,1,PitchDetectError: response held no keypoints,False,0,,no keypoints to validate,,calibration_expired,,448.35,no_keypoints,response held no keypoints,0
10576,07:03.040,1791383069.8698792,1791383069.8698792,0.49,no,,200,200,1,,True,4,0.7079,refused: keypoint_hull_too_small,keypoint_hull_too_small,calibration_expired,no,470.29,refused,,1
10581,07:03.240,1791383070.0689995,1791383070.0689995,279.86,no,,200,200,1,PitchDetectError: response held no keypoints,False,0,,no keypoints to validate,,calibration_expired,,457.67,no_keypoints,response held no keypoints,0
10586,07:03.440,1791383070.2655928,1791383070.2655928,381.9,yes,queue_full_evicted_by_newer_frame,,,0,,,,,never validated (dropped before inference),,,,,queue_drop_evicted,,
10591,07:03.640,1791383070.4501696,1791383070.4501696,357.28,no,,200,200,1,,True,4,0.7646,refused: keypoint_hull_too_small,keypoint_hull_too_small,calibration_expired,no,472.05,refused,,1
10596,07:03.840,1791383070.6481216,1791383070.6481216,383.18,yes,queue_full_evicted_by_newer_frame,,,0,,,,,never validated (dropped before inference),,,,,queue_drop_evicted,,
10601,07:04.040,1791383070.835951,1791383070.835951,417.04,yes,queue_full_evicted_by_newer_frame,,,0,,,,,never validated (dropped before inference),,,,,queue_drop_evicted,,
10606,07:04.240,1791383071.030994,1791383071.030994,249.31,no,,200,200,1,PitchDetectError: response held no keypoints,False,0,,no keypoints to validate,,calibration_expired,,456.56,no_keypoints,response held no keypoints,0
10611,07:04.440,1791383071.2534034,1791383071.2534034,346.98,yes,queue_full_evicted_by_newer_frame,,,0,,,,,never validated (dropped before inference),,,,,queue_drop_evicted,,
10616,07:04.640,1791383071.429815,1791383071.429815,306.62,no,,200,200,1,PitchDetectError: response held no keypoints,False,0,,no keypoints to validate,,calibration_expired,,424.36,no_keypoints,response held no keypoints,0
10621,07:04.840,1791383071.5996406,1791383071.5996406,410.03,yes,queue_full_evicted_by_newer_frame,,,0,,,,,never validated (dropped before inference),,,,,queue_drop_evicted,,
10626,07:05.040,1791383071.8237777,1791383071.8237777,337.5,no,,200,200,1,PitchDetectError: response held no keypoints,False,0,,no keypoints to validate,,calibration_expired,,403.33,no_keypoints,response held no keypoints,0
10631,07:05.240,1791383072.0104294,1791383072.0104294,366.44,yes,queue_full_evicted_by_newer_frame,,,0,,,,,never validated (dropped before inference),,,,,queue_drop_evicted,,
10636,07:05.440,1791383072.1956584,1791383072.1956584,366.32,yes,queue_full_evicted_by_newer_frame,,,0,,,,,never validated (dropped before inference),,,,,queue_drop_evicted,,
10641,07:05.640,1791383072.3762171,1791383072.3762171,189.15,no,,200,200,1,PitchDetectError: response held no keypoints,False,0,,no keypoints to validate,,calibration_expired,,410.48,no_keypoints,response held no keypoints,0
10646,07:05.840,1791383072.5617664,1791383072.5617664,376.31,yes,queue_full_evicted_by_newer_frame,,,0,,,,,never validated (dropped before inference),,,,,queue_drop_evicted,,
10651,07:06.040,1791383072.7511494,1791383072.7511494,225.35,no,,200,200,1,PitchDetectError: response held no keypoints,False,0,,no keypoints to validate,,calibration_expired,,428.33,no_keypoints,response held no keypoints,0
10656,07:06.240,1791383072.9385915,1791383072.9385915,371.72,yes,queue_full_evicted_by_newer_frame,,,0,,,,,never validated (dropped before inference),,,,,queue_drop_evicted,,
10661,07:06.440,1791383073.1274416,1791383073.1274416,277.33,no,,200,200,1,PitchDetectError: response held no keypoints,False,0,,no keypoints to validate,,calibration_expired,,430.84,no_keypoints,response held no keypoints,0
10666,07:06.640,1791383073.3102899,1791383073.3102899,397.66,yes,queue_full_evicted_by_newer_frame,,,0,,,,,never validated (dropped before inference),,,,,queue_drop_evicted,,
10671,07:06.840,1791383073.5077944,1791383073.5077944,327.77,no,,200,200,1,PitchDetectError: response held no keypoints,False,0,,no keypoints to validate,,calibration_expired,,440.07,no_keypoints,response held no keypoints,0
10676,07:07.040,1791383073.7073457,1791383073.7073457,396.98,yes,queue_full_evicted_by_newer_frame,,,0,,,,,never validated (dropped before inference),,,,,queue_drop_evicted,,
10681,07:07.240,1791383073.905431,1791383073.905431,371.12,no,,200,200,1,PitchDetectError: response held no keypoints,False,0,,no keypoints to validate,,calibration_expired,,463.04,no_keypoints,response held no keypoints,0
10686,07:07.440,1791383074.1049654,1791383074.1049654,403.65,yes,queue_full_evicted_by_newer_frame,,,0,,,,,never validated (dropped before inference),,,,,queue_drop_evicted,,
10691,07:07.640,1791383074.3018286,1791383074.3018286,404.41,yes,queue_full_evicted_by_newer_frame,,,0,,,,,never validated (dropped before inference),,,,,queue_drop_evicted,,
10696,07:07.840,1791383074.508619,1791383074.508619,231.91,no,,200,200,1,PitchDetectError: response held no keypoints,False,0,,no keypoints to validate,,calibration_expired,,455.82,no_keypoints,response held no keypoints,0
10701,07:08.040,1791383074.7053306,1791383074.7053306,403.64,yes,queue_full_evicted_by_newer_frame,,,0,,,,,never validated (dropped before inference),,,,,queue_drop_evicted,,
10706,07:08.240,1791383074.9059827,1791383074.9059827,286.23,no,,200,200,1,PitchDetectError: response held no keypoints,False,0,,no keypoints to validate,,calibration_expired,,450.28,no_keypoints,response held no keypoints,0
10711,07:08.440,1791383075.1076171,1791383075.1076171,398.99,yes,queue_full_evicted_by_newer_frame,,,0,,,,,never validated (dropped before inference),,,,,queue_drop_evicted,,
10716,07:08.640,1791383075.3085947,1791383075.3085947,334.48,no,,200,200,1,PitchDetectError: response held no keypoints,False,0,,no keypoints to validate,,calibration_expired,,442.76,no_keypoints,response held no keypoints,0
10721,07:08.840,1791383075.5086832,1791383075.5086832,385.93,yes,queue_full_evicted_by_newer_frame,,,0,,,,,never validated (dropped before inference),,,,,queue_drop_evicted,,
10726,07:09.040,1791383075.7046826,1791383075.7046826,376.51,yes,queue_full_evicted_by_newer_frame,,,0,,,,,never validated (dropped before inference),,,,,queue_drop_evicted,,
10731,07:09.240,1791383075.8920982,1791383075.8920982,195.15,no,,200,200,1,PitchDetectError: response held no keypoints,False,0,,no keypoints to validate,,calibration_expired,,438.04,no_keypoints,response held no keypoints,0
10736,07:09.440,1791383076.0829418,1791383076.0829418,445.62,no,,200,200,1,PitchDetectError: response held no keypoints,False,0,,no keypoints to validate,,calibration_expired,,450.44,no_keypoints,response held no keypoints,0
10741,07:09.640,1791383076.2831795,1791383076.2831795,695.66,no,,200,200,1,PitchDetectError: response held no keypoints,False,0,,no keypoints to validate,,calibration_expired,,435.58,no_keypoints,response held no keypoints,0
10746,07:09.840,1791383077.9414933,1791383077.9414933,0.57,no,,200,200,1,PitchDetectError: response held no keypoints,False,0,,no keypoints to validate,,calibration_expired,,496.54,no_keypoints,response held no keypoints,0
10751,07:10.040,1791383078.1332376,1791383078.1332376,307.53,no,,200,200,1,PitchDetectError: response held no keypoints,False,0,,no keypoints to validate,,calibration_expired,,476.48,no_keypoints,response held no keypoints,0
10756,07:10.240,1791383078.334504,1791383078.334504,387.94,yes,queue_full_evicted_by_newer_frame,,,0,,,,,never validated (dropped before inference),,,,,queue_drop_evicted,,
10761,07:10.440,1791383078.5379388,1791383078.5379388,375.41,yes,queue_full_evicted_by_newer_frame,,,0,,,,,never validated (dropped before inference),,,,,queue_drop_evicted,,
10766,07:10.640,1791383078.7223396,1791383078.7223396,194.52,no,,200,200,1,PitchDetectError: response held no keypoints,False,0,,no keypoints to validate,,calibration_expired,,464.37,no_keypoints,response held no keypoints,0
10771,07:10.840,1791383078.9131913,1791383078.9131913,439.52,yes,queue_full_evicted_by_newer_frame,,,0,,,,,never validated (dropped before inference),,,,,queue_drop_evicted,,
10776,07:11.040,1791383079.1577215,1791383079.1577215,224.95,no,,200,200,1,PitchDetectError: response held no keypoints,False,0,,no keypoints to validate,,calibration_expired,,446.49,no_keypoints,response held no keypoints,0
10781,07:11.240,1791383079.3517056,1791383079.3517056,371.65,yes,queue_full_evicted_by_newer_frame,,,0,,,,,never validated (dropped before inference),,,,,queue_drop_evicted,,
10786,07:11.440,1791383079.5351396,1791383079.5351396,290.33,no,,200,200,1,PitchDetectError: response held no keypoints,False,0,,no keypoints to validate,,calibration_expired,,418.71,no_keypoints,response held no keypoints,0
10791,07:11.640,1791383079.7241948,1791383079.7241948,379.41,yes,queue_full_evicted_by_newer_frame,,,0,,,,,never validated (dropped before inference),,,,,queue_drop_evicted,,
10796,07:11.840,1791383079.9121387,1791383079.9121387,336.29,no,,200,200,1,PitchDetectError: response held no keypoints,False,0,,no keypoints to validate,,calibration_expired,,407.2,no_keypoints,response held no keypoints,0
10801,07:12.040,1791383080.1042004,1791383080.1042004,391.59,yes,queue_full_evicted_by_newer_frame,,,0,,,,,never validated (dropped before inference),,,,,queue_drop_evicted,,
10806,07:12.240,1791383080.301433,1791383080.301433,352.71,no,,200,200,1,PitchDetectError: response held no keypoints,False,0,,no keypoints to validate,,calibration_expired,,424.66,no_keypoints,response held no keypoints,0
10811,07:12.440,1791383080.4951668,1791383080.4951668,379.96,yes,queue_full_evicted_by_newer_frame,,,0,,,,,never validated (dropped before inference),,,,,queue_drop_evicted,,
10816,07:12.640,1791383080.6898668,1791383080.6898668,383.86,yes,queue_full_evicted_by_newer_frame,,,0,,,,,never validated (dropped before inference),,,,,queue_drop_evicted,,
10821,07:12.840,1791383080.8748996,1791383080.8748996,205.54,no,,200,200,1,PitchDetectError: response held no keypoints,False,0,,no keypoints to validate,,calibration_expired,,455.86,no_keypoints,response held no keypoints,0
10826,07:13.040,1791383081.0737598,1791383081.0737598,405.97,yes,queue_full_evicted_by_newer_frame,,,0,,,,,never validated (dropped before inference),,,,,queue_drop_evicted,,
10831,07:13.240,1791383081.2803266,1791383081.2803266,254.2,no,,200,200,1,PitchDetectError: response held no keypoints,False,0,,no keypoints to validate,,calibration_expired,,429.1,no_keypoints,response held no keypoints,0
10836,07:13.440,1791383081.4794862,1791383081.4794862,388.83,yes,queue_full_evicted_by_newer_frame,,,0,,,,,never validated (dropped before inference),,,,,queue_drop_evicted,,
10841,07:13.640,1791383081.6746757,1791383081.6746757,291.51,no,,200,200,1,PitchDetectError: response held no keypoints,False,0,,no keypoints to validate,,calibration_expired,,460.04,no_keypoints,response held no keypoints,0
10846,07:13.840,1791383081.8690312,1791383081.8690312,385.44,yes,queue_full_evicted_by_newer_frame,,,0,,,,,never validated (dropped before inference),,,,,queue_drop_evicted,,
10851,07:14.040,1791383082.058046,1791383082.058046,364.74,no,,200,200,1,PitchDetectError: response held no keypoints,False,0,,no keypoints to validate,,calibration_expired,,443.45,no_keypoints,response held no keypoints,0
10856,07:14.240,1791383082.2525055,1791383082.2525055,385.32,yes,queue_full_evicted_by_newer_frame,,,0,,,,,never validated (dropped before inference),,,,,queue_drop_evicted,,
10861,07:14.440,1791383082.4457326,1791383082.4457326,371.98,yes,queue_full_evicted_by_newer_frame,,,0,,,,,never validated (dropped before inference),,,,,queue_drop_evicted,,
10866,07:14.640,1791383082.6397731,1791383082.6397731,230.89,no,,200,200,1,PitchDetectError: response held no keypoints,False,0,,no keypoints to validate,,calibration_expired,,468.42,no_keypoints,response held no keypoints,0
10871,07:14.840,1791383082.81451,1791383082.81451,375.39,yes,queue_full_evicted_by_newer_frame,,,0,,,,,never validated (dropped before inference),,,,,queue_drop_evicted,,
10876,07:15.040,1791383083.0091321,1791383083.0091321,329.59,no,,200,200,1,PitchDetectError: response held no keypoints,False,0,,no keypoints to validate,,calibration_expired,,418.07,no_keypoints,response held no keypoints,0
10881,07:15.240,1791383083.1895802,1791383083.1895802,356.86,yes,queue_full_evicted_by_newer_frame,,,0,,,,,never validated (dropped before inference),,,,,queue_drop_evicted,,
10886,07:15.440,1791383083.3755002,1791383083.3755002,351.98,yes,queue_full_evicted_by_newer_frame,,,0,,,,,never validated (dropped before inference),,,,,queue_drop_evicted,,
10891,07:15.640,1791383083.5502017,1791383083.5502017,207.43,no,,200,200,1,PitchDetectError: response held no keypoints,False,0,,no keypoints to validate,,calibration_expired,,414.87,no_keypoints,response held no keypoints,0
10896,07:15.840,1791383083.724376,1791383083.724376,341.07,yes,queue_full_evicted_by_newer_frame,,,0,,,,,never validated (dropped before inference),,,,,queue_drop_evicted,,
10901,07:16.040,1791383083.9055843,1791383083.9055843,266.09,no,,200,200,1,PitchDetectError: response held no keypoints,False,0,,no keypoints to validate,,calibration_expired,,424.66,no_keypoints,response held no keypoints,0
10906,07:16.240,1791383084.0691319,1791383084.0691319,328.57,yes,queue_full_evicted_by_newer_frame,,,0,,,,,never validated (dropped before inference),,,,,queue_drop_evicted,,
10911,07:16.440,1791383084.235498,1791383084.235498,340.9,yes,queue_full_evicted_by_newer_frame,,,0,,,,,never validated (dropped before inference),,,,,queue_drop_evicted,,
10916,07:16.640,1791383084.3976562,1791383084.3976562,200.54,no,,200,200,1,PitchDetectError: response held no keypoints,False,0,,no keypoints to validate,,calibration_expired,,439.26,no_keypoints,response held no keypoints,0
10921,07:16.840,1791383084.5758796,1791383084.5758796,346.46,yes,queue_full_evicted_by_newer_frame,,,0,,,,,never validated (dropped before inference),,,,,queue_drop_evicted,,
10926,07:17.040,1791383084.7470477,1791383084.7470477,289.86,no,,200,200,1,PitchDetectError: response held no keypoints,False,0,,no keypoints to validate,,calibration_expired,,442.08,no_keypoints,response held no keypoints,0
10931,07:17.240,1791383084.9228325,1791383084.9228325,383.72,yes,queue_full_evicted_by_newer_frame,,,0,,,,,never validated (dropped before inference),,,,,queue_drop_evicted,,
10936,07:17.440,1791383085.105999,1791383085.105999,373.74,no,,200,200,1,PitchDetectError: response held no keypoints,False,0,,no keypoints to validate,,calibration_expired,,455.36,no_keypoints,response held no keypoints,0
10941,07:17.640,1791383085.3059335,1791383085.3059335,394.66,yes,queue_full_evicted_by_newer_frame,,,0,,,,,never validated (dropped before inference),,,,,queue_drop_evicted,,
10946,07:17.840,1791383085.5032668,1791383085.5032668,407.18,yes,queue_full_evicted_by_newer_frame,,,0,,,,,never validated (dropped before inference),,,,,queue_drop_evicted,,
10951,07:18.040,1791383085.7006128,1791383085.7006128,234.74,no,,200,200,1,PitchDetectError: response held no keypoints,False,0,,no keypoints to validate,,calibration_expired,,451.56,no_keypoints,response held no keypoints,0
10956,07:18.240,1791383085.910123,1791383085.910123,419.73,yes,queue_full_evicted_by_newer_frame,,,0,,,,,never validated (dropped before inference),,,,,queue_drop_evicted,,
10961,07:18.440,1791383086.1239705,1791383086.1239705,263.68,no,,200,200,1,PitchDetectError: response held no keypoints,False,0,,no keypoints to validate,,calibration_expired,,461.18,no_keypoints,response held no keypoints,0
10966,07:18.640,1791383086.3281078,1791383086.3281078,380.94,yes,queue_full_evicted_by_newer_frame,,,0,,,,,never validated (dropped before inference),,,,,queue_drop_evicted,,
10971,07:18.840,1791383086.5224285,1791383086.5224285,326.26,no,,200,200,1,PitchDetectError: response held no keypoints,False,0,,no keypoints to validate,,calibration_expired,,441.6,no_keypoints,response held no keypoints,0
10976,07:19.040,1791383086.7114282,1791383086.7114282,363.21,yes,queue_full_evicted_by_newer_frame,,,0,,,,,never validated (dropped before inference),,,,,queue_drop_evicted,,
10981,07:19.240,1791383086.8879447,1791383086.8879447,376.21,yes,queue_full_evicted_by_newer_frame,,,0,,,,,never validated (dropped before inference),,,,,queue_drop_evicted,,
10986,07:19.440,1791383087.0745268,1791383087.0745268,216.77,no,,200,200,1,PitchDetectError: response held no keypoints,False,0,,no keypoints to validate,,calibration_expired,,619.92,no_keypoints,response held no keypoints,0
10991,07:19.640,1791383087.2649307,1791383087.2649307,646.42,no,,200,200,1,PitchDetectError: response held no keypoints,False,0,,no keypoints to validate,,calibration_expired,,455.91,no_keypoints,response held no keypoints,0
10996,07:19.840,1791383087.4525666,1791383087.4525666,914.55,no,,200,200,1,PitchDetectError: response held no keypoints,False,0,,no keypoints to validate,,calibration_expired,,466.26,no_keypoints,response held no keypoints,0
11001,07:20.040,1791383089.138516,1791383089.138516,0.26,no,,200,200,1,PitchDetectError: response held no keypoints,False,0,,no keypoints to validate,,calibration_expired,,617.38,no_keypoints,response held no keypoints,0
11006,07:20.240,1791383089.3249872,1791383089.3249872,363.54,yes,queue_full_evicted_by_newer_frame,,,0,,,,,never validated (dropped before inference),,,,,queue_drop_evicted,,
11011,07:20.440,1791383089.4939725,1791383089.4939725,259.3,no,,200,200,1,PitchDetectError: response held no keypoints,False,0,,no keypoints to validate,,calibration_expired,,486.49,no_keypoints,response held no keypoints,0
11016,07:20.640,1791383089.6882362,1791383089.6882362,373.37,yes,queue_full_evicted_by_newer_frame,,,0,,,,,never validated (dropped before inference),,,,,queue_drop_evicted,,
11021,07:20.840,1791383089.877268,1791383089.877268,359.68,yes,queue_full_evicted_by_newer_frame,,,0,,,,,never validated (dropped before inference),,,,,queue_drop_evicted,,
11026,07:21.040,1791383090.0616894,1791383090.0616894,180.89,no,,200,200,1,PitchDetectError: response held no keypoints,False,0,,no keypoints to validate,,calibration_expired,,489.01,no_keypoints,response held no keypoints,0
11031,07:21.240,1791383090.2321186,1791383090.2321186,423.36,yes,queue_full_evicted_by_newer_frame,,,0,,,,,never validated (dropped before inference),,,,,queue_drop_evicted,,
11036,07:21.440,1791383090.4706523,1791383090.4706523,262.01,no,,200,200,1,PitchDetectError: response held no keypoints,False,0,,no keypoints to validate,,calibration_expired,,488.63,no_keypoints,response held no keypoints,0
11041,07:21.640,1791383090.6610112,1791383090.6610112,374.72,yes,queue_full_evicted_by_newer_frame,,,0,,,,,never validated (dropped before inference),,,,,queue_drop_evicted,,
11046,07:21.840,1791383090.8525093,1791383090.8525093,368.58,no,,200,200,1,PitchDetectError: response held no keypoints,False,0,,no keypoints to validate,,calibration_expired,,484.34,no_keypoints,response held no keypoints,0
11051,07:22.040,1791383091.035079,1791383091.035079,399.76,yes,queue_full_evicted_by_newer_frame,,,0,,,,,never validated (dropped before inference),,,,,queue_drop_evicted,,
11056,07:22.240,1791383091.2320502,1791383091.2320502,402.38,yes,queue_full_evicted_by_newer_frame,,,0,,,,,never validated (dropped before inference),,,,,queue_drop_evicted,,
11061,07:22.440,1791383091.434719,1791383091.434719,271.34,no,,200,200,1,PitchDetectError: response held no keypoints,False,0,,no keypoints to validate,,calibration_expired,,486.29,no_keypoints,response held no keypoints,0
11066,07:22.640,1791383091.6366732,1791383091.6366732,400.53,yes,queue_full_evicted_by_newer_frame,,,0,,,,,never validated (dropped before inference),,,,,queue_drop_evicted,,
11071,07:22.840,1791383091.8387349,1791383091.8387349,354.24,no,,200,200,1,PitchDetectError: response held no keypoints,False,0,,no keypoints to validate,,calibration_expired,,496.55,no_keypoints,response held no keypoints,0
11076,07:23.040,1791383092.0374746,1791383092.0374746,406.61,yes,queue_full_evicted_by_newer_frame,,,0,,,,,never validated (dropped before inference),,,,,queue_drop_evicted,,
11081,07:23.240,1791383092.244432,1791383092.244432,398.71,yes,queue_full_evicted_by_newer_frame,,,0,,,,,never validated (dropped before inference),,,,,queue_drop_evicted,,
11086,07:23.440,1791383092.4437406,1791383092.4437406,246.21,no,,200,200,1,PitchDetectError: response held no keypoints,False,0,,no keypoints to validate,,calibration_expired,,486.99,no_keypoints,response held no keypoints,0
11091,07:23.640,1791383092.6432753,1791383092.6432753,408.15,yes,queue_full_evicted_by_newer_frame,,,0,,,,,never validated (dropped before inference),,,,,queue_drop_evicted,,
11096,07:23.840,1791383092.8480835,1791383092.8480835,326.98,no,,200,200,1,PitchDetectError: response held no keypoints,False,0,,no keypoints to validate,,calibration_expired,,497.25,no_keypoints,response held no keypoints,0
11101,07:24.040,1791383093.0494287,1791383093.0494287,394.02,yes,queue_full_evicted_by_newer_frame,,,0,,,,,never validated (dropped before inference),,,,,queue_drop_evicted,,
11106,07:24.240,1791383093.2491155,1791383093.2491155,400.09,yes,queue_full_evicted_by_newer_frame,,,0,,,,,never validated (dropped before inference),,,,,queue_drop_evicted,,
11111,07:24.440,1791383093.444459,1791383093.444459,229.25,no,,200,200,1,PitchDetectError: response held no keypoints,False,0,,no keypoints to validate,,calibration_expired,,485.59,no_keypoints,response held no keypoints,0
11116,07:24.640,1791383093.6497655,1791383093.6497655,392.79,yes,queue_full_evicted_by_newer_frame,,,0,,,,,never validated (dropped before inference),,,,,queue_drop_evicted,,
11121,07:24.840,1791383093.8410158,1791383093.8410158,317.18,no,,200,200,1,PitchDetectError: response held no keypoints,False,0,,no keypoints to validate,,calibration_expired,,455.22,no_keypoints,response held no keypoints,0
11126,07:25.040,1791383094.0424163,1791383094.0424163,396.5,yes,queue_full_evicted_by_newer_frame,,,0,,,,,never validated (dropped before inference),,,,,queue_drop_evicted,,
11131,07:25.240,1791383094.24201,1791383094.24201,373.94,no,,200,200,1,PitchDetectError: response held no keypoints,False,0,,no keypoints to validate,,calibration_expired,,468.45,no_keypoints,response held no keypoints,0
11136,07:25.440,1791383094.4383717,1791383094.4383717,409.49,yes,queue_full_evicted_by_newer_frame,,,0,,,,,never validated (dropped before inference),,,,,queue_drop_evicted,,
11141,07:25.640,1791383094.6455488,1791383094.6455488,405.92,yes,queue_full_evicted_by_newer_frame,,,0,,,,,never validated (dropped before inference),,,,,queue_drop_evicted,,
11146,07:25.840,1791383094.84778,1791383094.84778,236.72,no,,200,200,1,PitchDetectError: response held no keypoints,False,0,,no keypoints to validate,,calibration_expired,,450.41,no_keypoints,response held no keypoints,0
11151,07:26.040,1791383095.048934,1791383095.048934,413.9,yes,queue_full_evicted_by_newer_frame,,,0,,,,,never validated (dropped before inference),,,,,queue_drop_evicted,,
11156,07:26.240,1791383095.2695735,1791383095.2695735,266.33,no,,200,200,1,PitchDetectError: response held no keypoints,False,0,,no keypoints to validate,,calibration_expired,,456.13,no_keypoints,response held no keypoints,0
11161,07:26.440,1791383095.466013,1791383095.466013,403.27,yes,queue_full_evicted_by_newer_frame,,,0,,,,,never validated (dropped before inference),,,,,queue_drop_evicted,,
11166,07:26.640,1791383095.663009,1791383095.663009,328.36,no,,200,200,1,,True,4,0.6669,refused: keypoint_hull_too_small,keypoint_hull_too_small,calibration_expired,no,458.79,refused,,1
11171,07:26.840,1791383095.8682315,1791383095.8682315,401.68,yes,queue_full_evicted_by_newer_frame,,,0,,,,,never validated (dropped before inference),,,,,queue_drop_evicted,,
11176,07:27.040,1791383096.0698028,1791383096.0698028,378.62,no,,200,200,1,PitchDetectError: response held no keypoints,False,0,,no keypoints to validate,,calibration_expired,,427.52,no_keypoints,response held no keypoints,0
11181,07:27.240,1791383096.2705567,1791383096.2705567,394.27,yes,queue_full_evicted_by_newer_frame,,,0,,,,,never validated (dropped before inference),,,,,queue_drop_evicted,,
11186,07:27.440,1791383096.4697256,1791383096.4697256,383.77,yes,queue_full_evicted_by_newer_frame,,,0,,,,,never validated (dropped before inference),,,,,queue_drop_evicted,,
11191,07:27.640,1791383096.6644359,1791383096.6644359,214.17,no,,200,200,1,PitchDetectError: response held no keypoints,False,0,,no keypoints to validate,,calibration_expired,,460.13,no_keypoints,response held no keypoints,0
11196,07:27.840,1791383096.8537042,1791383096.8537042,485.98,no,,200,200,1,PitchDetectError: response held no keypoints,False,0,,no keypoints to validate,,calibration_expired,,447.13,no_keypoints,response held no keypoints,0
11201,07:28.040,1791383098.2220833,1791383098.2220833,0.58,no,,200,200,1,PitchDetectError: response held no keypoints,False,0,,no keypoints to validate,,calibration_expired,,456.71,no_keypoints,response held no keypoints,0
11206,07:28.240,1791383098.3890274,1791383098.3890274,289.88,no,,200,200,1,PitchDetectError: response held no keypoints,False,0,,no keypoints to validate,,calibration_expired,,455.43,no_keypoints,response held no keypoints,0
11211,07:28.440,1791383098.5704396,1791383098.5704396,362.12,yes,queue_full_evicted_by_newer_frame,,,0,,,,,never validated (dropped before inference),,,,,queue_drop_evicted,,
11216,07:28.640,1791383098.7453444,1791383098.7453444,392.91,no,,200,200,1,PitchDetectError: response held no keypoints,False,0,,no keypoints to validate,,calibration_expired,,467.54,no_keypoints,response held no keypoints,0
11221,07:28.840,1791383098.9325626,1791383098.9325626,672.6,no,,200,200,1,PitchDetectError: response held no keypoints,False,0,,no keypoints to validate,,calibration_expired,,459.2,no_keypoints,response held no keypoints,0
11226,07:29.040,1791383100.4375858,1791383100.4375858,0.43,no,,200,200,1,PitchDetectError: response held no keypoints,False,0,,no keypoints to validate,,calibration_expired,,472.27,no_keypoints,response held no keypoints,0
11231,07:29.240,1791383100.6157625,1791383100.6157625,294.24,no,,200,200,1,PitchDetectError: response held no keypoints,False,0,,no keypoints to validate,,calibration_expired,,473.83,no_keypoints,response held no keypoints,0
11236,07:29.440,1791383100.797765,1791383100.797765,378.66,yes,queue_full_evicted_by_newer_frame,,,0,,,,,never validated (dropped before inference),,,,,queue_drop_evicted,,
11241,07:29.640,1791383100.9886904,1791383100.9886904,391.55,yes,queue_full_evicted_by_newer_frame,,,0,,,,,never validated (dropped before inference),,,,,queue_drop_evicted,,
11246,07:29.840,1791383101.1788275,1791383101.1788275,205.81,no,,200,200,1,PitchDetectError: response held no keypoints,False,0,,no keypoints to validate,,calibration_expired,,452.77,no_keypoints,response held no keypoints,0
11251,07:30.040,1791383101.3799064,1791383101.3799064,452.5,yes,queue_full_evicted_by_newer_frame,,,0,,,,,never validated (dropped before inference),,,,,queue_drop_evicted,,
11256,07:30.240,1791383101.5764341,1791383101.5764341,260.52,no,,200,200,1,PitchDetectError: response held no keypoints,False,0,,no keypoints to validate,,calibration_expired,,447.39,no_keypoints,response held no keypoints,0
11261,07:30.440,1791383101.8322577,1791383101.8322577,349.05,yes,queue_full_evicted_by_newer_frame,,,0,,,,,never validated (dropped before inference),,,,,queue_drop_evicted,,
11266,07:30.640,1791383102.0106692,1791383102.0106692,274.02,no,,200,200,1,PitchDetectError: response held no keypoints,False,0,,no keypoints to validate,,calibration_expired,,449.53,no_keypoints,response held no keypoints,0
11271,07:30.840,1791383102.179749,1791383102.179749,357.91,yes,queue_full_evicted_by_newer_frame,,,0,,,,,never validated (dropped before inference),,,,,queue_drop_evicted,,
11276,07:31.040,1791383102.3709874,1791383102.3709874,345.78,yes,queue_full_evicted_by_newer_frame,,,0,,,,,never validated (dropped before inference),,,,,queue_drop_evicted,,
11281,07:31.240,1791383102.539285,1791383102.539285,195.58,no,,200,200,1,PitchDetectError: response held no keypoints,False,0,,no keypoints to validate,,calibration_expired,,441.8,no_keypoints,response held no keypoints,0
11286,07:31.440,1791383102.7173445,1791383102.7173445,371.05,yes,queue_full_evicted_by_newer_frame,,,0,,,,,never validated (dropped before inference),,,,,queue_drop_evicted,,
11291,07:31.640,1791383102.894562,1791383102.894562,283.01,no,,200,200,1,PitchDetectError: response held no keypoints,False,0,,no keypoints to validate,,calibration_expired,,442.16,no_keypoints,response held no keypoints,0
11296,07:31.840,1791383103.087186,1791383103.087186,429.15,yes,queue_full_evicted_by_newer_frame,,,0,,,,,never validated (dropped before inference),,,,,queue_drop_evicted,,
11301,07:32.040,1791383103.3012333,1791383103.3012333,318.33,no,,200,200,1,PitchDetectError: response held no keypoints,False,0,,no keypoints to validate,,calibration_expired,,451.02,no_keypoints,response held no keypoints,0
11306,07:32.240,1791383103.512954,1791383103.512954,397.42,yes,queue_full_evicted_by_newer_frame,,,0,,,,,never validated (dropped before inference),,,,,queue_drop_evicted,,
11311,07:32.440,1791383103.7146175,1791383103.7146175,356.19,no,,200,200,1,PitchDetectError: response held no keypoints,False,0,,no keypoints to validate,,calibration_expired,,676.77,no_keypoints,response held no keypoints,0
11316,07:32.640,1791383103.914265,1791383103.914265,393.76,yes,queue_full_evicted_by_newer_frame,,,0,,,,,never validated (dropped before inference),,,,,queue_drop_evicted,,
11321,07:32.840,1791383104.112869,1791383104.112869,635.18,no,,200,200,1,PitchDetectError: response held no keypoints,False,0,,no keypoints to validate,,calibration_expired,,1471.51,no_keypoints,response held no keypoints,0
11326,07:33.040,1791383104.308049,1791383104.308049,1203.61,yes,queue_full_evicted_by_newer_frame,,,0,,,,,never validated (dropped before inference),,,,,queue_drop_evicted,,
11331,07:33.240,1791383105.3448226,1791383105.3448226,338.95,yes,queue_full_evicted_by_newer_frame,,,0,,,,,never validated (dropped before inference),,,,,queue_drop_evicted,,
11336,07:33.440,1791383105.5112162,1791383105.5112162,340.39,yes,queue_full_evicted_by_newer_frame,,,0,,,,,never validated (dropped before inference),,,,,queue_drop_evicted,,
11341,07:33.640,1791383105.6836348,1791383105.6836348,325.19,yes,queue_full_evicted_by_newer_frame,,,0,,,,,never validated (dropped before inference),,,,,queue_drop_evicted,,
11346,07:33.840,1791383105.8523896,1791383105.8523896,346.3,yes,queue_full_evicted_by_newer_frame,,,0,,,,,never validated (dropped before inference),,,,,queue_drop_evicted,,
11351,07:34.040,1791383106.006677,1791383106.006677,211.06,no,,200,200,1,PitchDetectError: response held no keypoints,False,0,,no keypoints to validate,,calibration_expired,,462.31,no_keypoints,response held no keypoints,0
11356,07:34.240,1791383106.1985753,1791383106.1985753,484.4,no,,200,200,1,PitchDetectError: response held no keypoints,False,0,,no keypoints to validate,,calibration_expired,,448.64,no_keypoints,response held no keypoints,0
11361,07:34.440,1791383106.380791,1791383106.380791,747.76,no,,200,200,1,PitchDetectError: response held no keypoints,False,0,,no keypoints to validate,,calibration_expired,,470.61,no_keypoints,response held no keypoints,0
11366,07:34.640,1791383108.4747326,1791383108.4747326,0.44,no,,200,200,1,PitchDetectError: response held no keypoints,False,0,,no keypoints to validate,,calibration_expired,,439.98,no_keypoints,response held no keypoints,0
11371,07:34.840,1791383108.767703,1791383108.767703,151.1,no,,200,200,1,PitchDetectError: response held no keypoints,False,0,,no keypoints to validate,,calibration_expired,,451.71,no_keypoints,response held no keypoints,0
11376,07:35.040,1791383108.969272,1791383108.969272,364.14,yes,queue_full_evicted_by_newer_frame,,,0,,,,,never validated (dropped before inference),,,,,queue_drop_evicted,,
11381,07:35.240,1791383109.137139,1791383109.137139,233.3,no,,200,200,1,PitchDetectError: response held no keypoints,False,0,,no keypoints to validate,,calibration_expired,,446.64,no_keypoints,response held no keypoints,0
11386,07:35.440,1791383109.334098,1791383109.334098,354.5,yes,queue_full_evicted_by_newer_frame,,,0,,,,,never validated (dropped before inference),,,,,queue_drop_evicted,,
11391,07:35.640,1791383109.506616,1791383109.506616,310.86,no,,200,200,1,PitchDetectError: response held no keypoints,False,0,,no keypoints to validate,,calibration_expired,,432.86,no_keypoints,response held no keypoints,0
11396,07:35.840,1791383109.6885035,1791383109.6885035,362.08,yes,queue_full_evicted_by_newer_frame,,,0,,,,,never validated (dropped before inference),,,,,queue_drop_evicted,,
11401,07:36.040,1791383109.8805606,1791383109.8805606,335.01,yes,queue_full_evicted_by_newer_frame,,,0,,,,,never validated (dropped before inference),,,,,queue_drop_evicted,,
11406,07:36.240,1791383110.0511734,1791383110.0511734,200.32,no,,200,200,1,PitchDetectError: response held no keypoints,False,0,,no keypoints to validate,,calibration_expired,,415.6,no_keypoints,response held no keypoints,0
11411,07:36.440,1791383110.216,1791383110.216,350.84,yes,queue_full_evicted_by_newer_frame,,,0,,,,,never validated (dropped before inference),,,,,queue_drop_evicted,,
11416,07:36.640,1791383110.3864243,1791383110.3864243,280.14,no,,200,200,1,PitchDetectError: response held no keypoints,False,0,,no keypoints to validate,,calibration_expired,,416.28,no_keypoints,response held no keypoints,0
11421,07:36.840,1791383110.5660782,1791383110.5660782,332.37,yes,queue_full_evicted_by_newer_frame,,,0,,,,,never validated (dropped before inference),,,,,queue_drop_evicted,,
11426,07:37.040,1791383110.7411695,1791383110.7411695,311.76,yes,queue_full_evicted_by_newer_frame,,,0,,,,,never validated (dropped before inference),,,,,queue_drop_evicted,,
11431,07:37.240,1791383110.898532,1791383110.898532,184.85,no,,200,200,1,PitchDetectError: response held no keypoints,False,0,,no keypoints to validate,,calibration_expired,,435.62,no_keypoints,response held no keypoints,0
11436,07:37.440,1791383111.053171,1791383111.053171,344.11,yes,queue_full_evicted_by_newer_frame,,,0,,,,,never validated (dropped before inference),,,,,queue_drop_evicted,,
11441,07:37.640,1791383111.2277443,1791383111.2277443,291.38,no,,200,200,1,PitchDetectError: response held no keypoints,False,0,,no keypoints to validate,,calibration_expired,,423.36,no_keypoints,response held no keypoints,0
11446,07:37.840,1791383111.3972456,1791383111.3972456,411.92,yes,queue_full_evicted_by_newer_frame,,,0,,,,,never validated (dropped before inference),,,,,queue_drop_evicted,,
11451,07:38.040,1791383111.5774453,1791383111.5774453,365.32,no,,200,200,1,PitchDetectError: response held no keypoints,False,0,,no keypoints to validate,,calibration_expired,,433.18,no_keypoints,response held no keypoints,0
11456,07:38.240,1791383111.8088183,1791383111.8088183,363.92,yes,queue_full_evicted_by_newer_frame,,,0,,,,,never validated (dropped before inference),,,,,queue_drop_evicted,,
11461,07:38.440,1791383111.9902833,1791383111.9902833,386.53,no,,200,200,1,PitchDetectError: response held no keypoints,False,0,,no keypoints to validate,,calibration_expired,,413.85,no_keypoints,response held no keypoints,0
11466,07:38.640,1791383112.1729364,1791383112.1729364,401.07,yes,queue_full_evicted_by_newer_frame,,,0,,,,,never validated (dropped before inference),,,,,queue_drop_evicted,,
11471,07:38.840,1791383112.3791733,1791383112.3791733,411.82,no,,200,200,1,PitchDetectError: response held no keypoints,False,0,,no keypoints to validate,,calibration_expired,,481.41,no_keypoints,response held no keypoints,0
11476,07:39.040,1791383112.573557,1791383112.573557,424.76,yes,queue_full_evicted_by_newer_frame,,,0,,,,,never validated (dropped before inference),,,,,queue_drop_evicted,,
11481,07:39.240,1791383112.7937677,1791383112.7937677,409.46,yes,queue_full_evicted_by_newer_frame,,,0,,,,,never validated (dropped before inference),,,,,queue_drop_evicted,,
11486,07:39.440,1791383112.9982476,1791383112.9982476,274.47,no,,200,200,1,PitchDetectError: response held no keypoints,False,0,,no keypoints to validate,,calibration_expired,,495.56,no_keypoints,response held no keypoints,0
11491,07:39.640,1791383113.2036004,1791383113.2036004,399.58,yes,queue_full_evicted_by_newer_frame,,,0,,,,,never validated (dropped before inference),,,,,queue_drop_evicted,,
11496,07:39.840,1791383113.396522,1791383113.396522,371.48,no,,200,200,1,PitchDetectError: response held no keypoints,False,0,,no keypoints to validate,,calibration_expired,,493.43,no_keypoints,response held no keypoints,0
11501,07:40.040,1791383113.6025183,1791383113.6025183,405.21,yes,queue_full_evicted_by_newer_frame,,,0,,,,,never validated (dropped before inference),,,,,queue_drop_evicted,,
11506,07:40.240,1791383113.8074355,1791383113.8074355,395.57,yes,queue_full_evicted_by_newer_frame,,,0,,,,,never validated (dropped before inference),,,,,queue_drop_evicted,,
11511,07:40.440,1791383114.0022974,1791383114.0022974,254.04,no,,200,200,1,PitchDetectError: response held no keypoints,False,0,,no keypoints to validate,,calibration_expired,,481.59,no_keypoints,response held no keypoints,0
11516,07:40.640,1791383114.203291,1791383114.203291,387.11,yes,queue_full_evicted_by_newer_frame,,,0,,,,,never validated (dropped before inference),,,,,queue_drop_evicted,,
11521,07:40.840,1791383114.3969364,1791383114.3969364,346.95,no,,200,200,1,PitchDetectError: response held no keypoints,False,0,,no keypoints to validate,,calibration_expired,,489.59,no_keypoints,response held no keypoints,0
11526,07:41.040,1791383114.5915277,1791383114.5915277,386.32,yes,queue_full_evicted_by_newer_frame,,,0,,,,,never validated (dropped before inference),,,,,queue_drop_evicted,,
11531,07:41.240,1791383114.7875695,1791383114.7875695,385.1,yes,queue_full_evicted_by_newer_frame,,,0,,,,,never validated (dropped before inference),,,,,queue_drop_evicted,,
11536,07:41.440,1791383114.9739614,1791383114.9739614,255.93,no,,200,200,1,PitchDetectError: response held no keypoints,False,0,,no keypoints to validate,,calibration_expired,,456.4,no_keypoints,response held no keypoints,0
11541,07:41.640,1791383115.172506,1791383115.172506,390.88,yes,queue_full_evicted_by_newer_frame,,,0,,,,,never validated (dropped before inference),,,,,queue_drop_evicted,,
11546,07:41.840,1791383115.3695307,1791383115.3695307,320.52,no,,200,200,1,PitchDetectError: response held no keypoints,False,0,,no keypoints to validate,,calibration_expired,,455.92,no_keypoints,response held no keypoints,0
11551,07:42.040,1791383115.5625575,1791383115.5625575,400.28,yes,queue_full_evicted_by_newer_frame,,,0,,,,,never validated (dropped before inference),,,,,queue_drop_evicted,,
11556,07:42.240,1791383115.765751,1791383115.765751,379.87,no,,200,200,1,PitchDetectError: response held no keypoints,False,0,,no keypoints to validate,,calibration_expired,,466.37,no_keypoints,response held no keypoints,0
11561,07:42.440,1791383115.9639108,1791383115.9639108,395.26,yes,queue_full_evicted_by_newer_frame,,,0,,,,,never validated (dropped before inference),,,,,queue_drop_evicted,,
11566,07:42.640,1791383116.1638622,1791383116.1638622,391.84,yes,queue_full_evicted_by_newer_frame,,,0,,,,,never validated (dropped before inference),,,,,queue_drop_evicted,,
11571,07:42.840,1791383116.3546524,1791383116.3546524,254.0,no,,200,200,1,PitchDetectError: response held no keypoints,False,0,,no keypoints to validate,,calibration_expired,,451.77,no_keypoints,response held no keypoints,0
11576,07:43.040,1791383116.5537577,1791383116.5537577,393.1,yes,queue_full_evicted_by_newer_frame,,,0,,,,,never validated (dropped before inference),,,,,queue_drop_evicted,,
11581,07:43.240,1791383116.7445414,1791383116.7445414,312.09,no,,200,200,1,PitchDetectError: response held no keypoints,False,0,,no keypoints to validate,,calibration_expired,,457.96,no_keypoints,response held no keypoints,0
11586,07:43.440,1791383116.9487524,1791383116.9487524,394.44,yes,queue_full_evicted_by_newer_frame,,,0,,,,,never validated (dropped before inference),,,,,queue_drop_evicted,,
11591,07:43.640,1791383117.1486213,1791383117.1486213,374.69,no,,200,200,1,PitchDetectError: response held no keypoints,False,0,,no keypoints to validate,,calibration_expired,,477.83,no_keypoints,response held no keypoints,0
11596,07:43.840,1791383117.3429322,1791383117.3429322,384.68,yes,queue_full_evicted_by_newer_frame,,,0,,,,,never validated (dropped before inference),,,,,queue_drop_evicted,,
11601,07:44.040,1791383117.538159,1791383117.538159,391.11,yes,queue_full_evicted_by_newer_frame,,,0,,,,,never validated (dropped before inference),,,,,queue_drop_evicted,,
11606,07:44.240,1791383117.7283623,1791383117.7283623,273.37,no,,200,200,1,PitchDetectError: response held no keypoints,False,0,,no keypoints to validate,,calibration_expired,,475.43,no_keypoints,response held no keypoints,0
11611,07:44.440,1791383117.929601,1791383117.929601,405.87,yes,queue_full_evicted_by_newer_frame,,,0,,,,,never validated (dropped before inference),,,,,queue_drop_evicted,,
11616,07:44.640,1791383118.1363654,1791383118.1363654,340.45,no,,200,200,1,PitchDetectError: response held no keypoints,False,0,,no keypoints to validate,,calibration_expired,,457.01,no_keypoints,response held no keypoints,0
11621,07:44.840,1791383118.3346663,1791383118.3346663,416.47,yes,queue_full_evicted_by_newer_frame,,,0,,,,,never validated (dropped before inference),,,,,queue_drop_evicted,,
11626,07:45.040,1791383118.5382266,1791383118.5382266,396.14,no,,200,200,1,PitchDetectError: response held no keypoints,False,0,,no keypoints to validate,,calibration_expired,,483.91,no_keypoints,response held no keypoints,0
11631,07:45.240,1791383118.7512035,1791383118.7512035,407.61,yes,queue_full_evicted_by_newer_frame,,,0,,,,,never validated (dropped before inference),,,,,queue_drop_evicted,,
11636,07:45.440,1791383118.9606035,1791383118.9606035,394.84,yes,queue_full_evicted_by_newer_frame,,,0,,,,,never validated (dropped before inference),,,,,queue_drop_evicted,,
11641,07:45.640,1791383119.1592364,1791383119.1592364,259.12,no,,200,200,1,PitchDetectError: response held no keypoints,False,0,,no keypoints to validate,,calibration_expired,,454.36,no_keypoints,response held no keypoints,0
11646,07:45.840,1791383119.3556666,1791383119.3556666,382.87,yes,queue_full_evicted_by_newer_frame,,,0,,,,,never validated (dropped before inference),,,,,queue_drop_evicted,,
11651,07:46.040,1791383119.5480268,1791383119.5480268,324.14,no,,200,200,1,PitchDetectError: response held no keypoints,False,0,,no keypoints to validate,,calibration_expired,,459.66,no_keypoints,response held no keypoints,0
11656,07:46.240,1791383119.7383783,1791383119.7383783,382.45,yes,queue_full_evicted_by_newer_frame,,,0,,,,,never validated (dropped before inference),,,,,queue_drop_evicted,,
11661,07:46.440,1791383119.9286723,1791383119.9286723,375.7,yes,queue_full_evicted_by_newer_frame,,,0,,,,,never validated (dropped before inference),,,,,queue_drop_evicted,,
11666,07:46.640,1791383120.120628,1791383120.120628,211.75,no,,200,200,1,PitchDetectError: response held no keypoints,False,0,,no keypoints to validate,,calibration_expired,,447.94,no_keypoints,response held no keypoints,0
11671,07:46.840,1791383120.304704,1791383120.304704,399.46,yes,queue_full_evicted_by_newer_frame,,,0,,,,,never validated (dropped before inference),,,,,queue_drop_evicted,,
11676,07:47.040,1791383120.5107906,1791383120.5107906,267.78,no,,200,200,1,PitchDetectError: response held no keypoints,False,0,,no keypoints to validate,,calibration_expired,,442.2,no_keypoints,response held no keypoints,0
11681,07:47.240,1791383120.703618,1791383120.703618,384.91,yes,queue_full_evicted_by_newer_frame,,,0,,,,,never validated (dropped before inference),,,,,queue_drop_evicted,,
11686,07:47.440,1791383120.8999894,1791383120.8999894,322.82,no,,200,200,1,PitchDetectError: response held no keypoints,False,0,,no keypoints to validate,,calibration_expired,,461.96,no_keypoints,response held no keypoints,0
11691,07:47.640,1791383121.087563,1791383121.087563,346.07,yes,queue_full_evicted_by_newer_frame,,,0,,,,,never validated (dropped before inference),,,,,queue_drop_evicted,,
11696,07:47.840,1791383121.266926,1791383121.266926,353.61,yes,queue_full_evicted_by_newer_frame,,,0,,,,,never validated (dropped before inference),,,,,queue_drop_evicted,,
11701,07:48.040,1791383121.4347234,1791383121.4347234,250.61,no,,200,200,1,PitchDetectError: response held no keypoints,False,0,,no keypoints to validate,,calibration_expired,,471.54,no_keypoints,response held no keypoints,0
11706,07:48.240,1791383121.6209018,1791383121.6209018,364.09,yes,queue_full_evicted_by_newer_frame,,,0,,,,,never validated (dropped before inference),,,,,queue_drop_evicted,,
11711,07:48.440,1791383121.8078368,1791383121.8078368,347.35,yes,queue_full_evicted_by_newer_frame,,,0,,,,,never validated (dropped before inference),,,,,queue_drop_evicted,,
11716,07:48.640,1791383121.985234,1791383121.985234,172.55,no,,200,200,1,PitchDetectError: response held no keypoints,False,0,,no keypoints to validate,,calibration_expired,,445.85,no_keypoints,response held no keypoints,0
11721,07:48.840,1791383122.154897,1791383122.154897,359.4,yes,queue_full_evicted_by_newer_frame,,,0,,,,,never validated (dropped before inference),,,,,queue_drop_evicted,,
11726,07:49.040,1791383122.3353136,1791383122.3353136,268.17,no,,200,200,1,PitchDetectError: response held no keypoints,False,0,,no keypoints to validate,,calibration_expired,,423.46,no_keypoints,response held no keypoints,0
11731,07:49.240,1791383122.5146797,1791383122.5146797,372.44,yes,queue_full_evicted_by_newer_frame,,,0,,,,,never validated (dropped before inference),,,,,queue_drop_evicted,,
11736,07:49.440,1791383122.7045062,1791383122.7045062,319.79,no,,200,200,1,PitchDetectError: response held no keypoints,False,0,,no keypoints to validate,,calibration_expired,,457.9,no_keypoints,response held no keypoints,0
11741,07:49.640,1791383122.8867238,1791383122.8867238,394.21,yes,queue_full_evicted_by_newer_frame,,,0,,,,,never validated (dropped before inference),,,,,queue_drop_evicted,,
11746,07:49.840,1791383123.0859377,1791383123.0859377,384.24,yes,queue_full_evicted_by_newer_frame,,,0,,,,,never validated (dropped before inference),,,,,queue_drop_evicted,,
11751,07:50.040,1791383123.281422,1791383123.281422,204.08,no,,200,200,1,PitchDetectError: response held no keypoints,False,0,,no keypoints to validate,,calibration_expired,,448.06,no_keypoints,response held no keypoints,0
11756,07:50.240,1791383123.4706464,1791383123.4706464,386.23,yes,queue_full_evicted_by_newer_frame,,,0,,,,,never validated (dropped before inference),,,,,queue_drop_evicted,,
11761,07:50.440,1791383123.661561,1791383123.661561,272.53,no,,200,200,1,PitchDetectError: response held no keypoints,False,0,,no keypoints to validate,,calibration_expired,,435.0,no_keypoints,response held no keypoints,0
11766,07:50.640,1791383123.8481154,1791383123.8481154,384.62,yes,queue_full_evicted_by_newer_frame,,,0,,,,,never validated (dropped before inference),,,,,queue_drop_evicted,,
11771,07:50.840,1791383124.0503027,1791383124.0503027,318.43,no,,200,200,1,PitchDetectError: response held no keypoints,False,0,,no keypoints to validate,,calibration_expired,,432.38,no_keypoints,response held no keypoints,0
11776,07:51.040,1791383124.239174,1791383124.239174,378.15,yes,queue_full_evicted_by_newer_frame,,,0,,,,,never validated (dropped before inference),,,,,queue_drop_evicted,,
11781,07:51.240,1791383124.4320996,1791383124.4320996,368.92,no,,200,200,1,PitchDetectError: response held no keypoints,False,0,,no keypoints to validate,,calibration_expired,,436.79,no_keypoints,response held no keypoints,0
11786,07:51.440,1791383124.6195579,1791383124.6195579,391.31,yes,queue_full_evicted_by_newer_frame,,,0,,,,,never validated (dropped before inference),,,,,queue_drop_evicted,,
11791,07:51.640,1791383124.8156755,1791383124.8156755,379.13,yes,queue_full_evicted_by_newer_frame,,,0,,,,,never validated (dropped before inference),,,,,queue_drop_evicted,,
11796,07:51.840,1791383125.0112493,1791383125.0112493,227.93,no,,200,200,1,PitchDetectError: response held no keypoints,False,0,,no keypoints to validate,,calibration_expired,,441.96,no_keypoints,response held no keypoints,0
11801,07:52.040,1791383125.1946707,1791383125.1946707,372.53,yes,queue_full_evicted_by_newer_frame,,,0,,,,,never validated (dropped before inference),,,,,queue_drop_evicted,,
11806,07:52.240,1791383125.3794835,1791383125.3794835,300.79,no,,200,200,1,PitchDetectError: response held no keypoints,False,0,,no keypoints to validate,,calibration_expired,,453.84,no_keypoints,response held no keypoints,0
11811,07:52.440,1791383125.5680385,1791383125.5680385,389.19,yes,queue_full_evicted_by_newer_frame,,,0,,,,,never validated (dropped before inference),,,,,queue_drop_evicted,,
11816,07:52.640,1791383125.7613356,1791383125.7613356,373.51,no,,200,200,1,PitchDetectError: response held no keypoints,False,0,,no keypoints to validate,,calibration_expired,,470.8,no_keypoints,response held no keypoints,0
11821,07:52.840,1791383125.9568245,1791383125.9568245,395.41,yes,queue_full_evicted_by_newer_frame,,,0,,,,,never validated (dropped before inference),,,,,queue_drop_evicted,,
11826,07:53.040,1791383126.1549609,1791383126.1549609,394.24,yes,queue_full_evicted_by_newer_frame,,,0,,,,,never validated (dropped before inference),,,,,queue_drop_evicted,,
11831,07:53.240,1791383126.3502634,1791383126.3502634,253.79,no,,200,200,1,PitchDetectError: response held no keypoints,False,0,,no keypoints to validate,,calibration_expired,,479.1,no_keypoints,response held no keypoints,0
11836,07:53.440,1791383126.5489223,1791383126.5489223,401.63,yes,queue_full_evicted_by_newer_frame,,,0,,,,,never validated (dropped before inference),,,,,queue_drop_evicted,,
11841,07:53.640,1791383126.7457645,1791383126.7457645,335.76,no,,200,200,1,PitchDetectError: response held no keypoints,False,0,,no keypoints to validate,,calibration_expired,,489.39,no_keypoints,response held no keypoints,0
11846,07:53.840,1791383126.9505672,1791383126.9505672,389.76,yes,queue_full_evicted_by_newer_frame,,,0,,,,,never validated (dropped before inference),,,,,queue_drop_evicted,,
11851,07:54.040,1791383127.1440403,1791383127.1440403,395.64,yes,queue_full_evicted_by_newer_frame,,,0,,,,,never validated (dropped before inference),,,,,queue_drop_evicted,,
11856,07:54.240,1791383127.3360193,1791383127.3360193,234.57,no,,200,200,1,PitchDetectError: response held no keypoints,False,0,,no keypoints to validate,,calibration_expired,,509.99,no_keypoints,response held no keypoints,0
11861,07:54.440,1791383127.539271,1791383127.539271,363.72,yes,queue_full_evicted_by_newer_frame,,,0,,,,,never validated (dropped before inference),,,,,queue_drop_evicted,,
11866,07:54.640,1791383127.729315,1791383127.729315,355.75,no,,200,200,1,PitchDetectError: response held no keypoints,False,0,,no keypoints to validate,,calibration_expired,,442.85,no_keypoints,response held no keypoints,0
11871,07:54.840,1791383127.9035707,1791383127.9035707,353.39,yes,queue_full_evicted_by_newer_frame,,,0,,,,,never validated (dropped before inference),,,,,queue_drop_evicted,,
11876,07:55.040,1791383128.085716,1791383128.085716,329.92,yes,queue_full_evicted_by_newer_frame,,,0,,,,,never validated (dropped before inference),,,,,queue_drop_evicted,,
11881,07:55.240,1791383128.256909,1791383128.256909,271.6,no,,200,200,1,PitchDetectError: response held no keypoints,False,0,,no keypoints to validate,,calibration_expired,,515.51,no_keypoints,response held no keypoints,0
11886,07:55.440,1791383128.4193807,1791383128.4193807,344.62,yes,queue_full_evicted_by_newer_frame,,,0,,,,,never validated (dropped before inference),,,,,queue_drop_evicted,,
11891,07:55.640,1791383128.6017716,1791383128.6017716,333.24,yes,queue_full_evicted_by_newer_frame,,,0,,,,,never validated (dropped before inference),,,,,queue_drop_evicted,,
11896,07:55.840,1791383128.7644384,1791383128.7644384,279.82,no,,200,200,1,PitchDetectError: response held no keypoints,False,0,,no keypoints to validate,,calibration_expired,,428.59,no_keypoints,response held no keypoints,0
11901,07:56.040,1791383128.9350226,1791383128.9350226,354.38,yes,queue_full_evicted_by_newer_frame,,,0,,,,,never validated (dropped before inference),,,,,queue_drop_evicted,,
11906,07:56.240,1791383129.1208296,1791383129.1208296,329.67,yes,queue_full_evicted_by_newer_frame,,,0,,,,,never validated (dropped before inference),,,,,queue_drop_evicted,,
11911,07:56.440,1791383129.2894378,1791383129.2894378,183.63,no,,200,200,1,PitchDetectError: response held no keypoints,False,0,,no keypoints to validate,,calibration_expired,,433.21,no_keypoints,response held no keypoints,0
11916,07:56.640,1791383129.451022,1791383129.451022,310.24,yes,queue_full_evicted_by_newer_frame,,,0,,,,,never validated (dropped before inference),,,,,queue_drop_evicted,,
11921,07:56.840,1791383129.6002753,1791383129.6002753,305.51,no,,200,200,1,PitchDetectError: response held no keypoints,False,0,,no keypoints to validate,,calibration_expired,,436.11,no_keypoints,response held no keypoints,0
11926,07:57.040,1791383129.760549,1791383129.760549,354.63,yes,queue_full_evicted_by_newer_frame,,,0,,,,,never validated (dropped before inference),,,,,queue_drop_evicted,,
11931,07:57.240,1791383129.9440665,1791383129.9440665,398.53,no,,200,200,1,PitchDetectError: response held no keypoints,False,0,,no keypoints to validate,,calibration_expired,,444.25,no_keypoints,response held no keypoints,0
11936,07:57.440,1791383130.115471,1791383130.115471,671.53,no,,200,200,1,PitchDetectError: response held no keypoints,False,0,,no keypoints to validate,,calibration_expired,,451.31,no_keypoints,response held no keypoints,0
11941,07:57.640,1791383133.014741,1791383133.014741,0.38,no,,200,200,1,PitchDetectError: response held no keypoints,False,0,,no keypoints to validate,,calibration_expired,,435.79,no_keypoints,response held no keypoints,0
11946,07:57.840,1791383133.2400646,1791383133.2400646,218.47,no,,200,200,1,PitchDetectError: response held no keypoints,False,0,,no keypoints to validate,,calibration_expired,,448.07,no_keypoints,response held no keypoints,0
11951,07:58.040,1791383133.435565,1791383133.435565,395.27,yes,queue_full_evicted_by_newer_frame,,,0,,,,,never validated (dropped before inference),,,,,queue_drop_evicted,,
11956,07:58.240,1791383133.6125445,1791383133.6125445,285.99,no,,200,200,1,PitchDetectError: response held no keypoints,False,0,,no keypoints to validate,,calibration_expired,,669.47,no_keypoints,response held no keypoints,0
11961,07:58.440,1791383133.832101,1791383133.832101,377.48,yes,queue_full_evicted_by_newer_frame,,,0,,,,,never validated (dropped before inference),,,,,queue_drop_evicted,,
11966,07:58.640,1791383134.0155938,1791383134.0155938,423.03,yes,queue_full_evicted_by_newer_frame,,,0,,,,,never validated (dropped before inference),,,,,queue_drop_evicted,,
11971,07:58.840,1791383134.2094324,1791383134.2094324,367.54,no,,200,200,1,PitchDetectError: response held no keypoints,False,0,,no keypoints to validate,,calibration_expired,,426.51,no_keypoints,response held no keypoints,0
11976,07:59.040,1791383134.4387403,1791383134.4387403,365.45,yes,queue_full_evicted_by_newer_frame,,,0,,,,,never validated (dropped before inference),,,,,queue_drop_evicted,,
11981,07:59.240,1791383134.621344,1791383134.621344,375.48,yes,queue_full_evicted_by_newer_frame,,,0,,,,,never validated (dropped before inference),,,,,queue_drop_evicted,,
11986,07:59.440,1791383134.803958,1791383134.803958,199.46,no,,200,200,1,PitchDetectError: response held no keypoints,False,0,,no keypoints to validate,,calibration_expired,,429.83,no_keypoints,response held no keypoints,0
11991,07:59.640,1791383134.9973593,1791383134.9973593,397.3,yes,queue_full_evicted_by_newer_frame,,,0,,,,,never validated (dropped before inference),,,,,queue_drop_evicted,,
11996,07:59.840,1791383135.1864157,1791383135.1864157,240.82,no,,200,200,1,PitchDetectError: response held no keypoints,False,0,,no keypoints to validate,,calibration_expired,,426.98,no_keypoints,response held no keypoints,0
12001,08:00.040,1791383135.3948598,1791383135.3948598,407.24,yes,queue_full_evicted_by_newer_frame,,,0,,,,,never validated (dropped before inference),,,,,queue_drop_evicted,,
12006,08:00.240,1791383135.5866392,1791383135.5866392,268.69,no,,200,200,1,PitchDetectError: response held no keypoints,False,0,,no keypoints to validate,,calibration_expired,,439.51,no_keypoints,response held no keypoints,0
12011,08:00.440,1791383135.8017793,1791383135.8017793,405.93,yes,queue_full_evicted_by_newer_frame,,,0,,,,,never validated (dropped before inference),,,,,queue_drop_evicted,,
12016,08:00.640,1791383135.9988256,1791383135.9988256,300.52,no,,200,200,1,PitchDetectError: response held no keypoints,False,0,,no keypoints to validate,,calibration_expired,,480.78,no_keypoints,response held no keypoints,0
12021,08:00.840,1791383136.207193,1791383136.207193,413.15,yes,queue_full_evicted_by_newer_frame,,,0,,,,,never validated (dropped before inference),,,,,queue_drop_evicted,,
12026,08:01.040,1791383136.417523,1791383136.417523,364.42,no,,200,200,1,PitchDetectError: response held no keypoints,False,0,,no keypoints to validate,,calibration_expired,,507.33,no_keypoints,response held no keypoints,0
12031,08:01.240,1791383136.6192787,1791383136.6192787,401.54,yes,queue_full_evicted_by_newer_frame,,,0,,,,,never validated (dropped before inference),,,,,queue_drop_evicted,,
12036,08:01.440,1791383136.825125,1791383136.825125,390.12,yes,queue_full_evicted_by_newer_frame,,,0,,,,,never validated (dropped before inference),,,,,queue_drop_evicted,,
12041,08:01.640,1791383137.0222287,1791383137.0222287,268.06,no,,200,200,1,PitchDetectError: response held no keypoints,False,0,,no keypoints to validate,,calibration_expired,,454.36,no_keypoints,response held no keypoints,0
12046,08:01.840,1791383137.2159302,1791383137.2159302,388.79,yes,queue_full_evicted_by_newer_frame,,,0,,,,,never validated (dropped before inference),,,,,queue_drop_evicted,,
12051,08:02.040,1791383137.4114122,1791383137.4114122,332.93,no,,200,200,1,PitchDetectError: response held no keypoints,False,0,,no keypoints to validate,,calibration_expired,,449.83,no_keypoints,response held no keypoints,0
12056,08:02.240,1791383137.6050036,1791383137.6050036,382.66,yes,queue_full_evicted_by_newer_frame,,,0,,,,,never validated (dropped before inference),,,,,queue_drop_evicted,,
12061,08:02.440,1791383137.7992632,1791383137.7992632,374.08,yes,queue_full_evicted_by_newer_frame,,,0,,,,,never validated (dropped before inference),,,,,queue_drop_evicted,,
12066,08:02.640,1791383137.9873562,1791383137.9873562,207.96,no,,200,200,1,PitchDetectError: response held no keypoints,False,0,,no keypoints to validate,,calibration_expired,,430.56,no_keypoints,response held no keypoints,0
12071,08:02.840,1791383138.173774,1791383138.173774,452.45,no,,200,200,1,PitchDetectError: response held no keypoints,False,0,,no keypoints to validate,,calibration_expired,,432.82,no_keypoints,response held no keypoints,0
12076,08:03.040,1791383140.139627,1791383140.139627,0.28,no,,200,200,1,PitchDetectError: response held no keypoints,False,0,,no keypoints to validate,,calibration_expired,,442.53,no_keypoints,response held no keypoints,0
12081,08:03.240,1791383140.3321953,1791383140.3321953,253.07,no,,200,200,1,PitchDetectError: response held no keypoints,False,0,,no keypoints to validate,,calibration_expired,,441.04,no_keypoints,response held no keypoints,0
12086,08:03.440,1791383140.514173,1791383140.514173,352.4,yes,queue_full_evicted_by_newer_frame,,,0,,,,,never validated (dropped before inference),,,,,queue_drop_evicted,,
12091,08:03.640,1791383140.701854,1791383140.701854,325.19,no,,200,200,1,PitchDetectError: response held no keypoints,False,0,,no keypoints to validate,,calibration_expired,,443.98,no_keypoints,response held no keypoints,0
12096,08:03.840,1791383140.8682113,1791383140.8682113,368.02,yes,queue_full_evicted_by_newer_frame,,,0,,,,,never validated (dropped before inference),,,,,queue_drop_evicted,,
12101,08:04.040,1791383141.0490694,1791383141.0490694,396.1,yes,queue_full_evicted_by_newer_frame,,,0,,,,,never validated (dropped before inference),,,,,queue_drop_evicted,,
12106,08:04.240,1791383141.2367203,1791383141.2367203,235.09,no,,200,200,1,PitchDetectError: response held no keypoints,False,0,,no keypoints to validate,,calibration_expired,,448.41,no_keypoints,response held no keypoints,0
12111,08:04.440,1791383141.4480307,1791383141.4480307,349.33,yes,queue_full_evicted_by_newer_frame,,,0,,,,,never validated (dropped before inference),,,,,queue_drop_evicted,,
12116,08:04.640,1791383141.6331449,1791383141.6331449,286.67,no,,200,200,1,PitchDetectError: response held no keypoints,False,0,,no keypoints to validate,,calibration_expired,,501.21,no_keypoints,response held no keypoints,0
12121,08:04.840,1791383141.7978065,1791383141.7978065,362.42,yes,queue_full_evicted_by_newer_frame,,,0,,,,,never validated (dropped before inference),,,,,queue_drop_evicted,,
12126,08:05.040,1791383141.9732466,1791383141.9732466,362.13,yes,queue_full_evicted_by_newer_frame,,,0,,,,,never validated (dropped before inference),,,,,queue_drop_evicted,,
12131,08:05.240,1791383142.1590986,1791383142.1590986,262.08,no,,200,200,1,PitchDetectError: response held no keypoints,False,0,,no keypoints to validate,,calibration_expired,,449.63,no_keypoints,response held no keypoints,0
12136,08:05.440,1791383142.335267,1791383142.335267,363.62,yes,queue_full_evicted_by_newer_frame,,,0,,,,,never validated (dropped before inference),,,,,queue_drop_evicted,,
12141,08:05.640,1791383142.513715,1791383142.513715,357.31,no,,200,200,1,PitchDetectError: response held no keypoints,False,0,,no keypoints to validate,,calibration_expired,,451.15,no_keypoints,response held no keypoints,0
12146,08:05.840,1791383142.6993253,1791383142.6993253,407.4,yes,queue_full_evicted_by_newer_frame,,,0,,,,,never validated (dropped before inference),,,,,queue_drop_evicted,,
12151,08:06.040,1791383142.9018297,1791383142.9018297,401.9,yes,queue_full_evicted_by_newer_frame,,,0,,,,,never validated (dropped before inference),,,,,queue_drop_evicted,,
12156,08:06.240,1791383143.1070883,1791383143.1070883,216.58,no,,200,200,1,PitchDetectError: response held no keypoints,False,0,,no keypoints to validate,,calibration_expired,,444.55,no_keypoints,response held no keypoints,0
12161,08:06.440,1791383143.304392,1791383143.304392,392.48,yes,queue_full_evicted_by_newer_frame,,,0,,,,,never validated (dropped before inference),,,,,queue_drop_evicted,,
12166,08:06.640,1791383143.498949,1791383143.498949,268.54,no,,200,200,1,PitchDetectError: response held no keypoints,False,0,,no keypoints to validate,,calibration_expired,,615.95,no_keypoints,response held no keypoints,0
12171,08:06.840,1791383143.6948164,1791383143.6948164,389.12,yes,queue_full_evicted_by_newer_frame,,,0,,,,,never validated (dropped before inference),,,,,queue_drop_evicted,,
12176,08:07.040,1791383143.8896284,1791383143.8896284,394.07,yes,queue_full_evicted_by_newer_frame,,,0,,,,,never validated (dropped before inference),,,,,queue_drop_evicted,,
12181,08:07.240,1791383144.0859985,1791383144.0859985,298.74,no,,200,200,1,PitchDetectError: response held no keypoints,False,0,,no keypoints to validate,,calibration_expired,,477.38,no_keypoints,response held no keypoints,0
12186,08:07.440,1791383144.2837353,1791383144.2837353,387.96,yes,queue_full_evicted_by_newer_frame,,,0,,,,,never validated (dropped before inference),,,,,queue_drop_evicted,,
12191,08:07.640,1791383144.4793427,1791383144.4793427,380.92,no,,200,200,1,PitchDetectError: response held no keypoints,False,0,,no keypoints to validate,,calibration_expired,,435.03,no_keypoints,response held no keypoints,0
12196,08:07.840,1791383144.6714005,1791383144.6714005,397.9,yes,queue_full_evicted_by_newer_frame,,,0,,,,,never validated (dropped before inference),,,,,queue_drop_evicted,,
12201,08:08.040,1791383144.8682885,1791383144.8682885,404.11,yes,queue_full_evicted_by_newer_frame,,,0,,,,,never validated (dropped before inference),,,,,queue_drop_evicted,,
12206,08:08.240,1791383145.0693347,1791383145.0693347,227.79,no,,200,200,1,PitchDetectError: response held no keypoints,False,0,,no keypoints to validate,,calibration_expired,,487.35,no_keypoints,response held no keypoints,0
12211,08:08.440,1791383145.2722619,1791383145.2722619,425.77,yes,queue_full_evicted_by_newer_frame,,,0,,,,,never validated (dropped before inference),,,,,queue_drop_evicted,,
12216,08:08.640,1791383145.4904428,1791383145.4904428,294.18,no,,200,200,1,PitchDetectError: response held no keypoints,False,0,,no keypoints to validate,,calibration_expired,,469.57,no_keypoints,response held no keypoints,0
12221,08:08.840,1791383145.6978834,1791383145.6978834,405.53,yes,queue_full_evicted_by_newer_frame,,,0,,,,,never validated (dropped before inference),,,,,queue_drop_evicted,,
12226,08:09.040,1791383145.8983455,1791383145.8983455,356.67,no,,200,200,1,PitchDetectError: response held no keypoints,False,0,,no keypoints to validate,,calibration_expired,,473.66,no_keypoints,response held no keypoints,0
12231,08:09.240,1791383146.1034875,1791383146.1034875,410.4,yes,queue_full_evicted_by_newer_frame,,,0,,,,,never validated (dropped before inference),,,,,queue_drop_evicted,,
12236,08:09.440,1791383146.3114514,1791383146.3114514,404.94,yes,queue_full_evicted_by_newer_frame,,,0,,,,,never validated (dropped before inference),,,,,queue_drop_evicted,,
12241,08:09.640,1791383146.514242,1791383146.514242,215.18,no,,200,200,1,PitchDetectError: response held no keypoints,False,0,,no keypoints to validate,,calibration_expired,,476.01,no_keypoints,response held no keypoints,0
12246,08:09.840,1791383146.7166169,1791383146.7166169,425.46,yes,queue_full_evicted_by_newer_frame,,,0,,,,,never validated (dropped before inference),,,,,queue_drop_evicted,,
12251,08:10.040,1791383146.9384408,1791383146.9384408,266.5,no,,200,200,1,PitchDetectError: response held no keypoints,False,0,,no keypoints to validate,,calibration_expired,,487.07,no_keypoints,response held no keypoints,0
12256,08:10.240,1791383147.142149,1791383147.142149,407.15,yes,queue_full_evicted_by_newer_frame,,,0,,,,,never validated (dropped before inference),,,,,queue_drop_evicted,,
12261,08:10.440,1791383147.346886,1791383147.346886,345.69,no,,200,200,1,PitchDetectError: response held no keypoints,False,0,,no keypoints to validate,,calibration_expired,,502.12,no_keypoints,response held no keypoints,0
12266,08:10.640,1791383147.548882,1791383147.548882,395.53,yes,queue_full_evicted_by_newer_frame,,,0,,,,,never validated (dropped before inference),,,,,queue_drop_evicted,,
12271,08:10.840,1791383147.7413557,1791383147.7413557,395.51,yes,queue_full_evicted_by_newer_frame,,,0,,,,,never validated (dropped before inference),,,,,queue_drop_evicted,,
12276,08:11.040,1791383147.9439979,1791383147.9439979,250.53,no,,200,200,1,PitchDetectError: response held no keypoints,False,0,,no keypoints to validate,,calibration_expired,,511.08,no_keypoints,response held no keypoints,0
12281,08:11.240,1791383148.136953,1791383148.136953,402.59,yes,queue_full_evicted_by_newer_frame,,,0,,,,,never validated (dropped before inference),,,,,queue_drop_evicted,,
12286,08:11.440,1791383148.337349,1791383148.337349,369.49,no,,200,200,1,PitchDetectError: response held no keypoints,False,0,,no keypoints to validate,,calibration_expired,,498.4,no_keypoints,response held no keypoints,0
12291,08:11.640,1791383148.539944,1791383148.539944,400.0,yes,queue_full_evicted_by_newer_frame,,,0,,,,,never validated (dropped before inference),,,,,queue_drop_evicted,,
12296,08:11.840,1791383148.7399387,1791383148.7399387,398.23,yes,queue_full_evicted_by_newer_frame,,,0,,,,,never validated (dropped before inference),,,,,queue_drop_evicted,,
12301,08:12.040,1791383148.9314523,1791383148.9314523,265.56,no,,200,200,1,PitchDetectError: response held no keypoints,False,0,,no keypoints to validate,,calibration_expired,,479.33,no_keypoints,response held no keypoints,0
12306,08:12.240,1791383149.1380813,1791383149.1380813,367.79,yes,queue_full_evicted_by_newer_frame,,,0,,,,,never validated (dropped before inference),,,,,queue_drop_evicted,,
12311,08:12.440,1791383149.3189514,1791383149.3189514,364.09,no,,200,200,1,PitchDetectError: response held no keypoints,False,0,,no keypoints to validate,,calibration_expired,,422.88,no_keypoints,response held no keypoints,0
12316,08:12.640,1791383149.5060453,1791383149.5060453,375.48,yes,queue_full_evicted_by_newer_frame,,,0,,,,,never validated (dropped before inference),,,,,queue_drop_evicted,,
12321,08:12.840,1791383149.6922953,1791383149.6922953,378.88,yes,queue_full_evicted_by_newer_frame,,,0,,,,,never validated (dropped before inference),,,,,queue_drop_evicted,,
12326,08:13.040,1791383149.8831136,1791383149.8831136,225.35,no,,200,200,1,PitchDetectError: response held no keypoints,False,0,,no keypoints to validate,,calibration_expired,,428.61,no_keypoints,response held no keypoints,0
12331,08:13.240,1791383150.0688245,1791383150.0688245,375.25,yes,queue_full_evicted_by_newer_frame,,,0,,,,,never validated (dropped before inference),,,,,queue_drop_evicted,,
12336,08:13.440,1791383150.258782,1791383150.258782,277.87,no,,200,200,1,PitchDetectError: response held no keypoints,False,0,,no keypoints to validate,,calibration_expired,,462.04,no_keypoints,response held no keypoints,0
12341,08:13.640,1791383150.4438534,1791383150.4438534,356.39,yes,queue_full_evicted_by_newer_frame,,,0,,,,,never validated (dropped before inference),,,,,queue_drop_evicted,,
12346,08:13.840,1791383150.633534,1791383150.633534,337.23,yes,queue_full_evicted_by_newer_frame,,,0,,,,,never validated (dropped before inference),,,,,queue_drop_evicted,,
12351,08:14.040,1791383150.802959,1791383150.802959,196.54,no,,200,200,1,PitchDetectError: response held no keypoints,False,0,,no keypoints to validate,,calibration_expired,,447.27,no_keypoints,response held no keypoints,0
12356,08:14.240,1791383150.9713025,1791383150.9713025,347.65,yes,queue_full_evicted_by_newer_frame,,,0,,,,,never validated (dropped before inference),,,,,queue_drop_evicted,,
12361,08:14.440,1791383151.1517632,1791383151.1517632,292.2,no,,200,200,1,PitchDetectError: response held no keypoints,False,0,,no keypoints to validate,,calibration_expired,,843.43,no_keypoints,response held no keypoints,0
12366,08:14.640,1791383151.3183627,1791383151.3183627,351.15,yes,queue_full_evicted_by_newer_frame,,,0,,,,,never validated (dropped before inference),,,,,queue_drop_evicted,,
12371,08:14.840,1791383151.4965124,1791383151.4965124,346.41,yes,queue_full_evicted_by_newer_frame,,,0,,,,,never validated (dropped before inference),,,,,queue_drop_evicted,,
12376,08:15.040,1791383151.6699932,1791383151.6699932,346.02,yes,queue_full_evicted_by_newer_frame,,,0,,,,,never validated (dropped before inference),,,,,queue_drop_evicted,,
12381,08:15.240,1791383151.8435142,1791383151.8435142,363.63,yes,queue_full_evicted_by_newer_frame,,,0,,,,,never validated (dropped before inference),,,,,queue_drop_evicted,,
12386,08:15.440,1791383152.0130043,1791383152.0130043,273.94,no,,200,200,1,PitchDetectError: response held no keypoints,False,0,,no keypoints to validate,,calibration_expired,,557.33,no_keypoints,response held no keypoints,0
12391,08:15.640,1791383152.2071455,1791383152.2071455,367.7,yes,queue_full_evicted_by_newer_frame,,,0,,,,,never validated (dropped before inference),,,,,queue_drop_evicted,,
12396,08:15.840,1791383152.393397,1791383152.393397,357.41,yes,queue_full_evicted_by_newer_frame,,,0,,,,,never validated (dropped before inference),,,,,queue_drop_evicted,,
12401,08:16.040,1791383152.5747304,1791383152.5747304,272.95,no,,200,200,1,PitchDetectError: response held no keypoints,False,0,,no keypoints to validate,,calibration_expired,,476.24,no_keypoints,response held no keypoints,0
12406,08:16.240,1791383152.7514038,1791383152.7514038,352.74,yes,queue_full_evicted_by_newer_frame,,,0,,,,,never validated (dropped before inference),,,,,queue_drop_evicted,,
12411,08:16.440,1791383152.9334433,1791383152.9334433,347.77,yes,queue_full_evicted_by_newer_frame,,,0,,,,,never validated (dropped before inference),,,,,queue_drop_evicted,,
12416,08:16.640,1791383153.1033142,1791383153.1033142,219.88,no,,200,200,1,PitchDetectError: response held no keypoints,False,0,,no keypoints to validate,,calibration_expired,,447.83,no_keypoints,response held no keypoints,0
12421,08:16.840,1791383153.2819877,1791383153.2819877,348.99,yes,queue_full_evicted_by_newer_frame,,,0,,,,,never validated (dropped before inference),,,,,queue_drop_evicted,,
12426,08:17.040,1791383153.4571157,1791383153.4571157,313.79,no,,200,200,1,PitchDetectError: response held no keypoints,False,0,,no keypoints to validate,,calibration_expired,,463.7,no_keypoints,response held no keypoints,0
12431,08:17.240,1791383153.6307085,1791383153.6307085,349.84,yes,queue_full_evicted_by_newer_frame,,,0,,,,,never validated (dropped before inference),,,,,queue_drop_evicted,,
12436,08:17.440,1791383153.8067548,1791383153.8067548,340.24,yes,queue_full_evicted_by_newer_frame,,,0,,,,,never validated (dropped before inference),,,,,queue_drop_evicted,,
12441,08:17.640,1791383153.9778614,1791383153.9778614,255.55,no,,200,200,1,PitchDetectError: response held no keypoints,False,0,,no keypoints to validate,,calibration_expired,,430.04,no_keypoints,response held no keypoints,0
12446,08:17.840,1791383154.1469462,1791383154.1469462,347.01,yes,queue_full_evicted_by_newer_frame,,,0,,,,,never validated (dropped before inference),,,,,queue_drop_evicted,,
12451,08:18.040,1791383154.3179955,1791383154.3179955,345.71,no,,200,200,1,PitchDetectError: response held no keypoints,False,0,,no keypoints to validate,,calibration_expired,,456.07,no_keypoints,response held no keypoints,0
12456,08:18.240,1791383154.491123,1791383154.491123,359.43,yes,queue_full_evicted_by_newer_frame,,,0,,,,,never validated (dropped before inference),,,,,queue_drop_evicted,,
12461,08:18.440,1791383154.6696029,1791383154.6696029,363.44,yes,queue_full_evicted_by_newer_frame,,,0,,,,,never validated (dropped before inference),,,,,queue_drop_evicted,,
12466,08:18.640,1791383154.853193,1791383154.853193,269.32,no,,200,200,1,,True,4,0.6396,refused: keypoint_hull_too_small,keypoint_hull_too_small,calibration_expired,no,476.7,refused,,1
12471,08:18.840,1791383155.0331078,1791383155.0331078,354.87,yes,queue_full_evicted_by_newer_frame,,,0,,,,,never validated (dropped before inference),,,,,queue_drop_evicted,,
12476,08:19.040,1791383155.2113,1791383155.2113,354.76,yes,queue_full_evicted_by_newer_frame,,,0,,,,,never validated (dropped before inference),,,,,queue_drop_evicted,,
12481,08:19.240,1791383155.388491,1791383155.388491,211.78,no,,200,200,1,PitchDetectError: response held no keypoints,False,0,,no keypoints to validate,,calibration_expired,,456.71,no_keypoints,response held no keypoints,0
12486,08:19.440,1791383155.5653858,1791383155.5653858,386.79,yes,queue_full_evicted_by_newer_frame,,,0,,,,,never validated (dropped before inference),,,,,queue_drop_evicted,,
12491,08:19.640,1791383155.754128,1791383155.754128,302.5,no,,200,200,1,,True,4,0.6173,refused: keypoint_hull_too_small,keypoint_hull_too_small,calibration_expired,no,453.27,refused,,1
12496,08:19.840,1791383155.9522548,1791383155.9522548,387.83,yes,queue_full_evicted_by_newer_frame,,,0,,,,,never validated (dropped before inference),,,,,queue_drop_evicted,,
12501,08:20.040,1791383156.1566908,1791383156.1566908,353.08,no,,200,200,1,PitchDetectError: response held no keypoints,False,0,,no keypoints to validate,,calibration_expired,,409.53,no_keypoints,response held no keypoints,0
12506,08:20.240,1791383156.3401308,1791383156.3401308,380.81,yes,queue_full_evicted_by_newer_frame,,,0,,,,,never validated (dropped before inference),,,,,queue_drop_evicted,,
12511,08:20.440,1791383156.5306492,1791383156.5306492,386.47,yes,queue_full_evicted_by_newer_frame,,,0,,,,,never validated (dropped before inference),,,,,queue_drop_evicted,,
12516,08:20.640,1791383156.7201982,1791383156.7201982,199.04,no,,200,200,1,PitchDetectError: response held no keypoints,False,0,,no keypoints to validate,,calibration_expired,,426.82,no_keypoints,response held no keypoints,0
12521,08:20.840,1791383156.9154744,1791383156.9154744,389.92,yes,queue_full_evicted_by_newer_frame,,,0,,,,,never validated (dropped before inference),,,,,queue_drop_evicted,,
12526,08:21.040,1791383157.1137402,1791383157.1137402,232.88,no,,200,200,1,PitchDetectError: response held no keypoints,False,0,,no keypoints to validate,,calibration_expired,,442.25,no_keypoints,response held no keypoints,0
12531,08:21.240,1791383157.303831,1791383157.303831,388.01,yes,queue_full_evicted_by_newer_frame,,,0,,,,,never validated (dropped before inference),,,,,queue_drop_evicted,,
12536,08:21.440,1791383157.506346,1791383157.506346,282.53,no,,200,200,1,PitchDetectError: response held no keypoints,False,0,,no keypoints to validate,,calibration_expired,,450.0,no_keypoints,response held no keypoints,0
12541,08:21.640,1791383157.695057,1791383157.695057,383.06,yes,queue_full_evicted_by_newer_frame,,,0,,,,,never validated (dropped before inference),,,,,queue_drop_evicted,,
12546,08:21.840,1791383157.88741,1791383157.88741,350.76,no,,200,200,1,PitchDetectError: response held no keypoints,False,0,,no keypoints to validate,,calibration_expired,,434.52,no_keypoints,response held no keypoints,0
12551,08:22.040,1791383158.078427,1791383158.078427,391.02,yes,queue_full_evicted_by_newer_frame,,,0,,,,,never validated (dropped before inference),,,,,queue_drop_evicted,,
12556,08:22.240,1791383158.2781622,1791383158.2781622,382.6,yes,queue_full_evicted_by_newer_frame,,,0,,,,,never validated (dropped before inference),,,,,queue_drop_evicted,,
12561,08:22.440,1791383158.4698117,1791383158.4698117,205.3,no,,200,200,1,PitchDetectError: response held no keypoints,False,0,,no keypoints to validate,,calibration_expired,,422.26,no_keypoints,response held no keypoints,0
12566,08:22.640,1791383158.6612136,1791383158.6612136,374.02,yes,queue_full_evicted_by_newer_frame,,,0,,,,,never validated (dropped before inference),,,,,queue_drop_evicted,,
12571,08:22.840,1791383158.851563,1791383158.851563,245.8,no,,200,200,1,PitchDetectError: response held no keypoints,False,0,,no keypoints to validate,,calibration_expired,,423.93,no_keypoints,response held no keypoints,0
12576,08:23.040,1791383159.0351806,1791383159.0351806,391.79,yes,queue_full_evicted_by_newer_frame,,,0,,,,,never validated (dropped before inference),,,,,queue_drop_evicted,,
12581,08:23.240,1791383159.2225802,1791383159.2225802,298.92,no,,200,200,1,PitchDetectError: response held no keypoints,False,0,,no keypoints to validate,,calibration_expired,,447.58,no_keypoints,response held no keypoints,0
12586,08:23.440,1791383159.4270232,1791383159.4270232,370.67,yes,queue_full_evicted_by_newer_frame,,,0,,,,,never validated (dropped before inference),,,,,queue_drop_evicted,,
12591,08:23.640,1791383159.618346,1791383159.618346,350.42,no,,200,200,1,PitchDetectError: response held no keypoints,False,0,,no keypoints to validate,,calibration_expired,,444.94,no_keypoints,response held no keypoints,0
12596,08:23.840,1791383159.797941,1791383159.797941,344.7,yes,queue_full_evicted_by_newer_frame,,,0,,,,,never validated (dropped before inference),,,,,queue_drop_evicted,,
12601,08:24.040,1791383159.9703028,1791383159.9703028,337.69,yes,queue_full_evicted_by_newer_frame,,,0,,,,,never validated (dropped before inference),,,,,queue_drop_evicted,,
12606,08:24.240,1791383160.142297,1791383160.142297,272.02,no,,200,200,1,PitchDetectError: response held no keypoints,False,0,,no keypoints to validate,,calibration_expired,,439.93,no_keypoints,response held no keypoints,0
12611,08:24.440,1791383160.308404,1791383160.308404,339.11,yes,queue_full_evicted_by_newer_frame,,,0,,,,,never validated (dropped before inference),,,,,queue_drop_evicted,,
12616,08:24.640,1791383160.4844677,1791383160.4844677,328.16,yes,queue_full_evicted_by_newer_frame,,,0,,,,,never validated (dropped before inference),,,,,queue_drop_evicted,,
12621,08:24.840,1791383160.6467316,1791383160.6467316,207.51,no,,200,200,1,PitchDetectError: response held no keypoints,False,0,,no keypoints to validate,,calibration_expired,,459.97,no_keypoints,response held no keypoints,0
12626,08:25.040,1791383160.813628,1791383160.813628,318.88,yes,queue_full_evicted_by_newer_frame,,,0,,,,,never validated (dropped before inference),,,,,queue_drop_evicted,,
12631,08:25.240,1791383160.963372,1791383160.963372,330.04,yes,queue_full_evicted_by_newer_frame,,,0,,,,,never validated (dropped before inference),,,,,queue_drop_evicted,,
12636,08:25.440,1791383161.1323845,1791383161.1323845,182.86,no,,200,200,1,PitchDetectError: response held no keypoints,False,0,,no keypoints to validate,,calibration_expired,,420.03,no_keypoints,response held no keypoints,0
12641,08:25.640,1791383161.293623,1791383161.293623,346.75,yes,queue_full_evicted_by_newer_frame,,,0,,,,,never validated (dropped before inference),,,,,queue_drop_evicted,,
12646,08:25.840,1791383161.4694955,1791383161.4694955,265.77,no,,200,200,1,PitchDetectError: response held no keypoints,False,0,,no keypoints to validate,,calibration_expired,,434.72,no_keypoints,response held no keypoints,0
12651,08:26.040,1791383161.6408105,1791383161.6408105,325.96,yes,queue_full_evicted_by_newer_frame,,,0,,,,,never validated (dropped before inference),,,,,queue_drop_evicted,,
12656,08:26.240,1791383161.8101592,1791383161.8101592,323.04,yes,queue_full_evicted_by_newer_frame,,,0,,,,,never validated (dropped before inference),,,,,queue_drop_evicted,,
12661,08:26.440,1791383161.9671023,1791383161.9671023,203.53,no,,200,200,1,PitchDetectError: response held no keypoints,False,0,,no keypoints to validate,,calibration_expired,,422.42,no_keypoints,response held no keypoints,0
12666,08:26.640,1791383162.1351976,1791383162.1351976,341.43,yes,queue_full_evicted_by_newer_frame,,,0,,,,,never validated (dropped before inference),,,,,queue_drop_evicted,,
12671,08:26.840,1791383162.2905755,1791383162.2905755,295.92,no,,200,200,1,PitchDetectError: response held no keypoints,False,0,,no keypoints to validate,,calibration_expired,,435.48,no_keypoints,response held no keypoints,0
12676,08:27.040,1791383162.476254,1791383162.476254,354.74,yes,queue_full_evicted_by_newer_frame,,,0,,,,,never validated (dropped before inference),,,,,queue_drop_evicted,,
12681,08:27.240,1791383162.6576157,1791383162.6576157,370.57,no,,200,200,1,PitchDetectError: response held no keypoints,False,0,,no keypoints to validate,,calibration_expired,,423.5,no_keypoints,response held no keypoints,0
12686,08:27.440,1791383162.8311481,1791383162.8311481,392.06,yes,queue_full_evicted_by_newer_frame,,,0,,,,,never validated (dropped before inference),,,,,queue_drop_evicted,,
12691,08:27.640,1791383163.0435328,1791383163.0435328,345.62,yes,queue_full_evicted_by_newer_frame,,,0,,,,,never validated (dropped before inference),,,,,queue_drop_evicted,,
12696,08:27.840,1791383163.2228985,1791383163.2228985,228.97,no,,200,200,1,PitchDetectError: response held no keypoints,False,0,,no keypoints to validate,,calibration_expired,,442.95,no_keypoints,response held no keypoints,0
12701,08:28.040,1791383163.3898787,1791383163.3898787,359.05,yes,queue_full_evicted_by_newer_frame,,,0,,,,,never validated (dropped before inference),,,,,queue_drop_evicted,,
12706,08:28.240,1791383163.5729547,1791383163.5729547,322.35,no,,200,200,1,PitchDetectError: response held no keypoints,False,0,,no keypoints to validate,,calibration_expired,,430.27,no_keypoints,response held no keypoints,0
12711,08:28.440,1791383163.7477176,1791383163.7477176,344.1,yes,queue_full_evicted_by_newer_frame,,,0,,,,,never validated (dropped before inference),,,,,queue_drop_evicted,,
12716,08:28.640,1791383163.9149044,1791383163.9149044,348.02,yes,queue_full_evicted_by_newer_frame,,,0,,,,,never validated (dropped before inference),,,,,queue_drop_evicted,,
12721,08:28.840,1791383164.0928206,1791383164.0928206,232.98,no,,200,200,1,PitchDetectError: response held no keypoints,False,0,,no keypoints to validate,,calibration_expired,,720.25,no_keypoints,response held no keypoints,0
12726,08:29.040,1791383164.2646716,1791383164.2646716,371.14,yes,queue_full_evicted_by_newer_frame,,,0,,,,,never validated (dropped before inference),,,,,queue_drop_evicted,,
12731,08:29.240,1791383164.4515862,1791383164.4515862,370.54,yes,queue_full_evicted_by_newer_frame,,,0,,,,,never validated (dropped before inference),,,,,queue_drop_evicted,,
12736,08:29.440,1791383164.635569,1791383164.635569,400.53,yes,queue_full_evicted_by_newer_frame,,,0,,,,,never validated (dropped before inference),,,,,queue_drop_evicted,,
12741,08:29.640,1791383164.8221362,1791383164.8221362,224.54,no,,200,200,1,PitchDetectError: response held no keypoints,False,0,,no keypoints to validate,,calibration_expired,,472.74,no_keypoints,response held no keypoints,0
12746,08:29.840,1791383165.0361729,1791383165.0361729,411.13,yes,queue_full_evicted_by_newer_frame,,,0,,,,,never validated (dropped before inference),,,,,queue_drop_evicted,,
12751,08:30.040,1791383165.2469993,1791383165.2469993,272.29,no,,200,200,1,PitchDetectError: response held no keypoints,False,0,,no keypoints to validate,,calibration_expired,,457.4,no_keypoints,response held no keypoints,0
12756,08:30.240,1791383165.447349,1791383165.447349,387.34,yes,queue_full_evicted_by_newer_frame,,,0,,,,,never validated (dropped before inference),,,,,queue_drop_evicted,,
12761,08:30.440,1791383165.6416879,1791383165.6416879,335.48,no,,200,200,1,PitchDetectError: response held no keypoints,False,0,,no keypoints to validate,,calibration_expired,,470.99,no_keypoints,response held no keypoints,0
12766,08:30.640,1791383165.8346972,1791383165.8346972,378.44,yes,queue_full_evicted_by_newer_frame,,,0,,,,,never validated (dropped before inference),,,,,queue_drop_evicted,,
12771,08:30.840,1791383166.0252793,1791383166.0252793,379.3,yes,queue_full_evicted_by_newer_frame,,,0,,,,,never validated (dropped before inference),,,,,queue_drop_evicted,,
12776,08:31.040,1791383166.2121396,1791383166.2121396,235.59,no,,200,200,1,PitchDetectError: response held no keypoints,False,0,,no keypoints to validate,,calibration_expired,,477.34,no_keypoints,response held no keypoints,0
12781,08:31.240,1791383166.4040365,1791383166.4040365,420.14,yes,queue_full_evicted_by_newer_frame,,,0,,,,,never validated (dropped before inference),,,,,queue_drop_evicted,,
12786,08:31.440,1791383166.6330492,1791383166.6330492,292.35,no,,200,200,1,PitchDetectError: response held no keypoints,False,0,,no keypoints to validate,,calibration_expired,,467.22,no_keypoints,response held no keypoints,0
12791,08:31.640,1791383166.8249223,1791383166.8249223,382.58,yes,queue_full_evicted_by_newer_frame,,,0,,,,,never validated (dropped before inference),,,,,queue_drop_evicted,,
12796,08:31.840,1791383167.0134428,1791383167.0134428,379.56,no,,200,200,1,PitchDetectError: response held no keypoints,False,0,,no keypoints to validate,,calibration_expired,,1317.26,no_keypoints,response held no keypoints,0
12801,08:32.040,1791383167.2074773,1791383167.2074773,382.68,yes,queue_full_evicted_by_newer_frame,,,0,,,,,never validated (dropped before inference),,,,,queue_drop_evicted,,
12806,08:32.240,1791383167.4008775,1791383167.4008775,377.95,yes,queue_full_evicted_by_newer_frame,,,0,,,,,never validated (dropped before inference),,,,,queue_drop_evicted,,
12811,08:32.440,1791383167.5895221,1791383167.5895221,375.56,yes,queue_full_evicted_by_newer_frame,,,0,,,,,never validated (dropped before inference),,,,,queue_drop_evicted,,
12816,08:32.640,1791383167.778875,1791383167.778875,379.06,yes,queue_full_evicted_by_newer_frame,,,0,,,,,never validated (dropped before inference),,,,,queue_drop_evicted,,
12821,08:32.840,1791383167.9656684,1791383167.9656684,382.41,yes,queue_full_evicted_by_newer_frame,,,0,,,,,never validated (dropped before inference),,,,,queue_drop_evicted,,
12826,08:33.040,1791383168.1562548,1791383168.1562548,383.14,yes,queue_full_evicted_by_newer_frame,,,0,,,,,never validated (dropped before inference),,,,,queue_drop_evicted,,
12831,08:33.240,1791383168.3475766,1791383168.3475766,363.14,no,,200,200,1,PitchDetectError: response held no keypoints,False,0,,no keypoints to validate,,calibration_expired,,614.86,no_keypoints,response held no keypoints,0
12836,08:33.440,1791383168.5406492,1791383168.5406492,375.78,yes,queue_full_evicted_by_newer_frame,,,0,,,,,never validated (dropped before inference),,,,,queue_drop_evicted,,
12841,08:33.640,1791383168.7304091,1791383168.7304091,363.58,yes,queue_full_evicted_by_newer_frame,,,0,,,,,never validated (dropped before inference),,,,,queue_drop_evicted,,
12846,08:33.840,1791383168.91306,1791383168.91306,355.83,yes,queue_full_evicted_by_newer_frame,,,0,,,,,never validated (dropped before inference),,,,,queue_drop_evicted,,
12851,08:34.040,1791383169.0937853,1791383169.0937853,232.05,no,,200,200,1,PitchDetectError: response held no keypoints,False,0,,no keypoints to validate,,calibration_expired,,504.45,no_keypoints,response held no keypoints,0
12856,08:34.240,1791383169.2727983,1791383169.2727983,361.39,yes,queue_full_evicted_by_newer_frame,,,0,,,,,never validated (dropped before inference),,,,,queue_drop_evicted,,
12861,08:34.440,1791383169.464217,1791383169.464217,339.84,yes,queue_full_evicted_by_newer_frame,,,0,,,,,never validated (dropped before inference),,,,,queue_drop_evicted,,
12866,08:34.640,1791383169.6343422,1791383169.6343422,196.46,no,,200,200,1,PitchDetectError: response held no keypoints,False,0,,no keypoints to validate,,calibration_expired,,464.16,no_keypoints,response held no keypoints,0
12871,08:34.840,1791383169.8042977,1791383169.8042977,362.81,yes,queue_full_evicted_by_newer_frame,,,0,,,,,never validated (dropped before inference),,,,,queue_drop_evicted,,
12876,08:35.040,1791383169.983489,1791383169.983489,309.32,no,,200,200,1,PitchDetectError: response held no keypoints,False,0,,no keypoints to validate,,calibration_expired,,465.62,no_keypoints,response held no keypoints,0
12881,08:35.240,1791383170.1667924,1791383170.1667924,359.62,yes,queue_full_evicted_by_newer_frame,,,0,,,,,never validated (dropped before inference),,,,,queue_drop_evicted,,
12886,08:35.440,1791383170.3438017,1791383170.3438017,361.47,yes,queue_full_evicted_by_newer_frame,,,0,,,,,never validated (dropped before inference),,,,,queue_drop_evicted,,
12891,08:35.640,1791383170.5258493,1791383170.5258493,234.47,no,,200,200,1,PitchDetectError: response held no keypoints,False,0,,no keypoints to validate,,calibration_expired,,447.33,no_keypoints,response held no keypoints,0
12896,08:35.840,1791383170.7071872,1791383170.7071872,381.59,yes,queue_full_evicted_by_newer_frame,,,0,,,,,never validated (dropped before inference),,,,,queue_drop_evicted,,
12901,08:36.040,1791383170.8891637,1791383170.8891637,318.85,no,,200,200,1,PitchDetectError: response held no keypoints,False,0,,no keypoints to validate,,calibration_expired,,472.46,no_keypoints,response held no keypoints,0
12906,08:36.240,1791383171.085311,1791383171.085311,388.76,yes,queue_full_evicted_by_newer_frame,,,0,,,,,never validated (dropped before inference),,,,,queue_drop_evicted,,
12911,08:36.440,1791383171.2864506,1791383171.2864506,384.24,yes,queue_full_evicted_by_newer_frame,,,0,,,,,never validated (dropped before inference),,,,,queue_drop_evicted,,
12916,08:36.640,1791383171.475713,1791383171.475713,203.38,no,,200,200,1,PitchDetectError: response held no keypoints,False,0,,no keypoints to validate,,calibration_expired,,442.68,no_keypoints,response held no keypoints,0
12921,08:36.840,1791383171.6705608,1791383171.6705608,382.18,yes,queue_full_evicted_by_newer_frame,,,0,,,,,never validated (dropped before inference),,,,,queue_drop_evicted,,
12926,08:37.040,1791383171.8545861,1791383171.8545861,267.41,no,,200,200,1,PitchDetectError: response held no keypoints,False,0,,no keypoints to validate,,calibration_expired,,467.92,no_keypoints,response held no keypoints,0
12931,08:37.240,1791383172.0532732,1791383172.0532732,406.49,yes,queue_full_evicted_by_newer_frame,,,0,,,,,never validated (dropped before inference),,,,,queue_drop_evicted,,
12936,08:37.440,1791383172.2434812,1791383172.2434812,347.83,no,,200,200,1,PitchDetectError: response held no keypoints,False,0,,no keypoints to validate,,calibration_expired,,524.3,no_keypoints,response held no keypoints,0
12941,08:37.640,1791383172.458982,1791383172.458982,394.08,yes,queue_full_evicted_by_newer_frame,,,0,,,,,never validated (dropped before inference),,,,,queue_drop_evicted,,
12946,08:37.840,1791383172.6509485,1791383172.6509485,401.82,yes,queue_full_evicted_by_newer_frame,,,0,,,,,never validated (dropped before inference),,,,,queue_drop_evicted,,
12951,08:38.040,1791383172.853746,1791383172.853746,263.02,no,,200,200,1,PitchDetectError: response held no keypoints,False,0,,no keypoints to validate,,calibration_expired,,451.16,no_keypoints,response held no keypoints,0
12956,08:38.240,1791383173.0526416,1791383173.0526416,398.72,yes,queue_full_evicted_by_newer_frame,,,0,,,,,never validated (dropped before inference),,,,,queue_drop_evicted,,
12961,08:38.440,1791383173.256147,1791383173.256147,311.83,no,,200,200,1,PitchDetectError: response held no keypoints,False,0,,no keypoints to validate,,calibration_expired,,458.18,no_keypoints,response held no keypoints,0
12966,08:38.640,1791383173.4516432,1791383173.4516432,382.6,yes,queue_full_evicted_by_newer_frame,,,0,,,,,never validated (dropped before inference),,,,,queue_drop_evicted,,
12971,08:38.840,1791383173.6443129,1791383173.6443129,374.39,yes,queue_full_evicted_by_newer_frame,,,0,,,,,never validated (dropped before inference),,,,,queue_drop_evicted,,
12976,08:39.040,1791383173.8334668,1791383173.8334668,192.31,no,,200,200,1,PitchDetectError: response held no keypoints,False,0,,no keypoints to validate,,calibration_expired,,465.98,no_keypoints,response held no keypoints,0
12981,08:39.240,1791383174.018745,1791383174.018745,377.31,yes,queue_full_evicted_by_newer_frame,,,0,,,,,never validated (dropped before inference),,,,,queue_drop_evicted,,
12986,08:39.440,1791383174.2043,1791383174.2043,284.44,no,,200,200,1,PitchDetectError: response held no keypoints,False,0,,no keypoints to validate,,calibration_expired,,424.78,no_keypoints,response held no keypoints,0
12991,08:39.640,1791383174.3958626,1791383174.3958626,394.44,yes,queue_full_evicted_by_newer_frame,,,0,,,,,never validated (dropped before inference),,,,,queue_drop_evicted,,
12996,08:39.840,1791383174.5896223,1791383174.5896223,326.45,no,,200,200,1,PitchDetectError: response held no keypoints,False,0,,no keypoints to validate,,calibration_expired,,480.16,no_keypoints,response held no keypoints,0
13001,08:40.040,1791383174.7879503,1791383174.7879503,400.14,yes,queue_full_evicted_by_newer_frame,,,0,,,,,never validated (dropped before inference),,,,,queue_drop_evicted,,
13006,08:40.240,1791383174.9903016,1791383174.9903016,386.36,yes,queue_full_evicted_by_newer_frame,,,0,,,,,never validated (dropped before inference),,,,,queue_drop_evicted,,
13011,08:40.440,1791383175.1909254,1791383175.1909254,207.12,no,,200,200,1,PitchDetectError: response held no keypoints,False,0,,no keypoints to validate,,calibration_expired,,470.24,no_keypoints,response held no keypoints,0
13016,08:40.640,1791383175.3773568,1791383175.3773568,383.69,yes,queue_full_evicted_by_newer_frame,,,0,,,,,never validated (dropped before inference),,,,,queue_drop_evicted,,
13021,08:40.840,1791383175.571679,1791383175.571679,296.28,no,,200,200,1,PitchDetectError: response held no keypoints,False,0,,no keypoints to validate,,calibration_expired,,475.03,no_keypoints,response held no keypoints,0
13026,08:41.040,1791383175.7602158,1791383175.7602158,371.46,yes,queue_full_evicted_by_newer_frame,,,0,,,,,never validated (dropped before inference),,,,,queue_drop_evicted,,
13031,08:41.240,1791383175.947747,1791383175.947747,366.85,yes,queue_full_evicted_by_newer_frame,,,0,,,,,never validated (dropped before inference),,,,,queue_drop_evicted,,
13036,08:41.440,1791383176.13266,1791383176.13266,210.61,no,,200,200,1,PitchDetectError: response held no keypoints,False,0,,no keypoints to validate,,calibration_expired,,460.44,no_keypoints,response held no keypoints,0
13041,08:41.640,1791383176.3154025,1791383176.3154025,351.41,yes,queue_full_evicted_by_newer_frame,,,0,,,,,never validated (dropped before inference),,,,,queue_drop_evicted,,
13046,08:41.840,1791383176.4949481,1791383176.4949481,309.47,no,,200,200,1,PitchDetectError: response held no keypoints,False,0,,no keypoints to validate,,calibration_expired,,465.76,no_keypoints,response held no keypoints,0
13051,08:42.040,1791383176.667616,1791383176.667616,345.12,yes,queue_full_evicted_by_newer_frame,,,0,,,,,never validated (dropped before inference),,,,,queue_drop_evicted,,
13056,08:42.240,1791383176.830666,1791383176.830666,356.35,yes,queue_full_evicted_by_newer_frame,,,0,,,,,never validated (dropped before inference),,,,,queue_drop_evicted,,
13061,08:42.440,1791383177.010151,1791383177.010151,258.09,no,,200,200,1,PitchDetectError: response held no keypoints,False,0,,no keypoints to validate,,calibration_expired,,437.13,no_keypoints,response held no keypoints,0
13066,08:42.640,1791383177.187562,1791383177.187562,346.84,yes,queue_full_evicted_by_newer_frame,,,0,,,,,never validated (dropped before inference),,,,,queue_drop_evicted,,
13071,08:42.840,1791383177.3677135,1791383177.3677135,317.63,yes,queue_full_evicted_by_newer_frame,,,0,,,,,never validated (dropped before inference),,,,,queue_drop_evicted,,
13076,08:43.040,1791383177.5343173,1791383177.5343173,173.2,no,,200,200,1,PitchDetectError: response held no keypoints,False,0,,no keypoints to validate,,calibration_expired,,446.0,no_keypoints,response held no keypoints,0
13081,08:43.240,1791383177.6822596,1791383177.6822596,355.1,yes,queue_full_evicted_by_newer_frame,,,0,,,,,never validated (dropped before inference),,,,,queue_drop_evicted,,
13086,08:43.440,1791383177.862986,1791383177.862986,290.68,no,,200,200,1,PitchDetectError: response held no keypoints,False,0,,no keypoints to validate,,calibration_expired,,422.37,no_keypoints,response held no keypoints,0
13091,08:43.640,1791383178.040447,1791383178.040447,352.53,yes,queue_full_evicted_by_newer_frame,,,0,,,,,never validated (dropped before inference),,,,,queue_drop_evicted,,
13096,08:43.840,1791383178.2193427,1791383178.2193427,355.7,no,,200,200,1,PitchDetectError: response held no keypoints,False,0,,no keypoints to validate,,calibration_expired,,431.58,no_keypoints,response held no keypoints,0
13101,08:44.040,1791383178.3934577,1791383178.3934577,354.56,yes,queue_full_evicted_by_newer_frame,,,0,,,,,never validated (dropped before inference),,,,,queue_drop_evicted,,
13106,08:44.240,1791383178.577054,1791383178.577054,333.6,yes,queue_full_evicted_by_newer_frame,,,0,,,,,never validated (dropped before inference),,,,,queue_drop_evicted,,
13111,08:44.440,1791383178.7483582,1791383178.7483582,260.3,no,,200,200,1,PitchDetectError: response held no keypoints,False,0,,no keypoints to validate,,calibration_expired,,430.82,no_keypoints,response held no keypoints,0
13116,08:44.640,1791383178.9102132,1791383178.9102132,350.15,yes,queue_full_evicted_by_newer_frame,,,0,,,,,never validated (dropped before inference),,,,,queue_drop_evicted,,
13121,08:44.840,1791383179.0896497,1791383179.0896497,349.69,no,,200,200,1,PitchDetectError: response held no keypoints,False,0,,no keypoints to validate,,calibration_expired,,609.19,no_keypoints,response held no keypoints,0
13126,08:45.040,1791383179.2601738,1791383179.2601738,357.84,yes,queue_full_evicted_by_newer_frame,,,0,,,,,never validated (dropped before inference),,,,,queue_drop_evicted,,
13131,08:45.240,1791383179.4398031,1791383179.4398031,350.08,yes,queue_full_evicted_by_newer_frame,,,0,,,,,never validated (dropped before inference),,,,,queue_drop_evicted,,
13136,08:45.440,1791383179.6185315,1791383179.6185315,345.63,yes,queue_full_evicted_by_newer_frame,,,0,,,,,never validated (dropped before inference),,,,,queue_drop_evicted,,
13141,08:45.640,1791383179.790154,1791383179.790154,259.23,no,,200,200,1,PitchDetectError: response held no keypoints,False,0,,no keypoints to validate,,calibration_expired,,484.23,no_keypoints,response held no keypoints,0
13146,08:45.840,1791383179.9638677,1791383179.9638677,357.48,yes,queue_full_evicted_by_newer_frame,,,0,,,,,never validated (dropped before inference),,,,,queue_drop_evicted,,
13151,08:46.040,1791383180.147442,1791383180.147442,334.32,yes,queue_full_evicted_by_newer_frame,,,0,,,,,never validated (dropped before inference),,,,,queue_drop_evicted,,
13156,08:46.240,1791383180.3218474,1791383180.3218474,212.19,no,,200,200,1,PitchDetectError: response held no keypoints,False,0,,no keypoints to validate,,calibration_expired,,416.37,no_keypoints,response held no keypoints,0
13161,08:46.440,1791383180.4814386,1791383180.4814386,336.31,yes,queue_full_evicted_by_newer_frame,,,0,,,,,never validated (dropped before inference),,,,,queue_drop_evicted,,
13166,08:46.640,1791383180.6495895,1791383180.6495895,300.29,no,,200,200,1,PitchDetectError: response held no keypoints,False,0,,no keypoints to validate,,calibration_expired,,448.0,no_keypoints,response held no keypoints,0
13171,08:46.840,1791383180.814377,1791383180.814377,340.01,yes,queue_full_evicted_by_newer_frame,,,0,,,,,never validated (dropped before inference),,,,,queue_drop_evicted,,
13176,08:47.040,1791383180.9812243,1791383180.9812243,351.79,yes,queue_full_evicted_by_newer_frame,,,0,,,,,never validated (dropped before inference),,,,,queue_drop_evicted,,
13181,08:47.240,1791383181.1542182,1791383181.1542182,241.01,no,,200,200,1,PitchDetectError: response held no keypoints,False,0,,no keypoints to validate,,calibration_expired,,453.8,no_keypoints,response held no keypoints,0
13186,08:47.440,1791383181.3334055,1791383181.3334055,382.48,yes,queue_full_evicted_by_newer_frame,,,0,,,,,never validated (dropped before inference),,,,,queue_drop_evicted,,
13191,08:47.640,1791383181.5220706,1791383181.5220706,330.78,no,,200,200,1,PitchDetectError: response held no keypoints,False,0,,no keypoints to validate,,calibration_expired,,452.66,no_keypoints,response held no keypoints,0
13196,08:47.840,1791383181.7150922,1791383181.7150922,403.5,yes,queue_full_evicted_by_newer_frame,,,0,,,,,never validated (dropped before inference),,,,,queue_drop_evicted,,
13201,08:48.040,1791383181.9190805,1791383181.9190805,387.04,no,,200,200,1,PitchDetectError: response held no keypoints,False,0,,no keypoints to validate,,calibration_expired,,468.23,no_keypoints,response held no keypoints,0
13206,08:48.240,1791383182.1190948,1791383182.1190948,380.71,yes,queue_full_evicted_by_newer_frame,,,0,,,,,never validated (dropped before inference),,,,,queue_drop_evicted,,
13211,08:48.440,1791383182.3134832,1791383182.3134832,373.93,yes,queue_full_evicted_by_newer_frame,,,0,,,,,never validated (dropped before inference),,,,,queue_drop_evicted,,
13216,08:48.640,1791383182.4999478,1791383182.4999478,274.12,no,,200,200,1,PitchDetectError: response held no keypoints,False,0,,no keypoints to validate,,calibration_expired,,501.19,no_keypoints,response held no keypoints,0
13221,08:48.840,1791383182.6876693,1791383182.6876693,377.98,yes,queue_full_evicted_by_newer_frame,,,0,,,,,never validated (dropped before inference),,,,,queue_drop_evicted,,
13226,08:49.040,1791383182.8748996,1791383182.8748996,380.52,yes,queue_full_evicted_by_newer_frame,,,0,,,,,never validated (dropped before inference),,,,,queue_drop_evicted,,
13231,08:49.240,1791383183.0657957,1791383183.0657957,210.49,no,,200,200,1,PitchDetectError: response held no keypoints,False,0,,no keypoints to validate,,calibration_expired,,476.93,no_keypoints,response held no keypoints,0
13236,08:49.440,1791383183.251363,1791383183.251363,370.77,yes,queue_full_evicted_by_newer_frame,,,0,,,,,never validated (dropped before inference),,,,,queue_drop_evicted,,
13241,08:49.640,1791383183.436323,1791383183.436323,315.99,no,,200,200,1,PitchDetectError: response held no keypoints,False,0,,no keypoints to validate,,calibration_expired,,483.25,no_keypoints,response held no keypoints,0
13246,08:49.840,1791383183.626487,1791383183.626487,368.48,yes,queue_full_evicted_by_newer_frame,,,0,,,,,never validated (dropped before inference),,,,,queue_drop_evicted,,
13251,08:50.040,1791383183.8112314,1791383183.8112314,364.91,yes,queue_full_evicted_by_newer_frame,,,0,,,,,never validated (dropped before inference),,,,,queue_drop_evicted,,
13256,08:50.240,1791383183.9948084,1791383183.9948084,241.97,no,,200,200,1,PitchDetectError: response held no keypoints,False,0,,no keypoints to validate,,calibration_expired,,466.33,no_keypoints,response held no keypoints,0
13261,08:50.440,1791383184.176385,1791383184.176385,367.58,yes,queue_full_evicted_by_newer_frame,,,0,,,,,never validated (dropped before inference),,,,,queue_drop_evicted,,
13266,08:50.640,1791383184.3626869,1791383184.3626869,340.18,no,,200,200,1,PitchDetectError: response held no keypoints,False,0,,no keypoints to validate,,calibration_expired,,474.66,no_keypoints,response held no keypoints,0
13271,08:50.840,1791383184.5426328,1791383184.5426328,345.54,yes,queue_full_evicted_by_newer_frame,,,0,,,,,never validated (dropped before inference),,,,,queue_drop_evicted,,
13276,08:51.040,1791383184.7118971,1791383184.7118971,353.14,yes,queue_full_evicted_by_newer_frame,,,0,,,,,never validated (dropped before inference),,,,,queue_drop_evicted,,
13281,08:51.240,1791383184.8885427,1791383184.8885427,288.91,no,,200,200,1,PitchDetectError: response held no keypoints,False,0,,no keypoints to validate,,calibration_expired,,449.38,no_keypoints,response held no keypoints,0
13286,08:51.440,1791383185.0645645,1791383185.0645645,339.81,yes,queue_full_evicted_by_newer_frame,,,0,,,,,never validated (dropped before inference),,,,,queue_drop_evicted,,
13291,08:51.640,1791383185.235955,1791383185.235955,348.2,yes,queue_full_evicted_by_newer_frame,,,0,,,,,never validated (dropped before inference),,,,,queue_drop_evicted,,
13296,08:51.840,1791383185.4045727,1791383185.4045727,222.88,no,,200,200,1,PitchDetectError: response held no keypoints,False,0,,no keypoints to validate,,calibration_expired,,469.97,no_keypoints,response held no keypoints,0
13301,08:52.040,1791383185.5845659,1791383185.5845659,356.33,yes,queue_full_evicted_by_newer_frame,,,0,,,,,never validated (dropped before inference),,,,,queue_drop_evicted,,
13306,08:52.240,1791383185.755414,1791383185.755414,342.01,no,,200,200,1,PitchDetectError: response held no keypoints,False,0,,no keypoints to validate,,calibration_expired,,471.61,no_keypoints,response held no keypoints,0
13311,08:52.440,1791383185.9400196,1791383185.9400196,353.07,yes,queue_full_evicted_by_newer_frame,,,0,,,,,never validated (dropped before inference),,,,,queue_drop_evicted,,
13316,08:52.640,1791383186.117606,1791383186.117606,358.61,yes,queue_full_evicted_by_newer_frame,,,0,,,,,never validated (dropped before inference),,,,,queue_drop_evicted,,
13321,08:52.840,1791383186.2927406,1791383186.2927406,275.94,no,,200,200,1,PitchDetectError: response held no keypoints,False,0,,no keypoints to validate,,calibration_expired,,473.31,no_keypoints,response held no keypoints,0
13326,08:53.040,1791383186.4766357,1791383186.4766357,366.77,yes,queue_full_evicted_by_newer_frame,,,0,,,,,never validated (dropped before inference),,,,,queue_drop_evicted,,
13331,08:53.240,1791383186.6591566,1791383186.6591566,364.84,yes,queue_full_evicted_by_newer_frame,,,0,,,,,never validated (dropped before inference),,,,,queue_drop_evicted,,
13336,08:53.440,1791383186.8425484,1791383186.8425484,199.98,no,,200,200,1,PitchDetectError: response held no keypoints,False,0,,no keypoints to validate,,calibration_expired,,477.14,no_keypoints,response held no keypoints,0
13341,08:53.640,1791383187.0242798,1791383187.0242798,362.87,yes,queue_full_evicted_by_newer_frame,,,0,,,,,never validated (dropped before inference),,,,,queue_drop_evicted,,
13346,08:53.840,1791383187.212533,1791383187.212533,306.49,no,,200,200,1,PitchDetectError: response held no keypoints,False,0,,no keypoints to validate,,calibration_expired,,509.07,no_keypoints,response held no keypoints,0
13351,08:54.040,1791383187.3871434,1791383187.3871434,373.78,yes,queue_full_evicted_by_newer_frame,,,0,,,,,never validated (dropped before inference),,,,,queue_drop_evicted,,
13356,08:54.240,1791383187.5835955,1791383187.5835955,359.07,yes,queue_full_evicted_by_newer_frame,,,0,,,,,never validated (dropped before inference),,,,,queue_drop_evicted,,
13361,08:54.440,1791383187.7601907,1791383187.7601907,268.45,no,,200,200,1,PitchDetectError: response held no keypoints,False,0,,no keypoints to validate,,calibration_expired,,496.9,no_keypoints,response held no keypoints,0
13366,08:54.640,1791383187.9426925,1791383187.9426925,355.89,yes,queue_full_evicted_by_newer_frame,,,0,,,,,never validated (dropped before inference),,,,,queue_drop_evicted,,
13371,08:54.840,1791383188.1283338,1791383188.1283338,350.94,yes,queue_full_evicted_by_newer_frame,,,0,,,,,never validated (dropped before inference),,,,,queue_drop_evicted,,
13376,08:55.040,1791383188.2989311,1791383188.2989311,227.99,no,,200,200,1,PitchDetectError: response held no keypoints,False,0,,no keypoints to validate,,calibration_expired,,467.32,no_keypoints,response held no keypoints,0
13381,08:55.240,1791383188.4795072,1791383188.4795072,375.1,yes,queue_full_evicted_by_newer_frame,,,0,,,,,never validated (dropped before inference),,,,,queue_drop_evicted,,
13386,08:55.440,1791383188.6679037,1791383188.6679037,326.53,no,,200,200,1,PitchDetectError: response held no keypoints,False,0,,no keypoints to validate,,calibration_expired,,476.95,no_keypoints,response held no keypoints,0
13391,08:55.640,1791383188.8479986,1791383188.8479986,439.22,yes,queue_full_evicted_by_newer_frame,,,0,,,,,never validated (dropped before inference),,,,,queue_drop_evicted,,
13396,08:55.840,1791383189.0812829,1791383189.0812829,390.16,no,,200,200,1,PitchDetectError: response held no keypoints,False,0,,no keypoints to validate,,calibration_expired,,491.25,no_keypoints,response held no keypoints,0
13401,08:56.040,1791383189.2937198,1791383189.2937198,412.48,yes,queue_full_evicted_by_newer_frame,,,0,,,,,never validated (dropped before inference),,,,,queue_drop_evicted,,
13406,08:56.240,1791383189.494582,1791383189.494582,413.21,yes,queue_full_evicted_by_newer_frame,,,0,,,,,never validated (dropped before inference),,,,,queue_drop_evicted,,
13411,08:56.440,1791383189.7062643,1791383189.7062643,256.84,no,,200,200,1,PitchDetectError: response held no keypoints,False,0,,no keypoints to validate,,calibration_expired,,489.23,no_keypoints,response held no keypoints,0
13416,08:56.640,1791383189.9107509,1791383189.9107509,396.09,yes,queue_full_evicted_by_newer_frame,,,0,,,,,never validated (dropped before inference),,,,,queue_drop_evicted,,
13421,08:56.840,1791383190.1100016,1791383190.1100016,342.48,no,,200,200,1,PitchDetectError: response held no keypoints,False,0,,no keypoints to validate,,calibration_expired,,490.39,no_keypoints,response held no keypoints,0
13426,08:57.040,1791383190.3060496,1791383190.3060496,401.75,yes,queue_full_evicted_by_newer_frame,,,0,,,,,never validated (dropped before inference),,,,,queue_drop_evicted,,
13431,08:57.240,1791383190.509739,1791383190.509739,398.17,yes,queue_full_evicted_by_newer_frame,,,0,,,,,never validated (dropped before inference),,,,,queue_drop_evicted,,
13436,08:57.440,1791383190.7080553,1791383190.7080553,235.04,no,,200,200,1,PitchDetectError: response held no keypoints,False,0,,no keypoints to validate,,calibration_expired,,645.07,no_keypoints,response held no keypoints,0
13441,08:57.640,1791383190.9073744,1791383190.9073744,388.93,yes,queue_full_evicted_by_newer_frame,,,0,,,,,never validated (dropped before inference),,,,,queue_drop_evicted,,
13446,08:57.840,1791383191.1046116,1791383191.1046116,387.46,yes,queue_full_evicted_by_newer_frame,,,0,,,,,never validated (dropped before inference),,,,,queue_drop_evicted,,
13451,08:58.040,1791383191.2962377,1791383191.2962377,291.76,no,,200,200,1,PitchDetectError: response held no keypoints,False,0,,no keypoints to validate,,calibration_expired,,488.21,no_keypoints,response held no keypoints,0
13456,08:58.240,1791383191.4932811,1791383191.4932811,400.96,yes,queue_full_evicted_by_newer_frame,,,0,,,,,never validated (dropped before inference),,,,,queue_drop_evicted,,
13461,08:58.440,1791383191.694607,1791383191.694607,380.72,no,,200,200,1,PitchDetectError: response held no keypoints,False,0,,no keypoints to validate,,calibration_expired,,497.69,no_keypoints,response held no keypoints,0
13466,08:58.640,1791383191.894902,1791383191.894902,405.56,yes,queue_full_evicted_by_newer_frame,,,0,,,,,never validated (dropped before inference),,,,,queue_drop_evicted,,
13471,08:58.840,1791383192.0973475,1791383192.0973475,408.85,yes,queue_full_evicted_by_newer_frame,,,0,,,,,never validated (dropped before inference),,,,,queue_drop_evicted,,
13476,08:59.040,1791383192.298862,1791383192.298862,273.86,no,,200,200,1,PitchDetectError: response held no keypoints,False,0,,no keypoints to validate,,calibration_expired,,524.46,no_keypoints,response held no keypoints,0
13481,08:59.240,1791383192.5065255,1791383192.5065255,409.07,yes,queue_full_evicted_by_newer_frame,,,0,,,,,never validated (dropped before inference),,,,,queue_drop_evicted,,
13486,08:59.440,1791383192.7102733,1791383192.7102733,388.84,no,,200,200,1,PitchDetectError: response held no keypoints,False,0,,no keypoints to validate,,calibration_expired,,749.12,no_keypoints,response held no keypoints,0
13491,08:59.640,1791383192.9111922,1791383192.9111922,450.53,yes,queue_full_evicted_by_newer_frame,,,0,,,,,never validated (dropped before inference),,,,,queue_drop_evicted,,
13496,08:59.840,1791383193.1661518,1791383193.1661518,403.33,yes,queue_full_evicted_by_newer_frame,,,0,,,,,never validated (dropped before inference),,,,,queue_drop_evicted,,
13501,09:00.040,1791383193.3661134,1791383193.3661134,408.72,yes,queue_full_evicted_by_newer_frame,,,0,,,,,never validated (dropped before inference),,,,,queue_drop_evicted,,
13506,09:00.240,1791383193.5693836,1791383193.5693836,279.54,no,,200,200,1,PitchDetectError: response held no keypoints,False,0,,no keypoints to validate,,calibration_expired,,519.99,no_keypoints,response held no keypoints,0
13511,09:00.440,1791383193.7749343,1791383193.7749343,452.76,yes,queue_full_evicted_by_newer_frame,,,0,,,,,never validated (dropped before inference),,,,,queue_drop_evicted,,
13516,09:00.640,1791383194.0006435,1791383194.0006435,367.97,no,,200,200,1,PitchDetectError: response held no keypoints,False,0,,no keypoints to validate,,calibration_expired,,540.05,no_keypoints,response held no keypoints,0
13521,09:00.840,1791383194.2274442,1791383194.2274442,415.14,yes,queue_full_evicted_by_newer_frame,,,0,,,,,never validated (dropped before inference),,,,,queue_drop_evicted,,
13526,09:01.040,1791383194.432499,1791383194.432499,413.22,yes,queue_full_evicted_by_newer_frame,,,0,,,,,never validated (dropped before inference),,,,,queue_drop_evicted,,
13531,09:01.240,1791383194.6430173,1791383194.6430173,266.63,no,,200,200,1,PitchDetectError: response held no keypoints,False,0,,no keypoints to validate,,calibration_expired,,546.2,no_keypoints,response held no keypoints,0
13536,09:01.440,1791383194.847494,1791383194.847494,419.23,yes,queue_full_evicted_by_newer_frame,,,0,,,,,never validated (dropped before inference),,,,,queue_drop_evicted,,
13541,09:01.640,1791383195.074546,1791383195.074546,381.46,no,,200,200,1,PitchDetectError: response held no keypoints,False,0,,no keypoints to validate,,calibration_expired,,516.75,no_keypoints,response held no keypoints,0
13546,09:01.840,1791383195.2663937,1791383195.2663937,392.45,yes,queue_full_evicted_by_newer_frame,,,0,,,,,never validated (dropped before inference),,,,,queue_drop_evicted,,
13551,09:02.040,1791383195.4655128,1791383195.4655128,404.1,yes,queue_full_evicted_by_newer_frame,,,0,,,,,never validated (dropped before inference),,,,,queue_drop_evicted,,
13556,09:02.240,1791383195.6592433,1791383195.6592433,314.34,no,,200,200,1,PitchDetectError: response held no keypoints,False,0,,no keypoints to validate,,calibration_expired,,494.81,no_keypoints,response held no keypoints,0
13561,09:02.440,1791383195.8699892,1791383195.8699892,598.77,no,,200,200,1,PitchDetectError: response held no keypoints,False,0,,no keypoints to validate,,calibration_expired,,504.58,no_keypoints,response held no keypoints,0
